ISO-10303-21;
HEADER;
/****************************************************************
 * Generated by software with PDElib inside                    *
 * PDElib Version v51a, created Tue 11/30/2010                  *
 * ITI Transcendata (http://www.transcendata.com/)              *
 ****************************************************************/
FILE_DESCRIPTION((''),'2;1');
FILE_NAME('P:\\E-Switch Secure\\3D_MODELS_STP_FORMAT\\RRG311xxx00.stp','2017-09-25T15:54:05',('mroman'),(''),'Autodesk Inventor 2012','Autodesk Inventor 2012','');
FILE_SCHEMA(('CONFIG_CONTROL_DESIGN'));
ENDSEC;
DATA;
#5=APPLICATION_CONTEXT('configuration controlled 3D designs of mechanical parts and assemblies');
#6=APPLICATION_PROTOCOL_DEFINITION('International Standard','ap203_configuration_controlled_3d_design_of_mechanical_parts_and_assemblies_mim_lf',2004,#5);
#7=PRODUCT_CONTEXT('',#5,'mechanical');
#8=PRODUCT('RRG311xxx00','RRG311xxx00',$,(#7));
#9=PRODUCT_RELATED_PRODUCT_CATEGORY('part',$,(#8));
#10=PRODUCT_DEFINITION_FORMATION('',$,#8);
#11=PRODUCT_DEFINITION_CONTEXT('part definition',#5,'design');
#12=PRODUCT_DEFINITION('',$,#10,#11);
#18=(NAMED_UNIT(*)PLANE_ANGLE_UNIT()SI_UNIT($,.RADIAN.));
#19=DIMENSIONAL_EXPONENTS(0.0,0.0,0.0,0.0,0.0,0.0,0.0);
#20=PLANE_ANGLE_MEASURE_WITH_UNIT(PLANE_ANGLE_MEASURE(0.0174532925),#18);
#24=(CONVERSION_BASED_UNIT('DEGREE',#20)NAMED_UNIT(#19)PLANE_ANGLE_UNIT());
#28=(NAMED_UNIT(*)SI_UNIT($,.STERADIAN.)SOLID_ANGLE_UNIT());
#32=(LENGTH_UNIT()NAMED_UNIT(*)SI_UNIT(.MILLI.,.METRE.));
#34=UNCERTAINTY_MEASURE_WITH_UNIT(LENGTH_MEASURE(0.01),#32,'DISTANCE_ACCURACY_VALUE','');
#36=(GEOMETRIC_REPRESENTATION_CONTEXT(3)GLOBAL_UNCERTAINTY_ASSIGNED_CONTEXT((#34))GLOBAL_UNIT_ASSIGNED_CONTEXT((#24,#28,#32))REPRESENTATION_CONTEXT('None','None'));
#37=AXIS2_PLACEMENT_3D('',#38,#39,#40);
#38=CARTESIAN_POINT('',(0.0,0.0,0.0));
#39=DIRECTION('',(0.0,0.0,1.0));
#40=DIRECTION('',(1.0,0.0,0.0));
#41=SHAPE_REPRESENTATION('',(#37),#36);
#42=PRODUCT_DEFINITION_SHAPE('','',#12);
#43=SHAPE_DEFINITION_REPRESENTATION(#42,#41);
#49=(NAMED_UNIT(*)PLANE_ANGLE_UNIT()SI_UNIT($,.RADIAN.));
#50=DIMENSIONAL_EXPONENTS(0.0,0.0,0.0,0.0,0.0,0.0,0.0);
#51=PLANE_ANGLE_MEASURE_WITH_UNIT(PLANE_ANGLE_MEASURE(0.0174532925),#49);
#55=(CONVERSION_BASED_UNIT('DEGREE',#51)NAMED_UNIT(#50)PLANE_ANGLE_UNIT());
#59=(NAMED_UNIT(*)SI_UNIT($,.STERADIAN.)SOLID_ANGLE_UNIT());
#63=(LENGTH_UNIT()NAMED_UNIT(*)SI_UNIT(.MILLI.,.METRE.));
#65=UNCERTAINTY_MEASURE_WITH_UNIT(LENGTH_MEASURE(0.000001),#63,'DISTANCE_ACCURACY_VALUE','');
#67=(GEOMETRIC_REPRESENTATION_CONTEXT(3)GLOBAL_UNCERTAINTY_ASSIGNED_CONTEXT((#65))GLOBAL_UNIT_ASSIGNED_CONTEXT((#55,#59,#63))REPRESENTATION_CONTEXT('','3D'));
#68=CARTESIAN_POINT('',(-7.499999999999996,3.868229300237864,-7.560000000000011));
#69=DIRECTION('',(-1.0,0.0,0.0));
#70=DIRECTION('',(0.0,0.0,1.0));
#71=AXIS2_PLACEMENT_3D('',#68,#69,#70);
#72=PLANE('',#71);
#73=CARTESIAN_POINT('',(-7.499999999999996,-2.000000000000001,0.0));
#74=VERTEX_POINT('',#73);
#75=CARTESIAN_POINT('',(-7.499999999999996,-3.149999999999999,0.0));
#76=VERTEX_POINT('',#75);
#77=CARTESIAN_POINT('',(-7.499999999999996,-2.000000000000001,0.0));
#78=DIRECTION('',(0.0,-1.0,0.0));
#79=VECTOR('',#78,1.149999999999998);
#80=LINE('',#77,#79);
#81=EDGE_CURVE('',#74,#76,#80,.T.);
#82=ORIENTED_EDGE('',*,*,#81,.F.);
#83=CARTESIAN_POINT('',(-7.499999999999996,-2.000000000000001,-0.999999999999988));
#84=VERTEX_POINT('',#83);
#85=CARTESIAN_POINT('',(-7.499999999999996,-2.000000000000001,0.0));
#86=DIRECTION('',(0.0,0.0,-1.0));
#87=VECTOR('',#86,0.999999999999988);
#88=LINE('',#85,#87);
#89=EDGE_CURVE('',#74,#84,#88,.T.);
#90=ORIENTED_EDGE('',*,*,#89,.T.);
#91=CARTESIAN_POINT('',(-7.499999999999996,2.000000000000001,-0.999999999999988));
#92=VERTEX_POINT('',#91);
#93=CARTESIAN_POINT('',(-7.499999999999996,-2.000000000000001,-0.999999999999988));
#94=DIRECTION('',(0.0,1.0,0.0));
#95=VECTOR('',#94,4.000000000000002);
#96=LINE('',#93,#95);
#97=EDGE_CURVE('',#84,#92,#96,.T.);
#98=ORIENTED_EDGE('',*,*,#97,.T.);
#99=CARTESIAN_POINT('',(-7.499999999999996,2.000000000000001,0.0));
#100=VERTEX_POINT('',#99);
#101=CARTESIAN_POINT('',(-7.499999999999996,2.000000000000001,0.0));
#102=DIRECTION('',(0.0,0.0,-1.0));
#103=VECTOR('',#102,0.999999999999988);
#104=LINE('',#101,#103);
#105=EDGE_CURVE('',#100,#92,#104,.T.);
#106=ORIENTED_EDGE('',*,*,#105,.F.);
#107=CARTESIAN_POINT('',(-7.499999999999996,3.149999999999999,5.874931E-017));
#108=VERTEX_POINT('',#107);
#109=CARTESIAN_POINT('',(-7.499999999999996,3.149999999999999,0.0));
#110=DIRECTION('',(0.0,-1.0,0.0));
#111=VECTOR('',#110,1.149999999999998);
#112=LINE('',#109,#111);
#113=EDGE_CURVE('',#108,#100,#112,.T.);
#114=ORIENTED_EDGE('',*,*,#113,.F.);
#115=CARTESIAN_POINT('',(-7.499999999999996,3.460746845700542,-0.310746845700544));
#116=VERTEX_POINT('',#115);
#117=CARTESIAN_POINT('',(-7.499999999999996,3.460746845700542,-0.310746845700544));
#118=DIRECTION('',(0.0,-0.707106781186546,0.707106781186549));
#119=VECTOR('',#118,0.439462403654369);
#120=LINE('',#117,#119);
#121=EDGE_CURVE('',#116,#108,#120,.T.);
#122=ORIENTED_EDGE('',*,*,#121,.F.);
#123=CARTESIAN_POINT('',(-7.499999999999996,3.352233188715108,-0.635458931031819));
#124=VERTEX_POINT('',#123);
#125=CARTESIAN_POINT('',(-7.499999999999996,3.325467312811128,-0.446026378589934));
#126=DIRECTION('',(1.0,0.0,0.0));
#127=DIRECTION('',(0.0,0.707106781186553,0.707106781186542));
#128=AXIS2_PLACEMENT_3D('',#125,#126,#127);
#129=CIRCLE('',#128,0.19131415012369);
#130=EDGE_CURVE('',#124,#116,#129,.T.);
#131=ORIENTED_EDGE('',*,*,#130,.F.);
#132=CARTESIAN_POINT('',(-7.499999999999996,2.657616210965177,-0.340592465032732));
#133=VERTEX_POINT('',#132);
#134=CARTESIAN_POINT('',(-7.499999999999996,2.657616210965177,-0.340592465032732));
#135=DIRECTION('',(0.0,0.920495772451846,-0.390752521294847));
#136=VECTOR('',#135,0.754611806526534);
#137=LINE('',#134,#136);
#138=EDGE_CURVE('',#133,#124,#137,.T.);
#139=ORIENTED_EDGE('',*,*,#138,.F.);
#140=CARTESIAN_POINT('',(-7.499999999999996,2.657616210965177,-1.8031467921133));
#141=VERTEX_POINT('',#140);
#142=CARTESIAN_POINT('',(-7.499999999999996,2.657616210965177,-1.8031467921133));
#143=DIRECTION('',(0.0,0.0,1.0));
#144=VECTOR('',#143,1.462554327080568);
#145=LINE('',#142,#144);
#146=EDGE_CURVE('',#141,#133,#145,.T.);
#147=ORIENTED_EDGE('',*,*,#146,.F.);
#148=CARTESIAN_POINT('',(-7.499999999999996,2.400000000000001,-1.8031467921133));
#149=VERTEX_POINT('',#148);
#150=CARTESIAN_POINT('',(-7.499999999999996,2.400000000000001,-1.8031467921133));
#151=DIRECTION('',(0.0,1.0,0.0));
#152=VECTOR('',#151,0.257616210965176);
#153=LINE('',#150,#152);
#154=EDGE_CURVE('',#149,#141,#153,.T.);
#155=ORIENTED_EDGE('',*,*,#154,.F.);
#156=CARTESIAN_POINT('',(-7.499999999999996,2.400000000000001,-7.200000000000005));
#157=VERTEX_POINT('',#156);
#158=CARTESIAN_POINT('',(-7.499999999999996,2.400000000000001,-7.200000000000005));
#159=DIRECTION('',(0.0,0.0,1.0));
#160=VECTOR('',#159,5.396853207886705);
#161=LINE('',#158,#160);
#162=EDGE_CURVE('',#157,#149,#161,.T.);
#163=ORIENTED_EDGE('',*,*,#162,.F.);
#164=CARTESIAN_POINT('',(-7.499999999999996,-2.400000000000001,-7.200000000000005));
#165=VERTEX_POINT('',#164);
#166=CARTESIAN_POINT('',(-7.499999999999996,2.400000000000001,-7.200000000000005));
#167=DIRECTION('',(0.0,-1.0,0.0));
#168=VECTOR('',#167,4.800000000000003);
#169=LINE('',#166,#168);
#170=EDGE_CURVE('',#157,#165,#169,.T.);
#171=ORIENTED_EDGE('',*,*,#170,.T.);
#172=CARTESIAN_POINT('',(-7.499999999999996,-2.400000000000001,-1.799999999999988));
#173=VERTEX_POINT('',#172);
#174=CARTESIAN_POINT('',(-7.499999999999996,-2.400000000000001,-1.799999999999988));
#175=DIRECTION('',(0.0,0.0,-1.0));
#176=VECTOR('',#175,5.400000000000016);
#177=LINE('',#174,#176);
#178=EDGE_CURVE('',#173,#165,#177,.T.);
#179=ORIENTED_EDGE('',*,*,#178,.F.);
#180=CARTESIAN_POINT('',(-7.499999999999996,-2.657616210965203,-1.799999999999988));
#181=VERTEX_POINT('',#180);
#182=CARTESIAN_POINT('',(-7.499999999999996,-2.657616210965203,-1.799999999999988));
#183=DIRECTION('',(0.0,1.0,0.0));
#184=VECTOR('',#183,0.257616210965202);
#185=LINE('',#182,#184);
#186=EDGE_CURVE('',#181,#173,#185,.T.);
#187=ORIENTED_EDGE('',*,*,#186,.F.);
#188=CARTESIAN_POINT('',(-7.499999999999996,-2.657616210965203,-0.340592465032707));
#189=VERTEX_POINT('',#188);
#190=CARTESIAN_POINT('',(-7.499999999999996,-2.657616210965203,-0.340592465032707));
#191=DIRECTION('',(0.0,0.0,-1.0));
#192=VECTOR('',#191,1.459407534967282);
#193=LINE('',#190,#192);
#194=EDGE_CURVE('',#189,#181,#193,.T.);
#195=ORIENTED_EDGE('',*,*,#194,.F.);
#196=CARTESIAN_POINT('',(-7.499999999999996,-3.352233188715133,-0.635458931031819));
#197=VERTEX_POINT('',#196);
#198=CARTESIAN_POINT('',(-7.499999999999996,-3.352233188715133,-0.635458931031819));
#199=DIRECTION('',(0.0,0.920495772451847,0.390752521294844));
#200=VECTOR('',#199,0.754611806526543);
#201=LINE('',#198,#200);
#202=EDGE_CURVE('',#197,#189,#201,.T.);
#203=ORIENTED_EDGE('',*,*,#202,.F.);
#204=CARTESIAN_POINT('',(-7.499999999999996,-3.460746845700542,-0.310746845700519));
#205=VERTEX_POINT('',#204);
#206=CARTESIAN_POINT('',(-7.499999999999996,-3.325467312811128,-0.446026378589934));
#207=DIRECTION('',(1.0,0.0,0.0));
#208=DIRECTION('',(0.0,-0.139905364483998,-0.990164879698629));
#209=AXIS2_PLACEMENT_3D('',#206,#207,#208);
#210=CIRCLE('',#209,0.19131415012369);
#211=EDGE_CURVE('',#205,#197,#210,.T.);
#212=ORIENTED_EDGE('',*,*,#211,.F.);
#213=CARTESIAN_POINT('',(-7.499999999999996,-3.149999999999999,0.0));
#214=DIRECTION('',(0.0,-0.707106781186551,-0.707106781186544));
#215=VECTOR('',#214,0.439462403654351);
#216=LINE('',#213,#215);
#217=EDGE_CURVE('',#76,#205,#216,.T.);
#218=ORIENTED_EDGE('',*,*,#217,.F.);
#219=EDGE_LOOP('',(#82,#90,#98,#106,#114,#122,#131,#139,#147,#155,#163,#171,#179,#187,#195,#203,#212,#218));
#220=FACE_OUTER_BOUND('',#219,.T.);
#221=CARTESIAN_POINT('',(-7.499999999999996,-0.8,-4.900000000000008));
#222=VERTEX_POINT('',#221);
#223=CARTESIAN_POINT('',(-7.499999999999996,0.0,-4.900000000000008));
#224=DIRECTION('',(1.0,0.0,0.0));
#225=DIRECTION('',(0.0,1.0,0.0));
#226=AXIS2_PLACEMENT_3D('',#223,#224,#225);
#227=CIRCLE('',#226,0.8);
#228=EDGE_CURVE('',#222,#222,#227,.T.);
#229=ORIENTED_EDGE('',*,*,#228,.T.);
#230=EDGE_LOOP('',(#229));
#231=FACE_BOUND('',#230,.T.);
#232=ADVANCED_FACE('',(#220,#231),#72,.T.);
#233=CARTESIAN_POINT('',(-7.272370538620817,-2.640000000000006,-8.249999999999995));
#234=DIRECTION('',(0.977298196118405,0.0,0.211868439989799));
#235=DIRECTION('',(0.211868439989799,0.0,-0.977298196118405));
#236=AXIS2_PLACEMENT_3D('',#233,#234,#235);
#237=PLANE('',#236);
#238=CARTESIAN_POINT('',(-7.283210036781731,1.400000000000014,-8.199999999999992));
#239=VERTEX_POINT('',#238);
#240=CARTESIAN_POINT('',(-7.283210036781731,1.400000000000014,-8.199999999999992));
#241=DIRECTION('',(-0.151523667803854,0.698942264459397,0.698942264459402));
#242=VECTOR('',#241,1.430733339288676);
#243=LINE('',#240,#242);
#244=EDGE_CURVE('',#239,#157,#243,.T.);
#245=ORIENTED_EDGE('',*,*,#244,.F.);
#246=CARTESIAN_POINT('',(-7.283210036781731,-1.399999999999988,-8.199999999999992));
#247=VERTEX_POINT('',#246);
#248=CARTESIAN_POINT('',(-7.283210036781731,-1.399999999999988,-8.199999999999992));
#249=DIRECTION('',(0.0,1.0,0.0));
#250=VECTOR('',#249,2.800000000000002);
#251=LINE('',#248,#250);
#252=EDGE_CURVE('',#247,#239,#251,.T.);
#253=ORIENTED_EDGE('',*,*,#252,.F.);
#254=CARTESIAN_POINT('',(-7.499999999999996,-2.400000000000001,-7.200000000000005));
#255=DIRECTION('',(0.151523667803856,0.698942264459402,-0.698942264459398));
#256=VECTOR('',#255,1.430733339288693);
#257=LINE('',#254,#256);
#258=EDGE_CURVE('',#165,#247,#257,.T.);
#259=ORIENTED_EDGE('',*,*,#258,.F.);
#260=ORIENTED_EDGE('',*,*,#170,.F.);
#261=EDGE_LOOP('',(#245,#253,#259,#260));
#262=FACE_OUTER_BOUND('',#261,.T.);
#263=ADVANCED_FACE('',(#262),#237,.F.);
#264=CARTESIAN_POINT('',(-6.927629461379203,2.640000000000006,-8.249999999999995));
#265=DIRECTION('',(-0.977298196118405,0.0,0.211868439989799));
#266=DIRECTION('',(0.211868439989799,0.0,0.977298196118405));
#267=AXIS2_PLACEMENT_3D('',#264,#265,#266);
#268=PLANE('',#267);
#269=CARTESIAN_POINT('',(-6.916789963218287,-1.399999999999988,-8.199999999999992));
#270=VERTEX_POINT('',#269);
#271=CARTESIAN_POINT('',(-6.699999999999998,-2.400000000000001,-7.200000000000005));
#272=VERTEX_POINT('',#271);
#273=CARTESIAN_POINT('',(-6.916789963218287,-1.399999999999988,-8.199999999999992));
#274=DIRECTION('',(0.151523667803853,-0.698942264459401,0.698942264459399));
#275=VECTOR('',#274,1.430733339288698);
#276=LINE('',#273,#275);
#277=EDGE_CURVE('',#270,#272,#276,.T.);
#278=ORIENTED_EDGE('',*,*,#277,.F.);
#279=CARTESIAN_POINT('',(-6.916789963218287,1.400000000000014,-8.199999999999992));
#280=VERTEX_POINT('',#279);
#281=CARTESIAN_POINT('',(-6.916789963218287,1.400000000000014,-8.199999999999992));
#282=DIRECTION('',(0.0,-1.0,0.0));
#283=VECTOR('',#282,2.800000000000002);
#284=LINE('',#281,#283);
#285=EDGE_CURVE('',#280,#270,#284,.T.);
#286=ORIENTED_EDGE('',*,*,#285,.F.);
#287=CARTESIAN_POINT('',(-6.699999999999998,2.400000000000001,-7.200000000000005));
#288=VERTEX_POINT('',#287);
#289=CARTESIAN_POINT('',(-6.699999999999998,2.400000000000001,-7.200000000000005));
#290=DIRECTION('',(-0.151523667803852,-0.698942264459397,-0.698942264459403));
#291=VECTOR('',#290,1.43073333928868);
#292=LINE('',#289,#291);
#293=EDGE_CURVE('',#288,#280,#292,.T.);
#294=ORIENTED_EDGE('',*,*,#293,.F.);
#295=CARTESIAN_POINT('',(-6.699999999999998,-2.400000000000001,-7.200000000000005));
#296=DIRECTION('',(0.0,1.0,0.0));
#297=VECTOR('',#296,4.800000000000003);
#298=LINE('',#295,#297);
#299=EDGE_CURVE('',#272,#288,#298,.T.);
#300=ORIENTED_EDGE('',*,*,#299,.F.);
#301=EDGE_LOOP('',(#278,#286,#294,#300));
#302=FACE_OUTER_BOUND('',#301,.T.);
#303=ADVANCED_FACE('',(#302),#268,.F.);
#304=CARTESIAN_POINT('',(-6.699999999999998,3.868229300237864,-7.560000000000011));
#305=DIRECTION('',(-1.0,0.0,0.0));
#306=DIRECTION('',(0.0,0.0,1.0));
#307=AXIS2_PLACEMENT_3D('',#304,#305,#306);
#308=PLANE('',#307);
#309=CARTESIAN_POINT('',(-6.699999999999998,-3.149999999999999,3.539645E-015));
#310=VERTEX_POINT('',#309);
#311=CARTESIAN_POINT('',(-6.699999999999998,-2.000000000000001,0.0));
#312=VERTEX_POINT('',#311);
#313=CARTESIAN_POINT('',(-6.699999999999998,-3.149999999999999,0.0));
#314=DIRECTION('',(0.0,1.0,0.0));
#315=VECTOR('',#314,1.149999999999998);
#316=LINE('',#313,#315);
#317=EDGE_CURVE('',#310,#312,#316,.T.);
#318=ORIENTED_EDGE('',*,*,#317,.F.);
#319=CARTESIAN_POINT('',(-6.699999999999998,-3.460746845700542,-0.310746845700519));
#320=VERTEX_POINT('',#319);
#321=CARTESIAN_POINT('',(-6.699999999999998,-3.460746845700542,-0.310746845700519));
#322=DIRECTION('',(0.0,0.707106781186551,0.707106781186543));
#323=VECTOR('',#322,0.439462403654354);
#324=LINE('',#321,#323);
#325=EDGE_CURVE('',#320,#310,#324,.T.);
#326=ORIENTED_EDGE('',*,*,#325,.F.);
#327=CARTESIAN_POINT('',(-6.699999999999998,-3.352233188715133,-0.635458931031819));
#328=VERTEX_POINT('',#327);
#329=CARTESIAN_POINT('',(-6.699999999999998,-3.325467312811128,-0.446026378589934));
#330=DIRECTION('',(-1.0,0.0,0.0));
#331=DIRECTION('',(0.0,-0.139905364483998,-0.990164879698629));
#332=AXIS2_PLACEMENT_3D('',#329,#330,#331);
#333=CIRCLE('',#332,0.19131415012369);
#334=EDGE_CURVE('',#328,#320,#333,.T.);
#335=ORIENTED_EDGE('',*,*,#334,.F.);
#336=CARTESIAN_POINT('',(-6.699999999999998,-2.657616210965203,-0.340592465032707));
#337=VERTEX_POINT('',#336);
#338=CARTESIAN_POINT('',(-6.699999999999998,-2.657616210965203,-0.340592465032707));
#339=DIRECTION('',(0.0,-0.920495772451847,-0.390752521294844));
#340=VECTOR('',#339,0.754611806526543);
#341=LINE('',#338,#340);
#342=EDGE_CURVE('',#337,#328,#341,.T.);
#343=ORIENTED_EDGE('',*,*,#342,.F.);
#344=CARTESIAN_POINT('',(-6.699999999999998,-2.657616210965203,-1.799999999999988));
#345=VERTEX_POINT('',#344);
#346=CARTESIAN_POINT('',(-6.699999999999998,-2.657616210965203,-1.799999999999988));
#347=DIRECTION('',(0.0,0.0,1.0));
#348=VECTOR('',#347,1.459407534967282);
#349=LINE('',#346,#348);
#350=EDGE_CURVE('',#345,#337,#349,.T.);
#351=ORIENTED_EDGE('',*,*,#350,.F.);
#352=CARTESIAN_POINT('',(-6.699999999999998,-2.400000000000001,-1.799999999999988));
#353=VERTEX_POINT('',#352);
#354=CARTESIAN_POINT('',(-6.699999999999998,-2.400000000000001,-1.799999999999988));
#355=DIRECTION('',(0.0,-1.0,0.0));
#356=VECTOR('',#355,0.257616210965202);
#357=LINE('',#354,#356);
#358=EDGE_CURVE('',#353,#345,#357,.T.);
#359=ORIENTED_EDGE('',*,*,#358,.F.);
#360=CARTESIAN_POINT('',(-6.699999999999998,-2.400000000000001,-7.200000000000005));
#361=DIRECTION('',(0.0,0.0,1.0));
#362=VECTOR('',#361,5.400000000000016);
#363=LINE('',#360,#362);
#364=EDGE_CURVE('',#272,#353,#363,.T.);
#365=ORIENTED_EDGE('',*,*,#364,.F.);
#366=ORIENTED_EDGE('',*,*,#299,.T.);
#367=CARTESIAN_POINT('',(-6.699999999999998,2.400000000000001,-1.8031467921133));
#368=VERTEX_POINT('',#367);
#369=CARTESIAN_POINT('',(-6.699999999999998,2.400000000000001,-1.8031467921133));
#370=DIRECTION('',(0.0,0.0,-1.0));
#371=VECTOR('',#370,5.396853207886705);
#372=LINE('',#369,#371);
#373=EDGE_CURVE('',#368,#288,#372,.T.);
#374=ORIENTED_EDGE('',*,*,#373,.F.);
#375=CARTESIAN_POINT('',(-6.699999999999998,2.657616210965177,-1.8031467921133));
#376=VERTEX_POINT('',#375);
#377=CARTESIAN_POINT('',(-6.699999999999998,2.657616210965177,-1.8031467921133));
#378=DIRECTION('',(0.0,-1.0,0.0));
#379=VECTOR('',#378,0.257616210965176);
#380=LINE('',#377,#379);
#381=EDGE_CURVE('',#376,#368,#380,.T.);
#382=ORIENTED_EDGE('',*,*,#381,.F.);
#383=CARTESIAN_POINT('',(-6.699999999999998,2.657616210965177,-0.340592465032732));
#384=VERTEX_POINT('',#383);
#385=CARTESIAN_POINT('',(-6.699999999999998,2.657616210965177,-0.340592465032732));
#386=DIRECTION('',(0.0,0.0,-1.0));
#387=VECTOR('',#386,1.462554327080567);
#388=LINE('',#385,#387);
#389=EDGE_CURVE('',#384,#376,#388,.T.);
#390=ORIENTED_EDGE('',*,*,#389,.F.);
#391=CARTESIAN_POINT('',(-6.699999999999998,3.352233188715108,-0.635458931031819));
#392=VERTEX_POINT('',#391);
#393=CARTESIAN_POINT('',(-6.699999999999998,3.352233188715108,-0.635458931031819));
#394=DIRECTION('',(0.0,-0.920495772451846,0.390752521294847));
#395=VECTOR('',#394,0.754611806526533);
#396=LINE('',#393,#395);
#397=EDGE_CURVE('',#392,#384,#396,.T.);
#398=ORIENTED_EDGE('',*,*,#397,.F.);
#399=CARTESIAN_POINT('',(-6.699999999999998,3.460746845700542,-0.310746845700544));
#400=VERTEX_POINT('',#399);
#401=CARTESIAN_POINT('',(-6.699999999999998,3.325467312811128,-0.446026378589934));
#402=DIRECTION('',(-1.0,0.0,0.0));
#403=DIRECTION('',(0.0,0.707106781186553,0.707106781186542));
#404=AXIS2_PLACEMENT_3D('',#401,#402,#403);
#405=CIRCLE('',#404,0.19131415012369);
#406=EDGE_CURVE('',#400,#392,#405,.T.);
#407=ORIENTED_EDGE('',*,*,#406,.F.);
#408=CARTESIAN_POINT('',(-6.699999999999998,3.149999999999999,0.0));
#409=VERTEX_POINT('',#408);
#410=CARTESIAN_POINT('',(-6.699999999999998,3.149999999999999,0.0));
#411=DIRECTION('',(0.0,0.707106781186546,-0.707106781186549));
#412=VECTOR('',#411,0.439462403654369);
#413=LINE('',#410,#412);
#414=EDGE_CURVE('',#409,#400,#413,.T.);
#415=ORIENTED_EDGE('',*,*,#414,.F.);
#416=CARTESIAN_POINT('',(-6.699999999999998,2.000000000000001,0.0));
#417=VERTEX_POINT('',#416);
#418=CARTESIAN_POINT('',(-6.699999999999998,2.000000000000001,0.0));
#419=DIRECTION('',(0.0,1.0,0.0));
#420=VECTOR('',#419,1.149999999999998);
#421=LINE('',#418,#420);
#422=EDGE_CURVE('',#417,#409,#421,.T.);
#423=ORIENTED_EDGE('',*,*,#422,.F.);
#424=CARTESIAN_POINT('',(-6.699999999999998,2.000000000000001,-0.999999999999988));
#425=VERTEX_POINT('',#424);
#426=CARTESIAN_POINT('',(-6.699999999999998,2.000000000000001,0.0));
#427=DIRECTION('',(0.0,0.0,-1.0));
#428=VECTOR('',#427,0.999999999999988);
#429=LINE('',#426,#428);
#430=EDGE_CURVE('',#417,#425,#429,.T.);
#431=ORIENTED_EDGE('',*,*,#430,.T.);
#432=CARTESIAN_POINT('',(-6.699999999999998,-2.000000000000001,-0.999999999999988));
#433=VERTEX_POINT('',#432);
#434=CARTESIAN_POINT('',(-6.699999999999998,2.000000000000001,-0.999999999999988));
#435=DIRECTION('',(0.0,-1.0,0.0));
#436=VECTOR('',#435,4.000000000000002);
#437=LINE('',#434,#436);
#438=EDGE_CURVE('',#425,#433,#437,.T.);
#439=ORIENTED_EDGE('',*,*,#438,.T.);
#440=CARTESIAN_POINT('',(-6.699999999999998,-2.000000000000001,0.0));
#441=DIRECTION('',(0.0,0.0,-1.0));
#442=VECTOR('',#441,0.999999999999988);
#443=LINE('',#440,#442);
#444=EDGE_CURVE('',#312,#433,#443,.T.);
#445=ORIENTED_EDGE('',*,*,#444,.F.);
#446=EDGE_LOOP('',(#318,#326,#335,#343,#351,#359,#365,#366,#374,#382,#390,#398,#407,#415,#423,#431,#439,#445));
#447=FACE_OUTER_BOUND('',#446,.T.);
#448=CARTESIAN_POINT('',(-6.699999999999998,-0.8,-4.900000000000008));
#449=VERTEX_POINT('',#448);
#450=CARTESIAN_POINT('',(-6.699999999999998,0.0,-4.900000000000008));
#451=DIRECTION('',(-1.0,0.0,0.0));
#452=DIRECTION('',(0.0,1.0,0.0));
#453=AXIS2_PLACEMENT_3D('',#450,#451,#452);
#454=CIRCLE('',#453,0.8);
#455=EDGE_CURVE('',#449,#449,#454,.T.);
#456=ORIENTED_EDGE('',*,*,#455,.T.);
#457=EDGE_LOOP('',(#456));
#458=FACE_BOUND('',#457,.T.);
#459=ADVANCED_FACE('',(#447,#458),#308,.F.);
#460=CARTESIAN_POINT('',(-6.660000000000004,1.35000000000001,-8.249999999999995));
#461=DIRECTION('',(0.0,0.70710678118655,-0.707106781186545));
#462=DIRECTION('',(-1.0,0.0,0.0));
#463=AXIS2_PLACEMENT_3D('',#460,#461,#462);
#464=PLANE('',#463);
#465=ORIENTED_EDGE('',*,*,#244,.T.);
#466=CARTESIAN_POINT('',(-6.699999999999998,2.400000000000001,-7.200000000000005));
#467=DIRECTION('',(-1.0,0.0,0.0));
#468=VECTOR('',#467,0.8);
#469=LINE('',#466,#468);
#470=EDGE_CURVE('',#288,#157,#469,.T.);
#471=ORIENTED_EDGE('',*,*,#470,.F.);
#472=ORIENTED_EDGE('',*,*,#293,.T.);
#473=CARTESIAN_POINT('',(-6.916789963218287,1.400000000000014,-8.199999999999992));
#474=DIRECTION('',(-1.0,0.0,0.0));
#475=VECTOR('',#474,0.366420073563444);
#476=LINE('',#473,#475);
#477=EDGE_CURVE('',#280,#239,#476,.T.);
#478=ORIENTED_EDGE('',*,*,#477,.T.);
#479=EDGE_LOOP('',(#465,#471,#472,#478));
#480=FACE_OUTER_BOUND('',#479,.T.);
#481=ADVANCED_FACE('',(#480),#464,.T.);
#482=CARTESIAN_POINT('',(-6.660000000000004,0.0,-4.900000000000008));
#483=DIRECTION('',(-1.0,0.0,0.0));
#484=DIRECTION('',(0.0,-1.0,0.0));
#485=AXIS2_PLACEMENT_3D('',#482,#483,#484);
#486=CYLINDRICAL_SURFACE('',#485,0.8);
#487=ORIENTED_EDGE('',*,*,#228,.F.);
#488=EDGE_LOOP('',(#487));
#489=FACE_OUTER_BOUND('',#488,.T.);
#490=ORIENTED_EDGE('',*,*,#455,.F.);
#491=EDGE_LOOP('',(#490));
#492=FACE_BOUND('',#491,.T.);
#493=ADVANCED_FACE('',(#489,#492),#486,.F.);
#494=CARTESIAN_POINT('',(-7.539999999999989,-2.400000000000001,-7.470000000000016));
#495=DIRECTION('',(0.0,-1.0,0.0));
#496=DIRECTION('',(0.0,0.0,-1.0));
#497=AXIS2_PLACEMENT_3D('',#494,#495,#496);
#498=PLANE('',#497);
#499=ORIENTED_EDGE('',*,*,#178,.T.);
#500=CARTESIAN_POINT('',(-6.699999999999998,-2.400000000000001,-7.200000000000005));
#501=DIRECTION('',(-1.0,0.0,0.0));
#502=VECTOR('',#501,0.8);
#503=LINE('',#500,#502);
#504=EDGE_CURVE('',#272,#165,#503,.T.);
#505=ORIENTED_EDGE('',*,*,#504,.F.);
#506=ORIENTED_EDGE('',*,*,#364,.T.);
#507=CARTESIAN_POINT('',(-7.499999999999996,-2.400000000000001,-1.799999999999988));
#508=DIRECTION('',(1.0,0.0,0.0));
#509=VECTOR('',#508,0.8);
#510=LINE('',#507,#509);
#511=EDGE_CURVE('',#173,#353,#510,.T.);
#512=ORIENTED_EDGE('',*,*,#511,.F.);
#513=EDGE_LOOP('',(#499,#505,#506,#512));
#514=FACE_OUTER_BOUND('',#513,.T.);
#515=ADVANCED_FACE('',(#514),#498,.T.);
#516=CARTESIAN_POINT('',(-7.539999999999989,-1.35000000000001,-8.249999999999995));
#517=DIRECTION('',(0.0,-0.707106781186547,-0.707106781186548));
#518=DIRECTION('',(-1.0,0.0,0.0));
#519=AXIS2_PLACEMENT_3D('',#516,#517,#518);
#520=PLANE('',#519);
#521=ORIENTED_EDGE('',*,*,#258,.T.);
#522=CARTESIAN_POINT('',(-6.916789963218287,-1.399999999999988,-8.199999999999992));
#523=DIRECTION('',(-1.0,0.0,0.0));
#524=VECTOR('',#523,0.366420073563444);
#525=LINE('',#522,#524);
#526=EDGE_CURVE('',#270,#247,#525,.T.);
#527=ORIENTED_EDGE('',*,*,#526,.F.);
#528=ORIENTED_EDGE('',*,*,#277,.T.);
#529=ORIENTED_EDGE('',*,*,#504,.T.);
#530=EDGE_LOOP('',(#521,#527,#528,#529));
#531=FACE_OUTER_BOUND('',#530,.T.);
#532=ADVANCED_FACE('',(#531),#520,.T.);
#533=CARTESIAN_POINT('',(-7.301531040459894,1.540000000000012,-8.199999999999992));
#534=DIRECTION('',(0.0,0.0,-1.0));
#535=DIRECTION('',(-1.0,0.0,0.0));
#536=AXIS2_PLACEMENT_3D('',#533,#534,#535);
#537=PLANE('',#536);
#538=ORIENTED_EDGE('',*,*,#252,.T.);
#539=ORIENTED_EDGE('',*,*,#477,.F.);
#540=ORIENTED_EDGE('',*,*,#285,.T.);
#541=ORIENTED_EDGE('',*,*,#526,.T.);
#542=EDGE_LOOP('',(#538,#539,#540,#541));
#543=FACE_OUTER_BOUND('',#542,.T.);
#544=ADVANCED_FACE('',(#543),#537,.T.);
#545=CARTESIAN_POINT('',(-6.660000000000004,2.400000000000001,-7.469842660394351));
#546=DIRECTION('',(0.0,1.0,0.0));
#547=DIRECTION('',(0.0,0.0,1.0));
#548=AXIS2_PLACEMENT_3D('',#545,#546,#547);
#549=PLANE('',#548);
#550=ORIENTED_EDGE('',*,*,#162,.T.);
#551=CARTESIAN_POINT('',(-6.699999999999998,2.400000000000001,-1.8031467921133));
#552=DIRECTION('',(-1.0,0.0,0.0));
#553=VECTOR('',#552,0.8);
#554=LINE('',#551,#553);
#555=EDGE_CURVE('',#368,#149,#554,.T.);
#556=ORIENTED_EDGE('',*,*,#555,.F.);
#557=ORIENTED_EDGE('',*,*,#373,.T.);
#558=ORIENTED_EDGE('',*,*,#470,.T.);
#559=EDGE_LOOP('',(#550,#556,#557,#558));
#560=FACE_OUTER_BOUND('',#559,.T.);
#561=ADVANCED_FACE('',(#560),#549,.T.);
#562=CARTESIAN_POINT('',(-7.539999999999989,2.670497021513436,-1.8031467921133));
#563=DIRECTION('',(0.0,0.0,-1.0));
#564=DIRECTION('',(-1.0,0.0,0.0));
#565=AXIS2_PLACEMENT_3D('',#562,#563,#564);
#566=PLANE('',#565);
#567=ORIENTED_EDGE('',*,*,#154,.T.);
#568=CARTESIAN_POINT('',(-6.699999999999998,2.657616210965177,-1.8031467921133));
#569=DIRECTION('',(-1.0,0.0,0.0));
#570=VECTOR('',#569,0.8);
#571=LINE('',#568,#570);
#572=EDGE_CURVE('',#376,#141,#571,.T.);
#573=ORIENTED_EDGE('',*,*,#572,.F.);
#574=ORIENTED_EDGE('',*,*,#381,.T.);
#575=ORIENTED_EDGE('',*,*,#555,.T.);
#576=EDGE_LOOP('',(#567,#573,#574,#575));
#577=FACE_OUTER_BOUND('',#576,.T.);
#578=ADVANCED_FACE('',(#577),#566,.T.);
#579=CARTESIAN_POINT('',(-6.660000000000004,2.657616210965177,-1.876274508467329));
#580=DIRECTION('',(0.0,1.0,0.0));
#581=DIRECTION('',(0.0,0.0,1.0));
#582=AXIS2_PLACEMENT_3D('',#579,#580,#581);
#583=PLANE('',#582);
#584=ORIENTED_EDGE('',*,*,#146,.T.);
#585=CARTESIAN_POINT('',(-6.699999999999998,2.657616210965177,-0.340592465032732));
#586=DIRECTION('',(-1.0,0.0,0.0));
#587=VECTOR('',#586,0.8);
#588=LINE('',#585,#587);
#589=EDGE_CURVE('',#384,#133,#588,.T.);
#590=ORIENTED_EDGE('',*,*,#589,.F.);
#591=ORIENTED_EDGE('',*,*,#389,.T.);
#592=ORIENTED_EDGE('',*,*,#572,.T.);
#593=EDGE_LOOP('',(#584,#590,#591,#592));
#594=FACE_OUTER_BOUND('',#593,.T.);
#595=ADVANCED_FACE('',(#594),#583,.T.);
#596=CARTESIAN_POINT('',(-7.539999999999989,3.386964037602598,-0.650202254331778));
#597=DIRECTION('',(0.0,-0.390752521294847,-0.920495772451846));
#598=DIRECTION('',(-1.0,0.0,0.0));
#599=AXIS2_PLACEMENT_3D('',#596,#597,#598);
#600=PLANE('',#599);
#601=ORIENTED_EDGE('',*,*,#138,.T.);
#602=CARTESIAN_POINT('',(-6.699999999999998,3.352233188715108,-0.635458931031819));
#603=DIRECTION('',(-1.0,0.0,0.0));
#604=VECTOR('',#603,0.8);
#605=LINE('',#602,#604);
#606=EDGE_CURVE('',#392,#124,#605,.T.);
#607=ORIENTED_EDGE('',*,*,#606,.F.);
#608=ORIENTED_EDGE('',*,*,#397,.T.);
#609=ORIENTED_EDGE('',*,*,#589,.T.);
#610=EDGE_LOOP('',(#601,#607,#608,#609));
#611=FACE_OUTER_BOUND('',#610,.T.);
#612=ADVANCED_FACE('',(#611),#600,.T.);
#613=CARTESIAN_POINT('',(-6.660000000000004,3.325467312811128,-0.446026378589934));
#614=DIRECTION('',(-1.0,0.0,0.0));
#615=DIRECTION('',(0.0,-0.948440913520341,0.316953992813944));
#616=AXIS2_PLACEMENT_3D('',#613,#614,#615);
#617=CYLINDRICAL_SURFACE('',#616,0.19131415012369);
#618=ORIENTED_EDGE('',*,*,#130,.T.);
#619=CARTESIAN_POINT('',(-6.699999999999998,3.460746845700542,-0.310746845700544));
#620=DIRECTION('',(-1.0,0.0,0.0));
#621=VECTOR('',#620,0.8);
#622=LINE('',#619,#621);
#623=EDGE_CURVE('',#400,#116,#622,.T.);
#624=ORIENTED_EDGE('',*,*,#623,.F.);
#625=ORIENTED_EDGE('',*,*,#406,.T.);
#626=ORIENTED_EDGE('',*,*,#606,.T.);
#627=EDGE_LOOP('',(#618,#624,#625,#626));
#628=FACE_OUTER_BOUND('',#627,.T.);
#629=ADVANCED_FACE('',(#628),#617,.T.);
#630=CARTESIAN_POINT('',(-6.660000000000004,3.476284187985563,-0.326284187985564));
#631=DIRECTION('',(0.0,0.70710678118655,0.707106781186545));
#632=DIRECTION('',(1.0,0.0,0.0));
#633=AXIS2_PLACEMENT_3D('',#630,#631,#632);
#634=PLANE('',#633);
#635=ORIENTED_EDGE('',*,*,#121,.T.);
#636=CARTESIAN_POINT('',(-6.699999999999998,3.149999999999999,0.0));
#637=DIRECTION('',(-1.0,0.0,0.0));
#638=VECTOR('',#637,0.8);
#639=LINE('',#636,#638);
#640=EDGE_CURVE('',#409,#108,#639,.T.);
#641=ORIENTED_EDGE('',*,*,#640,.F.);
#642=ORIENTED_EDGE('',*,*,#414,.T.);
#643=ORIENTED_EDGE('',*,*,#623,.T.);
#644=EDGE_LOOP('',(#635,#641,#642,#643));
#645=FACE_OUTER_BOUND('',#644,.T.);
#646=ADVANCED_FACE('',(#645),#634,.T.);
#647=CARTESIAN_POINT('',(-7.539999999999989,-3.476284187985563,-0.326284187985564));
#648=DIRECTION('',(0.0,-0.707106781186544,0.707106781186551));
#649=DIRECTION('',(1.0,0.0,0.0));
#650=AXIS2_PLACEMENT_3D('',#647,#648,#649);
#651=PLANE('',#650);
#652=ORIENTED_EDGE('',*,*,#217,.T.);
#653=CARTESIAN_POINT('',(-6.699999999999998,-3.460746845700542,-0.310746845700519));
#654=DIRECTION('',(-1.0,0.0,0.0));
#655=VECTOR('',#654,0.8);
#656=LINE('',#653,#655);
#657=EDGE_CURVE('',#320,#205,#656,.T.);
#658=ORIENTED_EDGE('',*,*,#657,.F.);
#659=ORIENTED_EDGE('',*,*,#325,.T.);
#660=CARTESIAN_POINT('',(-7.499999999999996,-3.149999999999999,0.0));
#661=DIRECTION('',(1.0,0.0,0.0));
#662=VECTOR('',#661,0.8);
#663=LINE('',#660,#662);
#664=EDGE_CURVE('',#76,#310,#663,.T.);
#665=ORIENTED_EDGE('',*,*,#664,.F.);
#666=EDGE_LOOP('',(#652,#658,#659,#665));
#667=FACE_OUTER_BOUND('',#666,.T.);
#668=ADVANCED_FACE('',(#667),#651,.T.);
#669=CARTESIAN_POINT('',(-6.660000000000004,-3.325467312811128,-0.446026378589934));
#670=DIRECTION('',(-1.0,0.0,0.0));
#671=DIRECTION('',(0.0,0.948440913520361,0.316953992813884));
#672=AXIS2_PLACEMENT_3D('',#669,#670,#671);
#673=CYLINDRICAL_SURFACE('',#672,0.19131415012369);
#674=ORIENTED_EDGE('',*,*,#211,.T.);
#675=CARTESIAN_POINT('',(-6.699999999999998,-3.352233188715133,-0.635458931031819));
#676=DIRECTION('',(-1.0,0.0,0.0));
#677=VECTOR('',#676,0.8);
#678=LINE('',#675,#677);
#679=EDGE_CURVE('',#328,#197,#678,.T.);
#680=ORIENTED_EDGE('',*,*,#679,.F.);
#681=ORIENTED_EDGE('',*,*,#334,.T.);
#682=ORIENTED_EDGE('',*,*,#657,.T.);
#683=EDGE_LOOP('',(#674,#680,#681,#682));
#684=FACE_OUTER_BOUND('',#683,.T.);
#685=ADVANCED_FACE('',(#684),#673,.T.);
#686=CARTESIAN_POINT('',(-7.539999999999989,-2.622885362077713,-0.325849141732747));
#687=DIRECTION('',(0.0,0.390752521294845,-0.920495772451847));
#688=DIRECTION('',(-1.0,0.0,0.0));
#689=AXIS2_PLACEMENT_3D('',#686,#687,#688);
#690=PLANE('',#689);
#691=ORIENTED_EDGE('',*,*,#202,.T.);
#692=CARTESIAN_POINT('',(-6.699999999999998,-2.657616210965203,-0.340592465032707));
#693=DIRECTION('',(-1.0,0.0,0.0));
#694=VECTOR('',#693,0.8);
#695=LINE('',#692,#694);
#696=EDGE_CURVE('',#337,#189,#695,.T.);
#697=ORIENTED_EDGE('',*,*,#696,.F.);
#698=ORIENTED_EDGE('',*,*,#342,.T.);
#699=ORIENTED_EDGE('',*,*,#679,.T.);
#700=EDGE_LOOP('',(#691,#697,#698,#699));
#701=FACE_OUTER_BOUND('',#700,.T.);
#702=ADVANCED_FACE('',(#701),#690,.T.);
#703=CARTESIAN_POINT('',(-7.539999999999989,-2.657616210965203,-1.872970376748351));
#704=DIRECTION('',(0.0,-1.0,0.0));
#705=DIRECTION('',(0.0,0.0,-1.0));
#706=AXIS2_PLACEMENT_3D('',#703,#704,#705);
#707=PLANE('',#706);
#708=ORIENTED_EDGE('',*,*,#194,.T.);
#709=CARTESIAN_POINT('',(-6.699999999999998,-2.657616210965203,-1.799999999999988));
#710=DIRECTION('',(-1.0,0.0,0.0));
#711=VECTOR('',#710,0.8);
#712=LINE('',#709,#711);
#713=EDGE_CURVE('',#345,#181,#712,.T.);
#714=ORIENTED_EDGE('',*,*,#713,.F.);
#715=ORIENTED_EDGE('',*,*,#350,.T.);
#716=ORIENTED_EDGE('',*,*,#696,.T.);
#717=EDGE_LOOP('',(#708,#714,#715,#716));
#718=FACE_OUTER_BOUND('',#717,.T.);
#719=ADVANCED_FACE('',(#718),#707,.T.);
#720=CARTESIAN_POINT('',(-7.539999999999989,-2.387119189451743,-1.799999999999988));
#721=DIRECTION('',(0.0,0.0,-1.0));
#722=DIRECTION('',(-1.0,0.0,0.0));
#723=AXIS2_PLACEMENT_3D('',#720,#721,#722);
#724=PLANE('',#723);
#725=ORIENTED_EDGE('',*,*,#186,.T.);
#726=ORIENTED_EDGE('',*,*,#511,.T.);
#727=ORIENTED_EDGE('',*,*,#358,.T.);
#728=ORIENTED_EDGE('',*,*,#713,.T.);
#729=EDGE_LOOP('',(#725,#726,#727,#728));
#730=FACE_OUTER_BOUND('',#729,.T.);
#731=ADVANCED_FACE('',(#730),#724,.T.);
#732=CARTESIAN_POINT('',(-0.4,3.868229300237864,-7.560000000000011));
#733=DIRECTION('',(-1.0,0.0,0.0));
#734=DIRECTION('',(0.0,0.0,1.0));
#735=AXIS2_PLACEMENT_3D('',#732,#733,#734);
#736=PLANE('',#735);
#737=CARTESIAN_POINT('',(-0.4,-2.000000000000001,0.0));
#738=VERTEX_POINT('',#737);
#739=CARTESIAN_POINT('',(-0.4,-3.149999999999999,0.0));
#740=VERTEX_POINT('',#739);
#741=CARTESIAN_POINT('',(-0.4,-2.000000000000001,0.0));
#742=DIRECTION('',(0.0,-1.0,0.0));
#743=VECTOR('',#742,1.149999999999998);
#744=LINE('',#741,#743);
#745=EDGE_CURVE('',#738,#740,#744,.T.);
#746=ORIENTED_EDGE('',*,*,#745,.F.);
#747=CARTESIAN_POINT('',(-0.4,-2.000000000000001,-0.999999999999988));
#748=VERTEX_POINT('',#747);
#749=CARTESIAN_POINT('',(-0.4,-2.000000000000001,0.0));
#750=DIRECTION('',(0.0,0.0,-1.0));
#751=VECTOR('',#750,0.999999999999988);
#752=LINE('',#749,#751);
#753=EDGE_CURVE('',#738,#748,#752,.T.);
#754=ORIENTED_EDGE('',*,*,#753,.T.);
#755=CARTESIAN_POINT('',(-0.4,2.000000000000001,-0.999999999999988));
#756=VERTEX_POINT('',#755);
#757=CARTESIAN_POINT('',(-0.4,-2.000000000000001,-0.999999999999988));
#758=DIRECTION('',(0.0,1.0,0.0));
#759=VECTOR('',#758,4.000000000000002);
#760=LINE('',#757,#759);
#761=EDGE_CURVE('',#748,#756,#760,.T.);
#762=ORIENTED_EDGE('',*,*,#761,.T.);
#763=CARTESIAN_POINT('',(-0.4,2.000000000000001,0.0));
#764=VERTEX_POINT('',#763);
#765=CARTESIAN_POINT('',(-0.4,2.000000000000001,0.0));
#766=DIRECTION('',(0.0,0.0,-1.0));
#767=VECTOR('',#766,0.999999999999988);
#768=LINE('',#765,#767);
#769=EDGE_CURVE('',#764,#756,#768,.T.);
#770=ORIENTED_EDGE('',*,*,#769,.F.);
#771=CARTESIAN_POINT('',(-0.4,3.149999999999999,5.874931E-017));
#772=VERTEX_POINT('',#771);
#773=CARTESIAN_POINT('',(-0.4,3.149999999999999,0.0));
#774=DIRECTION('',(0.0,-1.0,0.0));
#775=VECTOR('',#774,1.149999999999998);
#776=LINE('',#773,#775);
#777=EDGE_CURVE('',#772,#764,#776,.T.);
#778=ORIENTED_EDGE('',*,*,#777,.F.);
#779=CARTESIAN_POINT('',(-0.4,3.460746845700542,-0.310746845700544));
#780=VERTEX_POINT('',#779);
#781=CARTESIAN_POINT('',(-0.4,3.460746845700542,-0.310746845700544));
#782=DIRECTION('',(0.0,-0.707106781186546,0.707106781186549));
#783=VECTOR('',#782,0.439462403654369);
#784=LINE('',#781,#783);
#785=EDGE_CURVE('',#780,#772,#784,.T.);
#786=ORIENTED_EDGE('',*,*,#785,.F.);
#787=CARTESIAN_POINT('',(-0.4,3.352233188715108,-0.635458931031819));
#788=VERTEX_POINT('',#787);
#789=CARTESIAN_POINT('',(-0.4,3.325467312811128,-0.446026378589934));
#790=DIRECTION('',(1.0,0.0,0.0));
#791=DIRECTION('',(0.0,0.707106781186553,0.707106781186542));
#792=AXIS2_PLACEMENT_3D('',#789,#790,#791);
#793=CIRCLE('',#792,0.19131415012369);
#794=EDGE_CURVE('',#788,#780,#793,.T.);
#795=ORIENTED_EDGE('',*,*,#794,.F.);
#796=CARTESIAN_POINT('',(-0.4,2.657616210965177,-0.340592465032732));
#797=VERTEX_POINT('',#796);
#798=CARTESIAN_POINT('',(-0.4,2.657616210965177,-0.340592465032732));
#799=DIRECTION('',(0.0,0.920495772451846,-0.390752521294847));
#800=VECTOR('',#799,0.754611806526534);
#801=LINE('',#798,#800);
#802=EDGE_CURVE('',#797,#788,#801,.T.);
#803=ORIENTED_EDGE('',*,*,#802,.F.);
#804=CARTESIAN_POINT('',(-0.4,2.657616210965177,-1.8031467921133));
#805=VERTEX_POINT('',#804);
#806=CARTESIAN_POINT('',(-0.4,2.657616210965177,-1.8031467921133));
#807=DIRECTION('',(0.0,0.0,1.0));
#808=VECTOR('',#807,1.462554327080568);
#809=LINE('',#806,#808);
#810=EDGE_CURVE('',#805,#797,#809,.T.);
#811=ORIENTED_EDGE('',*,*,#810,.F.);
#812=CARTESIAN_POINT('',(-0.4,2.400000000000001,-1.8031467921133));
#813=VERTEX_POINT('',#812);
#814=CARTESIAN_POINT('',(-0.4,2.400000000000001,-1.8031467921133));
#815=DIRECTION('',(0.0,1.0,0.0));
#816=VECTOR('',#815,0.257616210965176);
#817=LINE('',#814,#816);
#818=EDGE_CURVE('',#813,#805,#817,.T.);
#819=ORIENTED_EDGE('',*,*,#818,.F.);
#820=CARTESIAN_POINT('',(-0.4,2.400000000000001,-7.200000000000005));
#821=VERTEX_POINT('',#820);
#822=CARTESIAN_POINT('',(-0.4,2.400000000000001,-7.200000000000005));
#823=DIRECTION('',(0.0,0.0,1.0));
#824=VECTOR('',#823,5.396853207886705);
#825=LINE('',#822,#824);
#826=EDGE_CURVE('',#821,#813,#825,.T.);
#827=ORIENTED_EDGE('',*,*,#826,.F.);
#828=CARTESIAN_POINT('',(-0.4,-2.400000000000001,-7.200000000000005));
#829=VERTEX_POINT('',#828);
#830=CARTESIAN_POINT('',(-0.4,2.400000000000001,-7.200000000000005));
#831=DIRECTION('',(0.0,-1.0,0.0));
#832=VECTOR('',#831,4.800000000000003);
#833=LINE('',#830,#832);
#834=EDGE_CURVE('',#821,#829,#833,.T.);
#835=ORIENTED_EDGE('',*,*,#834,.T.);
#836=CARTESIAN_POINT('',(-0.4,-2.400000000000001,-1.799999999999988));
#837=VERTEX_POINT('',#836);
#838=CARTESIAN_POINT('',(-0.4,-2.400000000000001,-1.799999999999988));
#839=DIRECTION('',(0.0,0.0,-1.0));
#840=VECTOR('',#839,5.400000000000016);
#841=LINE('',#838,#840);
#842=EDGE_CURVE('',#837,#829,#841,.T.);
#843=ORIENTED_EDGE('',*,*,#842,.F.);
#844=CARTESIAN_POINT('',(-0.4,-2.657616210965203,-1.799999999999988));
#845=VERTEX_POINT('',#844);
#846=CARTESIAN_POINT('',(-0.4,-2.657616210965203,-1.799999999999988));
#847=DIRECTION('',(0.0,1.0,0.0));
#848=VECTOR('',#847,0.257616210965202);
#849=LINE('',#846,#848);
#850=EDGE_CURVE('',#845,#837,#849,.T.);
#851=ORIENTED_EDGE('',*,*,#850,.F.);
#852=CARTESIAN_POINT('',(-0.4,-2.657616210965203,-0.340592465032707));
#853=VERTEX_POINT('',#852);
#854=CARTESIAN_POINT('',(-0.4,-2.657616210965203,-0.340592465032707));
#855=DIRECTION('',(0.0,0.0,-1.0));
#856=VECTOR('',#855,1.459407534967282);
#857=LINE('',#854,#856);
#858=EDGE_CURVE('',#853,#845,#857,.T.);
#859=ORIENTED_EDGE('',*,*,#858,.F.);
#860=CARTESIAN_POINT('',(-0.4,-3.352233188715133,-0.635458931031819));
#861=VERTEX_POINT('',#860);
#862=CARTESIAN_POINT('',(-0.4,-3.352233188715133,-0.635458931031819));
#863=DIRECTION('',(0.0,0.920495772451847,0.390752521294844));
#864=VECTOR('',#863,0.754611806526543);
#865=LINE('',#862,#864);
#866=EDGE_CURVE('',#861,#853,#865,.T.);
#867=ORIENTED_EDGE('',*,*,#866,.F.);
#868=CARTESIAN_POINT('',(-0.4,-3.460746845700542,-0.310746845700519));
#869=VERTEX_POINT('',#868);
#870=CARTESIAN_POINT('',(-0.4,-3.325467312811128,-0.446026378589934));
#871=DIRECTION('',(1.0,0.0,0.0));
#872=DIRECTION('',(0.0,-0.139905364483998,-0.990164879698629));
#873=AXIS2_PLACEMENT_3D('',#870,#871,#872);
#874=CIRCLE('',#873,0.19131415012369);
#875=EDGE_CURVE('',#869,#861,#874,.T.);
#876=ORIENTED_EDGE('',*,*,#875,.F.);
#877=CARTESIAN_POINT('',(-0.4,-3.149999999999999,0.0));
#878=DIRECTION('',(0.0,-0.707106781186551,-0.707106781186544));
#879=VECTOR('',#878,0.439462403654351);
#880=LINE('',#877,#879);
#881=EDGE_CURVE('',#740,#869,#880,.T.);
#882=ORIENTED_EDGE('',*,*,#881,.F.);
#883=EDGE_LOOP('',(#746,#754,#762,#770,#778,#786,#795,#803,#811,#819,#827,#835,#843,#851,#859,#867,#876,#882));
#884=FACE_OUTER_BOUND('',#883,.T.);
#885=CARTESIAN_POINT('',(-0.4,-0.8,-4.900000000000008));
#886=VERTEX_POINT('',#885);
#887=CARTESIAN_POINT('',(-0.4,0.0,-4.900000000000008));
#888=DIRECTION('',(1.0,0.0,0.0));
#889=DIRECTION('',(0.0,1.0,0.0));
#890=AXIS2_PLACEMENT_3D('',#887,#888,#889);
#891=CIRCLE('',#890,0.8);
#892=EDGE_CURVE('',#886,#886,#891,.T.);
#893=ORIENTED_EDGE('',*,*,#892,.T.);
#894=EDGE_LOOP('',(#893));
#895=FACE_BOUND('',#894,.T.);
#896=ADVANCED_FACE('',(#884,#895),#736,.T.);
#897=CARTESIAN_POINT('',(-0.172370538620819,-2.640000000000006,-8.249999999999995));
#898=DIRECTION('',(0.977298196118405,0.0,0.211868439989799));
#899=DIRECTION('',(0.211868439989799,0.0,-0.977298196118405));
#900=AXIS2_PLACEMENT_3D('',#897,#898,#899);
#901=PLANE('',#900);
#902=CARTESIAN_POINT('',(-0.183210036781708,1.400000000000014,-8.199999999999992));
#903=VERTEX_POINT('',#902);
#904=CARTESIAN_POINT('',(-0.183210036781708,1.400000000000014,-8.199999999999992));
#905=DIRECTION('',(-0.151523667803854,0.698942264459397,0.698942264459403));
#906=VECTOR('',#905,1.43073333928868);
#907=LINE('',#904,#906);
#908=EDGE_CURVE('',#903,#821,#907,.T.);
#909=ORIENTED_EDGE('',*,*,#908,.F.);
#910=CARTESIAN_POINT('',(-0.183210036781708,-1.399999999999988,-8.199999999999992));
#911=VERTEX_POINT('',#910);
#912=CARTESIAN_POINT('',(-0.183210036781708,-1.399999999999988,-8.199999999999992));
#913=DIRECTION('',(0.0,1.0,0.0));
#914=VECTOR('',#913,2.800000000000002);
#915=LINE('',#912,#914);
#916=EDGE_CURVE('',#911,#903,#915,.T.);
#917=ORIENTED_EDGE('',*,*,#916,.F.);
#918=CARTESIAN_POINT('',(-0.4,-2.400000000000001,-7.200000000000005));
#919=DIRECTION('',(0.151523667803855,0.698942264459401,-0.698942264459399));
#920=VECTOR('',#919,1.430733339288699);
#921=LINE('',#918,#920);
#922=EDGE_CURVE('',#829,#911,#921,.T.);
#923=ORIENTED_EDGE('',*,*,#922,.F.);
#924=ORIENTED_EDGE('',*,*,#834,.F.);
#925=EDGE_LOOP('',(#909,#917,#923,#924));
#926=FACE_OUTER_BOUND('',#925,.T.);
#927=ADVANCED_FACE('',(#926),#901,.F.);
#928=CARTESIAN_POINT('',(0.172370538620794,2.640000000000006,-8.249999999999995));
#929=DIRECTION('',(-0.977298196118405,0.0,0.211868439989799));
#930=DIRECTION('',(0.211868439989799,0.0,0.977298196118405));
#931=AXIS2_PLACEMENT_3D('',#928,#929,#930);
#932=PLANE('',#931);
#933=CARTESIAN_POINT('',(0.183210036781708,-1.399999999999988,-8.199999999999992));
#934=VERTEX_POINT('',#933);
#935=CARTESIAN_POINT('',(0.4,-2.400000000000001,-7.200000000000005));
#936=VERTEX_POINT('',#935);
#937=CARTESIAN_POINT('',(0.183210036781708,-1.399999999999988,-8.199999999999992));
#938=DIRECTION('',(0.151523667803855,-0.698942264459401,0.698942264459399));
#939=VECTOR('',#938,1.430733339288699);
#940=LINE('',#937,#939);
#941=EDGE_CURVE('',#934,#936,#940,.T.);
#942=ORIENTED_EDGE('',*,*,#941,.F.);
#943=CARTESIAN_POINT('',(0.183210036781708,1.400000000000014,-8.199999999999992));
#944=VERTEX_POINT('',#943);
#945=CARTESIAN_POINT('',(0.183210036781708,1.400000000000014,-8.199999999999992));
#946=DIRECTION('',(0.0,-1.0,0.0));
#947=VECTOR('',#946,2.800000000000002);
#948=LINE('',#945,#947);
#949=EDGE_CURVE('',#944,#934,#948,.T.);
#950=ORIENTED_EDGE('',*,*,#949,.F.);
#951=CARTESIAN_POINT('',(0.4,2.400000000000001,-7.200000000000005));
#952=VERTEX_POINT('',#951);
#953=CARTESIAN_POINT('',(0.4,2.400000000000001,-7.200000000000005));
#954=DIRECTION('',(-0.151523667803854,-0.698942264459397,-0.698942264459403));
#955=VECTOR('',#954,1.43073333928868);
#956=LINE('',#953,#955);
#957=EDGE_CURVE('',#952,#944,#956,.T.);
#958=ORIENTED_EDGE('',*,*,#957,.F.);
#959=CARTESIAN_POINT('',(0.4,-2.400000000000001,-7.200000000000005));
#960=DIRECTION('',(0.0,1.0,0.0));
#961=VECTOR('',#960,4.800000000000003);
#962=LINE('',#959,#961);
#963=EDGE_CURVE('',#936,#952,#962,.T.);
#964=ORIENTED_EDGE('',*,*,#963,.F.);
#965=EDGE_LOOP('',(#942,#950,#958,#964));
#966=FACE_OUTER_BOUND('',#965,.T.);
#967=ADVANCED_FACE('',(#966),#932,.F.);
#968=CARTESIAN_POINT('',(0.4,3.868229300237864,-7.560000000000011));
#969=DIRECTION('',(-1.0,0.0,0.0));
#970=DIRECTION('',(0.0,0.0,1.0));
#971=AXIS2_PLACEMENT_3D('',#968,#969,#970);
#972=PLANE('',#971);
#973=CARTESIAN_POINT('',(0.4,-3.149999999999999,3.539645E-015));
#974=VERTEX_POINT('',#973);
#975=CARTESIAN_POINT('',(0.4,-2.000000000000001,0.0));
#976=VERTEX_POINT('',#975);
#977=CARTESIAN_POINT('',(0.4,-3.149999999999999,0.0));
#978=DIRECTION('',(0.0,1.0,0.0));
#979=VECTOR('',#978,1.149999999999998);
#980=LINE('',#977,#979);
#981=EDGE_CURVE('',#974,#976,#980,.T.);
#982=ORIENTED_EDGE('',*,*,#981,.F.);
#983=CARTESIAN_POINT('',(0.4,-3.460746845700542,-0.310746845700519));
#984=VERTEX_POINT('',#983);
#985=CARTESIAN_POINT('',(0.4,-3.460746845700542,-0.310746845700519));
#986=DIRECTION('',(0.0,0.707106781186551,0.707106781186543));
#987=VECTOR('',#986,0.439462403654354);
#988=LINE('',#985,#987);
#989=EDGE_CURVE('',#984,#974,#988,.T.);
#990=ORIENTED_EDGE('',*,*,#989,.F.);
#991=CARTESIAN_POINT('',(0.4,-3.352233188715133,-0.635458931031819));
#992=VERTEX_POINT('',#991);
#993=CARTESIAN_POINT('',(0.4,-3.325467312811128,-0.446026378589934));
#994=DIRECTION('',(-1.0,0.0,0.0));
#995=DIRECTION('',(0.0,-0.139905364483998,-0.990164879698629));
#996=AXIS2_PLACEMENT_3D('',#993,#994,#995);
#997=CIRCLE('',#996,0.19131415012369);
#998=EDGE_CURVE('',#992,#984,#997,.T.);
#999=ORIENTED_EDGE('',*,*,#998,.F.);
#1000=CARTESIAN_POINT('',(0.4,-2.657616210965203,-0.340592465032707));
#1001=VERTEX_POINT('',#1000);
#1002=CARTESIAN_POINT('',(0.4,-2.657616210965203,-0.340592465032707));
#1003=DIRECTION('',(0.0,-0.920495772451847,-0.390752521294844));
#1004=VECTOR('',#1003,0.754611806526543);
#1005=LINE('',#1002,#1004);
#1006=EDGE_CURVE('',#1001,#992,#1005,.T.);
#1007=ORIENTED_EDGE('',*,*,#1006,.F.);
#1008=CARTESIAN_POINT('',(0.4,-2.657616210965203,-1.799999999999988));
#1009=VERTEX_POINT('',#1008);
#1010=CARTESIAN_POINT('',(0.4,-2.657616210965203,-1.799999999999988));
#1011=DIRECTION('',(0.0,0.0,1.0));
#1012=VECTOR('',#1011,1.459407534967282);
#1013=LINE('',#1010,#1012);
#1014=EDGE_CURVE('',#1009,#1001,#1013,.T.);
#1015=ORIENTED_EDGE('',*,*,#1014,.F.);
#1016=CARTESIAN_POINT('',(0.4,-2.400000000000001,-1.799999999999988));
#1017=VERTEX_POINT('',#1016);
#1018=CARTESIAN_POINT('',(0.4,-2.400000000000001,-1.799999999999988));
#1019=DIRECTION('',(0.0,-1.0,0.0));
#1020=VECTOR('',#1019,0.257616210965202);
#1021=LINE('',#1018,#1020);
#1022=EDGE_CURVE('',#1017,#1009,#1021,.T.);
#1023=ORIENTED_EDGE('',*,*,#1022,.F.);
#1024=CARTESIAN_POINT('',(0.4,-2.400000000000001,-7.200000000000005));
#1025=DIRECTION('',(0.0,0.0,1.0));
#1026=VECTOR('',#1025,5.400000000000016);
#1027=LINE('',#1024,#1026);
#1028=EDGE_CURVE('',#936,#1017,#1027,.T.);
#1029=ORIENTED_EDGE('',*,*,#1028,.F.);
#1030=ORIENTED_EDGE('',*,*,#963,.T.);
#1031=CARTESIAN_POINT('',(0.4,2.400000000000001,-1.8031467921133));
#1032=VERTEX_POINT('',#1031);
#1033=CARTESIAN_POINT('',(0.4,2.400000000000001,-1.8031467921133));
#1034=DIRECTION('',(0.0,0.0,-1.0));
#1035=VECTOR('',#1034,5.396853207886705);
#1036=LINE('',#1033,#1035);
#1037=EDGE_CURVE('',#1032,#952,#1036,.T.);
#1038=ORIENTED_EDGE('',*,*,#1037,.F.);
#1039=CARTESIAN_POINT('',(0.4,2.657616210965177,-1.8031467921133));
#1040=VERTEX_POINT('',#1039);
#1041=CARTESIAN_POINT('',(0.4,2.657616210965177,-1.8031467921133));
#1042=DIRECTION('',(0.0,-1.0,0.0));
#1043=VECTOR('',#1042,0.257616210965176);
#1044=LINE('',#1041,#1043);
#1045=EDGE_CURVE('',#1040,#1032,#1044,.T.);
#1046=ORIENTED_EDGE('',*,*,#1045,.F.);
#1047=CARTESIAN_POINT('',(0.4,2.657616210965177,-0.340592465032732));
#1048=VERTEX_POINT('',#1047);
#1049=CARTESIAN_POINT('',(0.4,2.657616210965177,-0.340592465032732));
#1050=DIRECTION('',(0.0,0.0,-1.0));
#1051=VECTOR('',#1050,1.462554327080567);
#1052=LINE('',#1049,#1051);
#1053=EDGE_CURVE('',#1048,#1040,#1052,.T.);
#1054=ORIENTED_EDGE('',*,*,#1053,.F.);
#1055=CARTESIAN_POINT('',(0.4,3.352233188715108,-0.635458931031819));
#1056=VERTEX_POINT('',#1055);
#1057=CARTESIAN_POINT('',(0.4,3.352233188715108,-0.635458931031819));
#1058=DIRECTION('',(0.0,-0.920495772451846,0.390752521294847));
#1059=VECTOR('',#1058,0.754611806526533);
#1060=LINE('',#1057,#1059);
#1061=EDGE_CURVE('',#1056,#1048,#1060,.T.);
#1062=ORIENTED_EDGE('',*,*,#1061,.F.);
#1063=CARTESIAN_POINT('',(0.4,3.460746845700542,-0.310746845700544));
#1064=VERTEX_POINT('',#1063);
#1065=CARTESIAN_POINT('',(0.4,3.325467312811128,-0.446026378589934));
#1066=DIRECTION('',(-1.0,0.0,0.0));
#1067=DIRECTION('',(0.0,0.707106781186553,0.707106781186542));
#1068=AXIS2_PLACEMENT_3D('',#1065,#1066,#1067);
#1069=CIRCLE('',#1068,0.19131415012369);
#1070=EDGE_CURVE('',#1064,#1056,#1069,.T.);
#1071=ORIENTED_EDGE('',*,*,#1070,.F.);
#1072=CARTESIAN_POINT('',(0.4,3.149999999999999,0.0));
#1073=VERTEX_POINT('',#1072);
#1074=CARTESIAN_POINT('',(0.4,3.149999999999999,0.0));
#1075=DIRECTION('',(0.0,0.707106781186546,-0.707106781186549));
#1076=VECTOR('',#1075,0.439462403654369);
#1077=LINE('',#1074,#1076);
#1078=EDGE_CURVE('',#1073,#1064,#1077,.T.);
#1079=ORIENTED_EDGE('',*,*,#1078,.F.);
#1080=CARTESIAN_POINT('',(0.4,2.000000000000001,0.0));
#1081=VERTEX_POINT('',#1080);
#1082=CARTESIAN_POINT('',(0.4,2.000000000000001,0.0));
#1083=DIRECTION('',(0.0,1.0,0.0));
#1084=VECTOR('',#1083,1.149999999999998);
#1085=LINE('',#1082,#1084);
#1086=EDGE_CURVE('',#1081,#1073,#1085,.T.);
#1087=ORIENTED_EDGE('',*,*,#1086,.F.);
#1088=CARTESIAN_POINT('',(0.4,2.000000000000001,-0.999999999999988));
#1089=VERTEX_POINT('',#1088);
#1090=CARTESIAN_POINT('',(0.4,2.000000000000001,0.0));
#1091=DIRECTION('',(0.0,0.0,-1.0));
#1092=VECTOR('',#1091,0.999999999999988);
#1093=LINE('',#1090,#1092);
#1094=EDGE_CURVE('',#1081,#1089,#1093,.T.);
#1095=ORIENTED_EDGE('',*,*,#1094,.T.);
#1096=CARTESIAN_POINT('',(0.4,-2.000000000000001,-0.999999999999988));
#1097=VERTEX_POINT('',#1096);
#1098=CARTESIAN_POINT('',(0.4,2.000000000000001,-0.999999999999988));
#1099=DIRECTION('',(0.0,-1.0,0.0));
#1100=VECTOR('',#1099,4.000000000000002);
#1101=LINE('',#1098,#1100);
#1102=EDGE_CURVE('',#1089,#1097,#1101,.T.);
#1103=ORIENTED_EDGE('',*,*,#1102,.T.);
#1104=CARTESIAN_POINT('',(0.4,-2.000000000000001,0.0));
#1105=DIRECTION('',(0.0,0.0,-1.0));
#1106=VECTOR('',#1105,0.999999999999988);
#1107=LINE('',#1104,#1106);
#1108=EDGE_CURVE('',#976,#1097,#1107,.T.);
#1109=ORIENTED_EDGE('',*,*,#1108,.F.);
#1110=EDGE_LOOP('',(#982,#990,#999,#1007,#1015,#1023,#1029,#1030,#1038,#1046,#1054,#1062,#1071,#1079,#1087,#1095,#1103,#1109));
#1111=FACE_OUTER_BOUND('',#1110,.T.);
#1112=CARTESIAN_POINT('',(0.4,-0.8,-4.900000000000008));
#1113=VERTEX_POINT('',#1112);
#1114=CARTESIAN_POINT('',(0.4,0.0,-4.900000000000008));
#1115=DIRECTION('',(-1.0,0.0,0.0));
#1116=DIRECTION('',(0.0,1.0,0.0));
#1117=AXIS2_PLACEMENT_3D('',#1114,#1115,#1116);
#1118=CIRCLE('',#1117,0.8);
#1119=EDGE_CURVE('',#1113,#1113,#1118,.T.);
#1120=ORIENTED_EDGE('',*,*,#1119,.T.);
#1121=EDGE_LOOP('',(#1120));
#1122=FACE_BOUND('',#1121,.T.);
#1123=ADVANCED_FACE('',(#1111,#1122),#972,.F.);
#1124=CARTESIAN_POINT('',(0.439999999999993,1.35000000000001,-8.249999999999995));
#1125=DIRECTION('',(0.0,0.70710678118655,-0.707106781186545));
#1126=DIRECTION('',(-1.0,0.0,0.0));
#1127=AXIS2_PLACEMENT_3D('',#1124,#1125,#1126);
#1128=PLANE('',#1127);
#1129=ORIENTED_EDGE('',*,*,#908,.T.);
#1130=CARTESIAN_POINT('',(0.4,2.400000000000001,-7.200000000000005));
#1131=DIRECTION('',(-1.0,0.0,0.0));
#1132=VECTOR('',#1131,0.8);
#1133=LINE('',#1130,#1132);
#1134=EDGE_CURVE('',#952,#821,#1133,.T.);
#1135=ORIENTED_EDGE('',*,*,#1134,.F.);
#1136=ORIENTED_EDGE('',*,*,#957,.T.);
#1137=CARTESIAN_POINT('',(0.183210036781708,1.400000000000014,-8.199999999999992));
#1138=DIRECTION('',(-1.0,0.0,0.0));
#1139=VECTOR('',#1138,0.366420073563416);
#1140=LINE('',#1137,#1139);
#1141=EDGE_CURVE('',#944,#903,#1140,.T.);
#1142=ORIENTED_EDGE('',*,*,#1141,.T.);
#1143=EDGE_LOOP('',(#1129,#1135,#1136,#1142));
#1144=FACE_OUTER_BOUND('',#1143,.T.);
#1145=ADVANCED_FACE('',(#1144),#1128,.T.);
#1146=CARTESIAN_POINT('',(0.439999999999993,0.0,-4.900000000000008));
#1147=DIRECTION('',(-1.0,0.0,0.0));
#1148=DIRECTION('',(0.0,-1.0,0.0));
#1149=AXIS2_PLACEMENT_3D('',#1146,#1147,#1148);
#1150=CYLINDRICAL_SURFACE('',#1149,0.8);
#1151=ORIENTED_EDGE('',*,*,#892,.F.);
#1152=EDGE_LOOP('',(#1151));
#1153=FACE_OUTER_BOUND('',#1152,.T.);
#1154=ORIENTED_EDGE('',*,*,#1119,.F.);
#1155=EDGE_LOOP('',(#1154));
#1156=FACE_BOUND('',#1155,.T.);
#1157=ADVANCED_FACE('',(#1153,#1156),#1150,.F.);
#1158=CARTESIAN_POINT('',(-0.439999999999993,-2.400000000000001,-7.470000000000016));
#1159=DIRECTION('',(0.0,-1.0,0.0));
#1160=DIRECTION('',(0.0,0.0,-1.0));
#1161=AXIS2_PLACEMENT_3D('',#1158,#1159,#1160);
#1162=PLANE('',#1161);
#1163=ORIENTED_EDGE('',*,*,#842,.T.);
#1164=CARTESIAN_POINT('',(0.4,-2.400000000000001,-7.200000000000005));
#1165=DIRECTION('',(-1.0,0.0,0.0));
#1166=VECTOR('',#1165,0.8);
#1167=LINE('',#1164,#1166);
#1168=EDGE_CURVE('',#936,#829,#1167,.T.);
#1169=ORIENTED_EDGE('',*,*,#1168,.F.);
#1170=ORIENTED_EDGE('',*,*,#1028,.T.);
#1171=CARTESIAN_POINT('',(-0.4,-2.400000000000001,-1.799999999999988));
#1172=DIRECTION('',(1.0,0.0,0.0));
#1173=VECTOR('',#1172,0.8);
#1174=LINE('',#1171,#1173);
#1175=EDGE_CURVE('',#837,#1017,#1174,.T.);
#1176=ORIENTED_EDGE('',*,*,#1175,.F.);
#1177=EDGE_LOOP('',(#1163,#1169,#1170,#1176));
#1178=FACE_OUTER_BOUND('',#1177,.T.);
#1179=ADVANCED_FACE('',(#1178),#1162,.T.);
#1180=CARTESIAN_POINT('',(-0.439999999999993,-1.35000000000001,-8.249999999999995));
#1181=DIRECTION('',(0.0,-0.707106781186547,-0.707106781186548));
#1182=DIRECTION('',(-1.0,0.0,0.0));
#1183=AXIS2_PLACEMENT_3D('',#1180,#1181,#1182);
#1184=PLANE('',#1183);
#1185=ORIENTED_EDGE('',*,*,#922,.T.);
#1186=CARTESIAN_POINT('',(0.183210036781708,-1.399999999999988,-8.199999999999992));
#1187=DIRECTION('',(-1.0,0.0,0.0));
#1188=VECTOR('',#1187,0.366420073563416);
#1189=LINE('',#1186,#1188);
#1190=EDGE_CURVE('',#934,#911,#1189,.T.);
#1191=ORIENTED_EDGE('',*,*,#1190,.F.);
#1192=ORIENTED_EDGE('',*,*,#941,.T.);
#1193=ORIENTED_EDGE('',*,*,#1168,.T.);
#1194=EDGE_LOOP('',(#1185,#1191,#1192,#1193));
#1195=FACE_OUTER_BOUND('',#1194,.T.);
#1196=ADVANCED_FACE('',(#1195),#1184,.T.);
#1197=CARTESIAN_POINT('',(-0.201531040459871,1.540000000000012,-8.199999999999992));
#1198=DIRECTION('',(0.0,0.0,-1.0));
#1199=DIRECTION('',(-1.0,0.0,0.0));
#1200=AXIS2_PLACEMENT_3D('',#1197,#1198,#1199);
#1201=PLANE('',#1200);
#1202=ORIENTED_EDGE('',*,*,#916,.T.);
#1203=ORIENTED_EDGE('',*,*,#1141,.F.);
#1204=ORIENTED_EDGE('',*,*,#949,.T.);
#1205=ORIENTED_EDGE('',*,*,#1190,.T.);
#1206=EDGE_LOOP('',(#1202,#1203,#1204,#1205));
#1207=FACE_OUTER_BOUND('',#1206,.T.);
#1208=ADVANCED_FACE('',(#1207),#1201,.T.);
#1209=CARTESIAN_POINT('',(0.439999999999993,2.400000000000001,-7.469842660394351));
#1210=DIRECTION('',(0.0,1.0,0.0));
#1211=DIRECTION('',(0.0,0.0,1.0));
#1212=AXIS2_PLACEMENT_3D('',#1209,#1210,#1211);
#1213=PLANE('',#1212);
#1214=ORIENTED_EDGE('',*,*,#826,.T.);
#1215=CARTESIAN_POINT('',(0.4,2.400000000000001,-1.8031467921133));
#1216=DIRECTION('',(-1.0,0.0,0.0));
#1217=VECTOR('',#1216,0.8);
#1218=LINE('',#1215,#1217);
#1219=EDGE_CURVE('',#1032,#813,#1218,.T.);
#1220=ORIENTED_EDGE('',*,*,#1219,.F.);
#1221=ORIENTED_EDGE('',*,*,#1037,.T.);
#1222=ORIENTED_EDGE('',*,*,#1134,.T.);
#1223=EDGE_LOOP('',(#1214,#1220,#1221,#1222));
#1224=FACE_OUTER_BOUND('',#1223,.T.);
#1225=ADVANCED_FACE('',(#1224),#1213,.T.);
#1226=CARTESIAN_POINT('',(-0.439999999999993,2.670497021513436,-1.8031467921133));
#1227=DIRECTION('',(0.0,0.0,-1.0));
#1228=DIRECTION('',(-1.0,0.0,0.0));
#1229=AXIS2_PLACEMENT_3D('',#1226,#1227,#1228);
#1230=PLANE('',#1229);
#1231=ORIENTED_EDGE('',*,*,#818,.T.);
#1232=CARTESIAN_POINT('',(0.4,2.657616210965177,-1.8031467921133));
#1233=DIRECTION('',(-1.0,0.0,0.0));
#1234=VECTOR('',#1233,0.8);
#1235=LINE('',#1232,#1234);
#1236=EDGE_CURVE('',#1040,#805,#1235,.T.);
#1237=ORIENTED_EDGE('',*,*,#1236,.F.);
#1238=ORIENTED_EDGE('',*,*,#1045,.T.);
#1239=ORIENTED_EDGE('',*,*,#1219,.T.);
#1240=EDGE_LOOP('',(#1231,#1237,#1238,#1239));
#1241=FACE_OUTER_BOUND('',#1240,.T.);
#1242=ADVANCED_FACE('',(#1241),#1230,.T.);
#1243=CARTESIAN_POINT('',(0.439999999999993,2.657616210965177,-1.876274508467329));
#1244=DIRECTION('',(0.0,1.0,0.0));
#1245=DIRECTION('',(0.0,0.0,1.0));
#1246=AXIS2_PLACEMENT_3D('',#1243,#1244,#1245);
#1247=PLANE('',#1246);
#1248=ORIENTED_EDGE('',*,*,#810,.T.);
#1249=CARTESIAN_POINT('',(0.4,2.657616210965177,-0.340592465032732));
#1250=DIRECTION('',(-1.0,0.0,0.0));
#1251=VECTOR('',#1250,0.8);
#1252=LINE('',#1249,#1251);
#1253=EDGE_CURVE('',#1048,#797,#1252,.T.);
#1254=ORIENTED_EDGE('',*,*,#1253,.F.);
#1255=ORIENTED_EDGE('',*,*,#1053,.T.);
#1256=ORIENTED_EDGE('',*,*,#1236,.T.);
#1257=EDGE_LOOP('',(#1248,#1254,#1255,#1256));
#1258=FACE_OUTER_BOUND('',#1257,.T.);
#1259=ADVANCED_FACE('',(#1258),#1247,.T.);
#1260=CARTESIAN_POINT('',(-0.439999999999993,3.386964037602598,-0.650202254331778));
#1261=DIRECTION('',(0.0,-0.390752521294847,-0.920495772451846));
#1262=DIRECTION('',(-1.0,0.0,0.0));
#1263=AXIS2_PLACEMENT_3D('',#1260,#1261,#1262);
#1264=PLANE('',#1263);
#1265=ORIENTED_EDGE('',*,*,#802,.T.);
#1266=CARTESIAN_POINT('',(0.4,3.352233188715108,-0.635458931031819));
#1267=DIRECTION('',(-1.0,0.0,0.0));
#1268=VECTOR('',#1267,0.8);
#1269=LINE('',#1266,#1268);
#1270=EDGE_CURVE('',#1056,#788,#1269,.T.);
#1271=ORIENTED_EDGE('',*,*,#1270,.F.);
#1272=ORIENTED_EDGE('',*,*,#1061,.T.);
#1273=ORIENTED_EDGE('',*,*,#1253,.T.);
#1274=EDGE_LOOP('',(#1265,#1271,#1272,#1273));
#1275=FACE_OUTER_BOUND('',#1274,.T.);
#1276=ADVANCED_FACE('',(#1275),#1264,.T.);
#1277=CARTESIAN_POINT('',(0.439999999999993,3.325467312811128,-0.446026378589934));
#1278=DIRECTION('',(-1.0,0.0,0.0));
#1279=DIRECTION('',(0.0,-0.948440913520341,0.316953992813944));
#1280=AXIS2_PLACEMENT_3D('',#1277,#1278,#1279);
#1281=CYLINDRICAL_SURFACE('',#1280,0.19131415012369);
#1282=ORIENTED_EDGE('',*,*,#794,.T.);
#1283=CARTESIAN_POINT('',(0.4,3.460746845700542,-0.310746845700544));
#1284=DIRECTION('',(-1.0,0.0,0.0));
#1285=VECTOR('',#1284,0.8);
#1286=LINE('',#1283,#1285);
#1287=EDGE_CURVE('',#1064,#780,#1286,.T.);
#1288=ORIENTED_EDGE('',*,*,#1287,.F.);
#1289=ORIENTED_EDGE('',*,*,#1070,.T.);
#1290=ORIENTED_EDGE('',*,*,#1270,.T.);
#1291=EDGE_LOOP('',(#1282,#1288,#1289,#1290));
#1292=FACE_OUTER_BOUND('',#1291,.T.);
#1293=ADVANCED_FACE('',(#1292),#1281,.T.);
#1294=CARTESIAN_POINT('',(0.439999999999993,3.476284187985563,-0.326284187985564));
#1295=DIRECTION('',(0.0,0.70710678118655,0.707106781186545));
#1296=DIRECTION('',(1.0,0.0,0.0));
#1297=AXIS2_PLACEMENT_3D('',#1294,#1295,#1296);
#1298=PLANE('',#1297);
#1299=ORIENTED_EDGE('',*,*,#785,.T.);
#1300=CARTESIAN_POINT('',(0.4,3.149999999999999,0.0));
#1301=DIRECTION('',(-1.0,0.0,0.0));
#1302=VECTOR('',#1301,0.8);
#1303=LINE('',#1300,#1302);
#1304=EDGE_CURVE('',#1073,#772,#1303,.T.);
#1305=ORIENTED_EDGE('',*,*,#1304,.F.);
#1306=ORIENTED_EDGE('',*,*,#1078,.T.);
#1307=ORIENTED_EDGE('',*,*,#1287,.T.);
#1308=EDGE_LOOP('',(#1299,#1305,#1306,#1307));
#1309=FACE_OUTER_BOUND('',#1308,.T.);
#1310=ADVANCED_FACE('',(#1309),#1298,.T.);
#1311=CARTESIAN_POINT('',(-0.439999999999993,-3.476284187985563,-0.326284187985564));
#1312=DIRECTION('',(0.0,-0.707106781186544,0.707106781186551));
#1313=DIRECTION('',(1.0,0.0,0.0));
#1314=AXIS2_PLACEMENT_3D('',#1311,#1312,#1313);
#1315=PLANE('',#1314);
#1316=ORIENTED_EDGE('',*,*,#881,.T.);
#1317=CARTESIAN_POINT('',(0.4,-3.460746845700542,-0.310746845700519));
#1318=DIRECTION('',(-1.0,0.0,0.0));
#1319=VECTOR('',#1318,0.8);
#1320=LINE('',#1317,#1319);
#1321=EDGE_CURVE('',#984,#869,#1320,.T.);
#1322=ORIENTED_EDGE('',*,*,#1321,.F.);
#1323=ORIENTED_EDGE('',*,*,#989,.T.);
#1324=CARTESIAN_POINT('',(-0.4,-3.149999999999999,0.0));
#1325=DIRECTION('',(1.0,0.0,0.0));
#1326=VECTOR('',#1325,0.8);
#1327=LINE('',#1324,#1326);
#1328=EDGE_CURVE('',#740,#974,#1327,.T.);
#1329=ORIENTED_EDGE('',*,*,#1328,.F.);
#1330=EDGE_LOOP('',(#1316,#1322,#1323,#1329));
#1331=FACE_OUTER_BOUND('',#1330,.T.);
#1332=ADVANCED_FACE('',(#1331),#1315,.T.);
#1333=CARTESIAN_POINT('',(0.439999999999993,-3.325467312811128,-0.446026378589934));
#1334=DIRECTION('',(-1.0,0.0,0.0));
#1335=DIRECTION('',(0.0,0.948440913520361,0.316953992813884));
#1336=AXIS2_PLACEMENT_3D('',#1333,#1334,#1335);
#1337=CYLINDRICAL_SURFACE('',#1336,0.19131415012369);
#1338=ORIENTED_EDGE('',*,*,#875,.T.);
#1339=CARTESIAN_POINT('',(0.4,-3.352233188715133,-0.635458931031819));
#1340=DIRECTION('',(-1.0,0.0,0.0));
#1341=VECTOR('',#1340,0.8);
#1342=LINE('',#1339,#1341);
#1343=EDGE_CURVE('',#992,#861,#1342,.T.);
#1344=ORIENTED_EDGE('',*,*,#1343,.F.);
#1345=ORIENTED_EDGE('',*,*,#998,.T.);
#1346=ORIENTED_EDGE('',*,*,#1321,.T.);
#1347=EDGE_LOOP('',(#1338,#1344,#1345,#1346));
#1348=FACE_OUTER_BOUND('',#1347,.T.);
#1349=ADVANCED_FACE('',(#1348),#1337,.T.);
#1350=CARTESIAN_POINT('',(-0.439999999999993,-2.622885362077713,-0.325849141732747));
#1351=DIRECTION('',(0.0,0.390752521294845,-0.920495772451847));
#1352=DIRECTION('',(-1.0,0.0,0.0));
#1353=AXIS2_PLACEMENT_3D('',#1350,#1351,#1352);
#1354=PLANE('',#1353);
#1355=ORIENTED_EDGE('',*,*,#866,.T.);
#1356=CARTESIAN_POINT('',(0.4,-2.657616210965203,-0.340592465032707));
#1357=DIRECTION('',(-1.0,0.0,0.0));
#1358=VECTOR('',#1357,0.8);
#1359=LINE('',#1356,#1358);
#1360=EDGE_CURVE('',#1001,#853,#1359,.T.);
#1361=ORIENTED_EDGE('',*,*,#1360,.F.);
#1362=ORIENTED_EDGE('',*,*,#1006,.T.);
#1363=ORIENTED_EDGE('',*,*,#1343,.T.);
#1364=EDGE_LOOP('',(#1355,#1361,#1362,#1363));
#1365=FACE_OUTER_BOUND('',#1364,.T.);
#1366=ADVANCED_FACE('',(#1365),#1354,.T.);
#1367=CARTESIAN_POINT('',(-0.439999999999993,-2.657616210965203,-1.872970376748351));
#1368=DIRECTION('',(0.0,-1.0,0.0));
#1369=DIRECTION('',(0.0,0.0,-1.0));
#1370=AXIS2_PLACEMENT_3D('',#1367,#1368,#1369);
#1371=PLANE('',#1370);
#1372=ORIENTED_EDGE('',*,*,#858,.T.);
#1373=CARTESIAN_POINT('',(0.4,-2.657616210965203,-1.799999999999988));
#1374=DIRECTION('',(-1.0,0.0,0.0));
#1375=VECTOR('',#1374,0.8);
#1376=LINE('',#1373,#1375);
#1377=EDGE_CURVE('',#1009,#845,#1376,.T.);
#1378=ORIENTED_EDGE('',*,*,#1377,.F.);
#1379=ORIENTED_EDGE('',*,*,#1014,.T.);
#1380=ORIENTED_EDGE('',*,*,#1360,.T.);
#1381=EDGE_LOOP('',(#1372,#1378,#1379,#1380));
#1382=FACE_OUTER_BOUND('',#1381,.T.);
#1383=ADVANCED_FACE('',(#1382),#1371,.T.);
#1384=CARTESIAN_POINT('',(-0.439999999999993,-2.387119189451743,-1.799999999999988));
#1385=DIRECTION('',(0.0,0.0,-1.0));
#1386=DIRECTION('',(-1.0,0.0,0.0));
#1387=AXIS2_PLACEMENT_3D('',#1384,#1385,#1386);
#1388=PLANE('',#1387);
#1389=ORIENTED_EDGE('',*,*,#850,.T.);
#1390=ORIENTED_EDGE('',*,*,#1175,.T.);
#1391=ORIENTED_EDGE('',*,*,#1022,.T.);
#1392=ORIENTED_EDGE('',*,*,#1377,.T.);
#1393=EDGE_LOOP('',(#1389,#1390,#1391,#1392));
#1394=FACE_OUTER_BOUND('',#1393,.T.);
#1395=ADVANCED_FACE('',(#1394),#1388,.T.);
#1396=CARTESIAN_POINT('',(3.1047901215573,7.750000000000013,12.357820758454315));
#1397=DIRECTION('',(0.0,-1.0,0.0));
#1398=DIRECTION('',(0.0,0.0,-1.0));
#1399=AXIS2_PLACEMENT_3D('',#1396,#1397,#1398);
#1400=PLANE('',#1399);
#1401=CARTESIAN_POINT('',(2.355313142662795,7.749999999999988,14.126474862900855));
#1402=VERTEX_POINT('',#1401);
#1403=CARTESIAN_POINT('',(2.35531314266277,7.750000000000013,14.581674044804075));
#1404=VERTEX_POINT('',#1403);
#1405=CARTESIAN_POINT('',(2.35531314266277,7.750000000000013,14.126474862900855));
#1406=DIRECTION('',(0.0,0.0,1.0));
#1407=VECTOR('',#1406,0.455199181903218);
#1408=LINE('',#1405,#1407);
#1409=EDGE_CURVE('',#1402,#1404,#1408,.T.);
#1410=ORIENTED_EDGE('',*,*,#1409,.F.);
#1411=CARTESIAN_POINT('',(1.334546100386103,7.749999999999988,13.898306396083409));
#1412=VERTEX_POINT('',#1411);
#1413=CARTESIAN_POINT('',(1.334546100386103,7.749999999999988,13.898306396083409));
#1414=DIRECTION('',(0.975916761938748,0.0,0.218143241396541));
#1415=VECTOR('',#1414,1.045957075528499);
#1416=LINE('',#1413,#1415);
#1417=EDGE_CURVE('',#1412,#1402,#1416,.T.);
#1418=ORIENTED_EDGE('',*,*,#1417,.F.);
#1419=CARTESIAN_POINT('',(-1.334546100386103,7.749999999999988,13.301693603916585));
#1420=VERTEX_POINT('',#1419);
#1421=CARTESIAN_POINT('',(0.065442972418975,7.749999999999988,13.307224971418368));
#1422=DIRECTION('',(0.0,-1.0,0.0));
#1423=DIRECTION('',(-0.999992194860754,0.0,-0.003950976786989));
#1424=AXIS2_PLACEMENT_3D('',#1421,#1422,#1423);
#1425=CIRCLE('',#1424,1.399999999999988);
#1426=EDGE_CURVE('',#1420,#1412,#1425,.T.);
#1427=ORIENTED_EDGE('',*,*,#1426,.F.);
#1428=CARTESIAN_POINT('',(-2.355313142662795,7.749999999999988,13.073525137099162));
#1429=VERTEX_POINT('',#1428);
#1430=CARTESIAN_POINT('',(-2.355313142662795,7.749999999999988,13.073525137099162));
#1431=DIRECTION('',(0.975916761938748,0.0,0.218143241396542));
#1432=VECTOR('',#1431,1.045957075528493);
#1433=LINE('',#1430,#1432);
#1434=EDGE_CURVE('',#1429,#1420,#1433,.T.);
#1435=ORIENTED_EDGE('',*,*,#1434,.F.);
#1436=CARTESIAN_POINT('',(-2.355313142662795,7.750000000000013,13.887733901387749));
#1437=VERTEX_POINT('',#1436);
#1438=CARTESIAN_POINT('',(-2.35531314266277,7.750000000000013,13.887733901387749));
#1439=DIRECTION('',(0.0,0.0,-1.0));
#1440=VECTOR('',#1439,0.814208764288587);
#1441=LINE('',#1438,#1440);
#1442=EDGE_CURVE('',#1437,#1429,#1441,.T.);
#1443=ORIENTED_EDGE('',*,*,#1442,.F.);
#1444=CARTESIAN_POINT('',(2.35531314266277,7.750000000000013,14.581674044804076));
#1445=CARTESIAN_POINT('',(-0.666904503781848,7.750000000000014,17.163818539641159));
#1446=CARTESIAN_POINT('',(-2.355313142662795,7.750000000000013,13.887733901387749));
#1454=(BOUNDED_CURVE()B_SPLINE_CURVE(2,(#1444,#1445,#1446),.UNSPECIFIED.,.F.,.U.)B_SPLINE_CURVE_WITH_KNOTS((3,3),(0.03767688091189,0.640482274285464),.UNSPECIFIED.)CURVE()GEOMETRIC_REPRESENTATION_ITEM()RATIONAL_B_SPLINE_CURVE((1.006468606813748,1.055323098988348,1.011629642571624))REPRESENTATION_ITEM(''));
#1455=EDGE_CURVE('',#1404,#1437,#1454,.T.);
#1456=ORIENTED_EDGE('',*,*,#1455,.F.);
#1457=EDGE_LOOP('',(#1410,#1418,#1427,#1435,#1443,#1456));
#1458=FACE_OUTER_BOUND('',#1457,.T.);
#1459=CARTESIAN_POINT('',(0.92712092384182,7.750000000000013,13.807236079326714));
#1460=VERTEX_POINT('',#1459);
#1461=CARTESIAN_POINT('',(1.087599E-015,7.750000000000013,13.600000000000009));
#1462=DIRECTION('',(0.0,-1.0,0.0));
#1463=DIRECTION('',(0.975916761938747,0.0,0.218143241396543));
#1464=AXIS2_PLACEMENT_3D('',#1461,#1462,#1463);
#1465=CIRCLE('',#1464,0.95000000000001);
#1466=EDGE_CURVE('',#1460,#1460,#1465,.T.);
#1467=ORIENTED_EDGE('',*,*,#1466,.T.);
#1468=EDGE_LOOP('',(#1467));
#1469=FACE_BOUND('',#1468,.T.);
#1470=ADVANCED_FACE('',(#1458,#1469),#1400,.F.);
#1471=CARTESIAN_POINT('',(16.161796468587095,0.0,-58.703721058517957));
#1472=DIRECTION('',(0.218143241396543,0.0,-0.975916761938747));
#1473=DIRECTION('',(0.975916761938747,2.156595E-031,0.218143241396543));
#1474=AXIS2_PLACEMENT_3D('',#1471,#1472,#1473);
#1475=CONICAL_SURFACE('',#1474,25.400000000000002,13.033356325913843);
#1476=CARTESIAN_POINT('',(7.00608695685191,4.065064028158655,15.16604597633669));
#1477=VERTEX_POINT('',#1476);
#1478=CARTESIAN_POINT('',(7.006086956851884,-4.06506402815868,15.16604597633669));
#1479=VERTEX_POINT('',#1478);
#1480=CARTESIAN_POINT('',(-1.147347E-016,0.0,13.600000000000009));
#1481=DIRECTION('',(0.218143241396543,1.094764E-047,-0.975916761938747));
#1482=DIRECTION('',(0.975916761938747,2.156595E-031,0.218143241396543));
#1483=AXIS2_PLACEMENT_3D('',#1480,#1481,#1482);
#1484=CIRCLE('',#1483,8.249999999999995);
#1485=EDGE_CURVE('',#1477,#1479,#1484,.T.);
#1486=ORIENTED_EDGE('',*,*,#1485,.F.);
#1487=CARTESIAN_POINT('',(2.355313142662775,7.750000000000011,14.581674044804021));
#1488=CARTESIAN_POINT('',(2.565982885874169,7.685975069039083,14.609411299581643));
#1489=CARTESIAN_POINT('',(2.774536731529002,7.613190339156885,14.636623252752884));
#1490=CARTESIAN_POINT('',(3.989722210404079,7.132441688160699,14.794029683384586));
#1491=CARTESIAN_POINT('',(4.916508646369574,6.5185175249586,14.909540483857235));
#1492=CARTESIAN_POINT('',(6.161560530916848,5.305831714944728,15.063201101599002));
#1493=CARTESIAN_POINT('',(6.628205403479851,4.716338154218182,15.120147115078641));
#1494=CARTESIAN_POINT('',(7.006086956851925,4.065064028158659,15.166045976336612));
#1495=B_SPLINE_CURVE_WITH_KNOTS('',3,(#1487,#1488,#1489,#1490,#1491,#1492,#1493,#1494),.UNSPECIFIED.,.F.,.U.,(4,2,2,4),(-0.993828793743809,-0.931016763399387,-0.621949823970365,-0.407572841950141),.UNSPECIFIED.);
#1496=EDGE_CURVE('',#1404,#1477,#1495,.T.);
#1497=ORIENTED_EDGE('',*,*,#1496,.F.);
#1498=ORIENTED_EDGE('',*,*,#1455,.T.);
#1499=CARTESIAN_POINT('',(-7.006086956851325,4.065064028159646,12.033954023663451));
#1500=VERTEX_POINT('',#1499);
#1501=CARTESIAN_POINT('',(-7.006086956851238,4.065064028159842,12.03395402366314));
#1502=CARTESIAN_POINT('',(-6.891385956342518,4.262749766449606,12.194472026926274));
#1503=CARTESIAN_POINT('',(-6.763348252916897,4.463719272387543,12.335182800845628));
#1504=CARTESIAN_POINT('',(-6.38981388750599,4.994762423201881,12.668417703507249));
#1505=CARTESIAN_POINT('',(-6.124064573435648,5.315313302669024,12.828774700001144));
#1506=CARTESIAN_POINT('',(-5.516552108662208,5.9518513916314,13.122896679143519));
#1507=CARTESIAN_POINT('',(-5.121835504013934,6.297733671430409,13.260922142102604));
#1508=CARTESIAN_POINT('',(-4.251540880983278,6.915131844617854,13.507118671051082));
#1509=CARTESIAN_POINT('',(-3.776048897667768,7.186762342428804,13.615306447638078));
#1510=CARTESIAN_POINT('',(-2.977024458964805,7.540207406657617,13.775629526294338));
#1511=CARTESIAN_POINT('',(-2.668533316418502,7.654808826865302,13.832817110854629));
#1512=CARTESIAN_POINT('',(-2.355313142662778,7.750000000000008,13.887733901387666));
#1513=B_SPLINE_CURVE_WITH_KNOTS('',3,(#1501,#1502,#1503,#1504,#1505,#1506,#1507,#1508,#1509,#1510,#1511,#1512),.UNSPECIFIED.,.F.,.U.,(4,2,2,2,2,4),(-2.061041898217858,-1.989921070887724,-1.868758278357929,-1.71158963447555,-1.55442099059317,-1.460081228641577),.UNSPECIFIED.);
#1514=EDGE_CURVE('',#1500,#1437,#1513,.T.);
#1515=ORIENTED_EDGE('',*,*,#1514,.F.);
#1516=CARTESIAN_POINT('',(-7.006086956851351,-4.065064028159646,12.033954023663451));
#1517=VERTEX_POINT('',#1516);
#1518=CARTESIAN_POINT('',(-1.147347E-016,0.0,13.600000000000009));
#1519=DIRECTION('',(0.218143241396543,1.094764E-047,-0.975916761938747));
#1520=DIRECTION('',(0.975916761938747,2.156595E-031,0.218143241396543));
#1521=AXIS2_PLACEMENT_3D('',#1518,#1519,#1520);
#1522=CIRCLE('',#1521,8.249999999999995);
#1523=EDGE_CURVE('',#1517,#1500,#1522,.T.);
#1524=ORIENTED_EDGE('',*,*,#1523,.F.);
#1525=CARTESIAN_POINT('',(-2.35531314266277,-7.750000000000013,13.887733901387771));
#1526=VERTEX_POINT('',#1525);
#1527=CARTESIAN_POINT('',(-2.355313142662754,-7.750000000000017,13.887733901387669));
#1528=CARTESIAN_POINT('',(-2.668533316418489,-7.654808826865308,13.832817110854629));
#1529=CARTESIAN_POINT('',(-2.977024458964801,-7.540207406657618,13.775629526294326));
#1530=CARTESIAN_POINT('',(-3.776048897667773,-7.186762342428801,13.61530644763806));
#1531=CARTESIAN_POINT('',(-4.251540880983288,-6.915131844617845,13.507118671051083));
#1532=CARTESIAN_POINT('',(-5.121835504013942,-6.297733671430401,13.260922142102604));
#1533=CARTESIAN_POINT('',(-5.516552108662215,-5.951851391631397,13.122896679143505));
#1534=CARTESIAN_POINT('',(-6.124064573435655,-5.315313302669019,12.828774700001128));
#1535=CARTESIAN_POINT('',(-6.389813887506001,-4.994762423201865,12.668417703507268));
#1536=CARTESIAN_POINT('',(-6.763348252916908,-4.463719272387523,12.335182800845654));
#1537=CARTESIAN_POINT('',(-6.891385956342521,-4.262749766449597,12.194472026926279));
#1538=CARTESIAN_POINT('',(-7.006086956851244,-4.06506402815983,12.033954023663147));
#1539=B_SPLINE_CURVE_WITH_KNOTS('',3,(#1527,#1528,#1529,#1530,#1531,#1532,#1533,#1534,#1535,#1536,#1537,#1538),.UNSPECIFIED.,.F.,.U.,(4,2,2,2,2,4),(-4.216040008550992,-4.121700246599396,-3.964531602717016,-3.807362958834636,-3.686200166304841,-3.615079338974709),.UNSPECIFIED.);
#1540=EDGE_CURVE('',#1526,#1517,#1539,.T.);
#1541=ORIENTED_EDGE('',*,*,#1540,.F.);
#1542=CARTESIAN_POINT('',(2.35531314266277,-7.750000000000013,14.581674044804075));
#1543=VERTEX_POINT('',#1542);
#1544=CARTESIAN_POINT('',(-2.35531314266277,-7.750000000000013,13.887733901387771));
#1545=CARTESIAN_POINT('',(-0.666904503781822,-7.750000000000014,17.163818539641159));
#1546=CARTESIAN_POINT('',(2.35531314266277,-7.750000000000013,14.581674044804076));
#1554=(BOUNDED_CURVE()B_SPLINE_CURVE(2,(#1544,#1545,#1546),.UNSPECIFIED.,.F.,.U.)B_SPLINE_CURVE_WITH_KNOTS((3,3),(0.071292971139664,0.674098364513236),.UNSPECIFIED.)CURVE()GEOMETRIC_REPRESENTATION_ITEM()RATIONAL_B_SPLINE_CURVE((1.011629642571624,1.055323098988348,1.006468606813748))REPRESENTATION_ITEM(''));
#1555=EDGE_CURVE('',#1526,#1543,#1554,.T.);
#1556=ORIENTED_EDGE('',*,*,#1555,.T.);
#1557=CARTESIAN_POINT('',(7.006086956851908,-4.065064028158687,15.166045976336612));
#1558=CARTESIAN_POINT('',(6.628205403479837,-4.7163381542182,15.120147115078641));
#1559=CARTESIAN_POINT('',(6.16156053091684,-5.305831714944738,15.06320110159902));
#1560=CARTESIAN_POINT('',(4.916508646369571,-6.518517524958605,14.909540483857256));
#1561=CARTESIAN_POINT('',(3.989722210404075,-7.132441688160702,14.794029683384579));
#1562=CARTESIAN_POINT('',(2.774536731528998,-7.613190339156888,14.636623252752877));
#1563=CARTESIAN_POINT('',(2.565982885874165,-7.685975069039084,14.609411299581641));
#1564=CARTESIAN_POINT('',(2.355313142662774,-7.750000000000011,14.581674044804018));
#1565=B_SPLINE_CURVE_WITH_KNOTS('',3,(#1557,#1558,#1559,#1560,#1561,#1562,#1563,#1564),.UNSPECIFIED.,.F.,.U.,(4,2,2,4),(-5.268548395242423,-5.054171413222202,-4.745104473793179,-4.682292443448757),.UNSPECIFIED.);
#1566=EDGE_CURVE('',#1479,#1543,#1565,.T.);
#1567=ORIENTED_EDGE('',*,*,#1566,.F.);
#1568=EDGE_LOOP('',(#1486,#1497,#1498,#1515,#1524,#1541,#1556,#1567));
#1569=FACE_OUTER_BOUND('',#1568,.T.);
#1570=CARTESIAN_POINT('',(-8.009390837112578,-7.548082E-031,17.34294782469345));
#1571=VERTEX_POINT('',#1570);
#1572=CARTESIAN_POINT('',(5.653443830029908,1.509616E-030,20.396953204245026));
#1573=VERTEX_POINT('',#1572);
#1574=CARTESIAN_POINT('',(-8.009390837112557,0.0,17.342947824693432));
#1575=CARTESIAN_POINT('',(-8.009390837112557,-0.893684148693385,17.342947824693432));
#1576=CARTESIAN_POINT('',(-7.832259643060277,-1.847239231584776,17.333357480943079));
#1577=CARTESIAN_POINT('',(-7.11439752128361,-3.606744546091818,17.316210119962669));
#1578=CARTESIAN_POINT('',(-6.57428870385459,-4.412972073699281,17.311160930831676));
#1579=CARTESIAN_POINT('',(-5.326438004457364,-5.700869528431611,17.352065419237807));
#1580=CARTESIAN_POINT('',(-4.531832189074766,-6.267880327730695,17.401571759348133));
#1581=CARTESIAN_POINT('',(-2.795432398385903,-7.025109905217954,17.607938572328159));
#1582=CARTESIAN_POINT('',(-1.853782069849502,-7.214951688137243,17.767382748512084));
#1583=CARTESIAN_POINT('',(-0.097033108165707,-7.214951688137243,18.160062665250479));
#1584=CARTESIAN_POINT('',(0.822885611437312,-7.025109905217959,18.416728471067355));
#1585=CARTESIAN_POINT('',(2.481893831382104,-6.267880327730705,18.969325268705077));
#1586=CARTESIAN_POINT('',(3.221953443607244,-5.70086952843161,19.262857294051756));
#1587=CARTESIAN_POINT('',(4.368458797955893,-4.412972073699281,19.757154793142934));
#1588=CARTESIAN_POINT('',(4.855014027069943,-3.606744546091825,19.991690585714665));
#1589=CARTESIAN_POINT('',(5.49725410358368,-1.84723923158478,20.31285680745961));
#1590=CARTESIAN_POINT('',(5.653443830029899,-0.893684148693386,20.396953204245037));
#1591=CARTESIAN_POINT('',(5.6534438300299,-1.387779E-016,20.396953204245037));
#1592=B_SPLINE_CURVE_WITH_KNOTS('',3,(#1574,#1575,#1576,#1577,#1578,#1579,#1580,#1581,#1582,#1583,#1584,#1585,#1586,#1587,#1588,#1589,#1590,#1591),.UNSPECIFIED.,.F.,.U.,(4,2,2,2,2,2,2,2,4),(0.0,0.268105244608015,0.536210489216031,0.806225673430183,1.076240857644335,1.346256041858486,1.616271226072638,1.884376470680654,2.15248171528867),.UNSPECIFIED.);
#1593=EDGE_CURVE('',#1571,#1573,#1592,.T.);
#1594=ORIENTED_EDGE('',*,*,#1593,.F.);
#1595=CARTESIAN_POINT('',(5.6534438300299,-1.387779E-016,20.396953204245037));
#1596=CARTESIAN_POINT('',(5.6534438300299,0.893684148693383,20.396953204245037));
#1597=CARTESIAN_POINT('',(5.497254103583678,1.847239231584769,20.312856807459603));
#1598=CARTESIAN_POINT('',(4.855014027069943,3.606744546091809,19.991690585714661));
#1599=CARTESIAN_POINT('',(4.368458797955904,4.412972073699272,19.757154793142952));
#1600=CARTESIAN_POINT('',(3.221953443607259,5.700869528431606,19.26285729405177));
#1601=CARTESIAN_POINT('',(2.48189383138212,6.267880327730692,18.969325268705077));
#1602=CARTESIAN_POINT('',(0.822885611437322,7.025109905217954,18.416728471067355));
#1603=CARTESIAN_POINT('',(-0.097033108165703,7.214951688137242,18.160062665250489));
#1604=CARTESIAN_POINT('',(-1.853782069849502,7.214951688137242,17.767382748512091));
#1605=CARTESIAN_POINT('',(-2.795432398385902,7.025109905217954,17.607938572328159));
#1606=CARTESIAN_POINT('',(-4.531832189074767,6.267880327730695,17.401571759348133));
#1607=CARTESIAN_POINT('',(-5.326438004457364,5.70086952843161,17.352065419237807));
#1608=CARTESIAN_POINT('',(-6.574288703854587,4.41297207369928,17.311160930831676));
#1609=CARTESIAN_POINT('',(-7.114397521283605,3.606744546091819,17.316210119962669));
#1610=CARTESIAN_POINT('',(-7.832259643060274,1.847239231584779,17.333357480943079));
#1611=CARTESIAN_POINT('',(-8.009390837112559,0.893684148693386,17.342947824693425));
#1612=CARTESIAN_POINT('',(-8.009390837112559,0.0,17.342947824693425));
#1613=B_SPLINE_CURVE_WITH_KNOTS('',3,(#1595,#1596,#1597,#1598,#1599,#1600,#1601,#1602,#1603,#1604,#1605,#1606,#1607,#1608,#1609,#1610,#1611,#1612),.UNSPECIFIED.,.F.,.U.,(4,2,2,2,2,2,2,2,4),(2.15248171528867,2.420586959896685,2.6886922045047,2.958707388718852,3.228722572933005,3.498737757147157,3.768752941361309,4.036858185969324,4.30496343057734),.UNSPECIFIED.);
#1614=EDGE_CURVE('',#1573,#1571,#1613,.T.);
#1615=ORIENTED_EDGE('',*,*,#1614,.F.);
#1616=EDGE_LOOP('',(#1594,#1615));
#1617=FACE_BOUND('',#1616,.T.);
#1618=ADVANCED_FACE('',(#1569,#1617),#1475,.T.);
#1619=CARTESIAN_POINT('',(2.180392443660697,-7.749999999999988,16.493338241284111));
#1620=DIRECTION('',(0.0,1.0,0.0));
#1621=DIRECTION('',(0.0,0.0,1.0));
#1622=AXIS2_PLACEMENT_3D('',#1619,#1620,#1621);
#1623=PLANE('',#1622);
#1624=CARTESIAN_POINT('',(-2.35531314266282,-7.749999999999988,13.073525137099162));
#1625=VERTEX_POINT('',#1624);
#1626=CARTESIAN_POINT('',(-2.355313142662795,-7.749999999999988,13.073525137099162));
#1627=DIRECTION('',(0.0,0.0,1.0));
#1628=VECTOR('',#1627,0.814208764288608);
#1629=LINE('',#1626,#1628);
#1630=EDGE_CURVE('',#1625,#1526,#1629,.T.);
#1631=ORIENTED_EDGE('',*,*,#1630,.F.);
#1632=CARTESIAN_POINT('',(-1.334546100386103,-7.749999999999988,13.301693603916585));
#1633=VERTEX_POINT('',#1632);
#1634=CARTESIAN_POINT('',(-1.334546100386103,-7.749999999999988,13.301693603916585));
#1635=DIRECTION('',(-0.975916761938748,0.0,-0.218143241396542));
#1636=VECTOR('',#1635,1.045957075528518);
#1637=LINE('',#1634,#1636);
#1638=EDGE_CURVE('',#1633,#1625,#1637,.T.);
#1639=ORIENTED_EDGE('',*,*,#1638,.F.);
#1640=CARTESIAN_POINT('',(1.334546100386103,-7.749999999999988,13.898306396083409));
#1641=VERTEX_POINT('',#1640);
#1642=CARTESIAN_POINT('',(0.065442972418975,-7.749999999999988,13.307224971418368));
#1643=DIRECTION('',(0.0,-1.0,0.0));
#1644=DIRECTION('',(-0.999992194860754,0.0,-0.003950976786989));
#1645=AXIS2_PLACEMENT_3D('',#1642,#1643,#1644);
#1646=CIRCLE('',#1645,1.399999999999988);
#1647=EDGE_CURVE('',#1633,#1641,#1646,.T.);
#1648=ORIENTED_EDGE('',*,*,#1647,.T.);
#1649=CARTESIAN_POINT('',(2.355313142662795,-7.749999999999988,14.126474862900832));
#1650=VERTEX_POINT('',#1649);
#1651=CARTESIAN_POINT('',(2.355313142662795,-7.749999999999988,14.126474862900832));
#1652=DIRECTION('',(-0.975916761938748,0.0,-0.21814324139654));
#1653=VECTOR('',#1652,1.045957075528493);
#1654=LINE('',#1651,#1653);
#1655=EDGE_CURVE('',#1650,#1641,#1654,.T.);
#1656=ORIENTED_EDGE('',*,*,#1655,.F.);
#1657=CARTESIAN_POINT('',(2.355313142662795,-7.749999999999988,14.581674044804075));
#1658=DIRECTION('',(0.0,0.0,-1.0));
#1659=VECTOR('',#1658,0.455199181903243);
#1660=LINE('',#1657,#1659);
#1661=EDGE_CURVE('',#1543,#1650,#1660,.T.);
#1662=ORIENTED_EDGE('',*,*,#1661,.F.);
#1663=ORIENTED_EDGE('',*,*,#1555,.F.);
#1664=EDGE_LOOP('',(#1631,#1639,#1648,#1656,#1662,#1663));
#1665=FACE_OUTER_BOUND('',#1664,.T.);
#1666=CARTESIAN_POINT('',(-0.92712092384182,-7.749999999999988,13.3927639206733));
#1667=VERTEX_POINT('',#1666);
#1668=CARTESIAN_POINT('',(1.087599E-015,-7.749999999999988,13.600000000000009));
#1669=DIRECTION('',(0.0,1.0,0.0));
#1670=DIRECTION('',(0.975916761938747,0.0,0.218143241396543));
#1671=AXIS2_PLACEMENT_3D('',#1668,#1669,#1670);
#1672=CIRCLE('',#1671,0.95000000000001);
#1673=EDGE_CURVE('',#1667,#1667,#1672,.T.);
#1674=ORIENTED_EDGE('',*,*,#1673,.T.);
#1675=EDGE_LOOP('',(#1674));
#1676=FACE_BOUND('',#1675,.T.);
#1677=ADVANCED_FACE('',(#1665,#1676),#1623,.F.);
#1678=CARTESIAN_POINT('',(1.009471212259659,8.788217276708704,13.874315733451493));
#1679=DIRECTION('',(-0.136746526753125,-0.779127287895436,0.611768793481377));
#1680=DIRECTION('',(0.975916761938747,0.0,0.218143241396543));
#1681=AXIS2_PLACEMENT_3D('',#1678,#1679,#1680);
#1682=PLANE('',#1681);
#1683=CARTESIAN_POINT('',(-0.92712092384182,8.750000000000002,13.3927639206733));
#1684=VERTEX_POINT('',#1683);
#1685=CARTESIAN_POINT('',(0.92712092412153,8.749999999414227,13.807236078075382));
#1686=VERTEX_POINT('',#1685);
#1687=CARTESIAN_POINT('',(1.087599E-015,8.750000000000002,13.600000000000009));
#1688=DIRECTION('',(-0.136746526753124,-0.779127287895437,0.611768793481376));
#1689=DIRECTION('',(-0.169961352042008,0.626865750585164,0.760363379941033));
#1690=AXIS2_PLACEMENT_3D('',#1687,#1688,#1689);
#1691=ELLIPSE('',#1690,1.219312960487007,0.95000000000001);
#1692=EDGE_CURVE('',#1684,#1686,#1691,.T.);
#1693=ORIENTED_EDGE('',*,*,#1692,.F.);
#1694=CARTESIAN_POINT('',(0.927120923841825,8.750000000000002,13.807236079326714));
#1695=DIRECTION('',(-0.975916761938747,0.0,-0.218143241396544));
#1696=VECTOR('',#1695,1.900000000000021);
#1697=LINE('',#1694,#1696);
#1698=EDGE_CURVE('',#1686,#1684,#1697,.T.);
#1699=ORIENTED_EDGE('',*,*,#1698,.F.);
#1700=EDGE_LOOP('',(#1693,#1699));
#1701=FACE_OUTER_BOUND('',#1700,.T.);
#1702=ADVANCED_FACE('',(#1701),#1682,.F.);
#1703=CARTESIAN_POINT('',(1.030194820192345,8.750000000000002,13.781603641067308));
#1704=DIRECTION('',(0.0,-1.0,0.0));
#1705=DIRECTION('',(0.0,0.0,-1.0));
#1706=AXIS2_PLACEMENT_3D('',#1703,#1704,#1705);
#1707=PLANE('',#1706);
#1708=ORIENTED_EDGE('',*,*,#1698,.T.);
#1709=CARTESIAN_POINT('',(1.087599E-015,8.750000000000002,13.600000000000009));
#1710=DIRECTION('',(0.0,1.0,0.0));
#1711=DIRECTION('',(0.975916761938747,0.0,0.218143241396543));
#1712=AXIS2_PLACEMENT_3D('',#1709,#1710,#1711);
#1713=CIRCLE('',#1712,0.95000000000001);
#1714=EDGE_CURVE('',#1684,#1686,#1713,.T.);
#1715=ORIENTED_EDGE('',*,*,#1714,.T.);
#1716=EDGE_LOOP('',(#1708,#1715));
#1717=FACE_OUTER_BOUND('',#1716,.T.);
#1718=ADVANCED_FACE('',(#1717),#1707,.F.);
#1719=CARTESIAN_POINT('',(1.056143E-015,8.800000000000004,13.600000000000009));
#1720=DIRECTION('',(0.0,-1.0,0.0));
#1721=DIRECTION('',(-0.975916761938747,0.0,-0.218143241396543));
#1722=AXIS2_PLACEMENT_3D('',#1719,#1720,#1721);
#1723=CYLINDRICAL_SURFACE('',#1722,0.95000000000001);
#1724=ORIENTED_EDGE('',*,*,#1466,.F.);
#1725=EDGE_LOOP('',(#1724));
#1726=FACE_OUTER_BOUND('',#1725,.T.);
#1727=ORIENTED_EDGE('',*,*,#1692,.T.);
#1728=ORIENTED_EDGE('',*,*,#1714,.F.);
#1729=EDGE_LOOP('',(#1727,#1728));
#1730=FACE_BOUND('',#1729,.T.);
#1731=ADVANCED_FACE('',(#1726,#1730),#1723,.T.);
#1732=CARTESIAN_POINT('',(0.065442972418975,6.952000000000005,13.307224971418368));
#1733=DIRECTION('',(0.0,1.0,0.0));
#1734=DIRECTION('',(-0.218143241396545,0.0,0.975916761938747));
#1735=AXIS2_PLACEMENT_3D('',#1732,#1733,#1734);
#1736=CYLINDRICAL_SURFACE('',#1735,1.399999999999988);
#1737=CARTESIAN_POINT('',(-1.334546100386103,6.990000000000004,13.301693603916585));
#1738=VERTEX_POINT('',#1737);
#1739=CARTESIAN_POINT('',(1.334546100386103,6.990000000000004,13.898306396083409));
#1740=VERTEX_POINT('',#1739);
#1741=CARTESIAN_POINT('',(0.065442972418975,6.990000000000004,13.307224971418368));
#1742=DIRECTION('',(0.0,-1.0,0.0));
#1743=DIRECTION('',(-0.999992194860754,0.0,-0.003950976786989));
#1744=AXIS2_PLACEMENT_3D('',#1741,#1742,#1743);
#1745=CIRCLE('',#1744,1.399999999999988);
#1746=EDGE_CURVE('',#1738,#1740,#1745,.T.);
#1747=ORIENTED_EDGE('',*,*,#1746,.F.);
#1748=CARTESIAN_POINT('',(-1.334546100386103,7.749999999999988,13.301693603916585));
#1749=DIRECTION('',(0.0,-1.0,0.0));
#1750=VECTOR('',#1749,0.759999999999984);
#1751=LINE('',#1748,#1750);
#1752=EDGE_CURVE('',#1420,#1738,#1751,.T.);
#1753=ORIENTED_EDGE('',*,*,#1752,.F.);
#1754=ORIENTED_EDGE('',*,*,#1426,.T.);
#1755=CARTESIAN_POINT('',(1.334546100386103,6.990000000000004,13.898306396083409));
#1756=DIRECTION('',(0.0,1.0,0.0));
#1757=VECTOR('',#1756,0.759999999999984);
#1758=LINE('',#1755,#1757);
#1759=EDGE_CURVE('',#1740,#1412,#1758,.T.);
#1760=ORIENTED_EDGE('',*,*,#1759,.F.);
#1761=EDGE_LOOP('',(#1747,#1753,#1754,#1760));
#1762=FACE_OUTER_BOUND('',#1761,.T.);
#1763=ADVANCED_FACE('',(#1762),#1736,.T.);
#1764=CARTESIAN_POINT('',(1.482617956879391,6.990000000000004,14.018344969248576));
#1765=DIRECTION('',(0.0,1.0,0.0));
#1766=DIRECTION('',(0.0,0.0,1.0));
#1767=AXIS2_PLACEMENT_3D('',#1764,#1765,#1766);
#1768=PLANE('',#1767);
#1769=ORIENTED_EDGE('',*,*,#1746,.T.);
#1770=CARTESIAN_POINT('',(-1.334546100386103,6.990000000000004,13.301693603916585));
#1771=DIRECTION('',(0.975916761938747,0.0,0.218143241396543));
#1772=VECTOR('',#1771,2.734958866235489);
#1773=LINE('',#1770,#1772);
#1774=EDGE_CURVE('',#1738,#1740,#1773,.T.);
#1775=ORIENTED_EDGE('',*,*,#1774,.F.);
#1776=EDGE_LOOP('',(#1769,#1775));
#1777=FACE_OUTER_BOUND('',#1776,.T.);
#1778=ADVANCED_FACE('',(#1777),#1768,.F.);
#1779=CARTESIAN_POINT('',(1.237430899519053,-7.947437189117403,12.854482717225489));
#1780=DIRECTION('',(-0.136746526753124,0.779127287895437,0.611768793481376));
#1781=DIRECTION('',(0.975916761938748,0.0,0.218143241396542));
#1782=AXIS2_PLACEMENT_3D('',#1779,#1780,#1781);
#1783=PLANE('',#1782);
#1784=CARTESIAN_POINT('',(0.92712092384182,-8.750000000000002,13.807236079326714));
#1785=VERTEX_POINT('',#1784);
#1786=CARTESIAN_POINT('',(-0.92712092384182,-8.750000000000002,13.392763920673277));
#1787=VERTEX_POINT('',#1786);
#1788=CARTESIAN_POINT('',(1.087599E-015,-8.750000000000002,13.600000000000009));
#1789=DIRECTION('',(-0.136746526753124,0.779127287895437,0.611768793481376));
#1790=DIRECTION('',(-0.169961352042008,-0.626865750585164,0.760363379941033));
#1791=AXIS2_PLACEMENT_3D('',#1788,#1789,#1790);
#1792=ELLIPSE('',#1791,1.219312960487007,0.95000000000001);
#1793=EDGE_CURVE('',#1785,#1787,#1792,.T.);
#1794=ORIENTED_EDGE('',*,*,#1793,.F.);
#1795=CARTESIAN_POINT('',(-0.92712092384182,-8.750000000000002,13.392763920673277));
#1796=DIRECTION('',(0.975916761938747,0.0,0.218143241396544));
#1797=VECTOR('',#1796,1.900000000000021);
#1798=LINE('',#1795,#1797);
#1799=EDGE_CURVE('',#1787,#1785,#1798,.T.);
#1800=ORIENTED_EDGE('',*,*,#1799,.F.);
#1801=EDGE_LOOP('',(#1794,#1800));
#1802=FACE_OUTER_BOUND('',#1801,.T.);
#1803=ADVANCED_FACE('',(#1802),#1783,.F.);
#1804=CARTESIAN_POINT('',(0.802235132932951,-8.750000000000002,14.801436657293312));
#1805=DIRECTION('',(0.0,1.0,0.0));
#1806=DIRECTION('',(0.0,0.0,1.0));
#1807=AXIS2_PLACEMENT_3D('',#1804,#1805,#1806);
#1808=PLANE('',#1807);
#1809=ORIENTED_EDGE('',*,*,#1799,.T.);
#1810=CARTESIAN_POINT('',(1.087599E-015,-8.750000000000002,13.600000000000009));
#1811=DIRECTION('',(0.0,1.0,0.0));
#1812=DIRECTION('',(0.975916761938747,0.0,0.218143241396543));
#1813=AXIS2_PLACEMENT_3D('',#1810,#1811,#1812);
#1814=CIRCLE('',#1813,0.95000000000001);
#1815=EDGE_CURVE('',#1787,#1785,#1814,.T.);
#1816=ORIENTED_EDGE('',*,*,#1815,.F.);
#1817=EDGE_LOOP('',(#1809,#1816));
#1818=FACE_OUTER_BOUND('',#1817,.T.);
#1819=ADVANCED_FACE('',(#1818),#1808,.F.);
#1820=CARTESIAN_POINT('',(1.087599E-015,-7.699999999999983,13.600000000000009));
#1821=DIRECTION('',(0.0,-1.0,0.0));
#1822=DIRECTION('',(0.975916761938747,0.0,0.218143241396543));
#1823=AXIS2_PLACEMENT_3D('',#1820,#1821,#1822);
#1824=CYLINDRICAL_SURFACE('',#1823,0.95000000000001);
#1825=ORIENTED_EDGE('',*,*,#1793,.T.);
#1826=ORIENTED_EDGE('',*,*,#1815,.T.);
#1827=EDGE_LOOP('',(#1825,#1826));
#1828=FACE_OUTER_BOUND('',#1827,.T.);
#1829=ORIENTED_EDGE('',*,*,#1673,.F.);
#1830=EDGE_LOOP('',(#1829));
#1831=FACE_BOUND('',#1830,.T.);
#1832=ADVANCED_FACE('',(#1828,#1831),#1824,.T.);
#1833=CARTESIAN_POINT('',(0.065442972418975,-7.787999999999987,13.307224971418368));
#1834=DIRECTION('',(0.0,1.0,0.0));
#1835=DIRECTION('',(-0.218143241396545,0.0,0.975916761938747));
#1836=AXIS2_PLACEMENT_3D('',#1833,#1834,#1835);
#1837=CYLINDRICAL_SURFACE('',#1836,1.399999999999988);
#1838=CARTESIAN_POINT('',(-1.334546100386103,-6.990000000000004,13.301693603916585));
#1839=VERTEX_POINT('',#1838);
#1840=CARTESIAN_POINT('',(1.334546100386103,-6.990000000000004,13.898306396083409));
#1841=VERTEX_POINT('',#1840);
#1842=CARTESIAN_POINT('',(0.065442972418975,-6.990000000000004,13.307224971418368));
#1843=DIRECTION('',(0.0,-1.0,0.0));
#1844=DIRECTION('',(-0.999992194860754,0.0,-0.003950976786989));
#1845=AXIS2_PLACEMENT_3D('',#1842,#1843,#1844);
#1846=CIRCLE('',#1845,1.399999999999988);
#1847=EDGE_CURVE('',#1839,#1841,#1846,.T.);
#1848=ORIENTED_EDGE('',*,*,#1847,.T.);
#1849=CARTESIAN_POINT('',(1.334546100386103,-7.749999999999988,13.898306396083409));
#1850=DIRECTION('',(0.0,1.0,0.0));
#1851=VECTOR('',#1850,0.759999999999984);
#1852=LINE('',#1849,#1851);
#1853=EDGE_CURVE('',#1641,#1841,#1852,.T.);
#1854=ORIENTED_EDGE('',*,*,#1853,.F.);
#1855=ORIENTED_EDGE('',*,*,#1647,.F.);
#1856=CARTESIAN_POINT('',(-1.334546100386103,-6.990000000000004,13.301693603916585));
#1857=DIRECTION('',(0.0,-1.0,0.0));
#1858=VECTOR('',#1857,0.759999999999984);
#1859=LINE('',#1856,#1858);
#1860=EDGE_CURVE('',#1839,#1633,#1859,.T.);
#1861=ORIENTED_EDGE('',*,*,#1860,.F.);
#1862=EDGE_LOOP('',(#1848,#1854,#1855,#1861));
#1863=FACE_OUTER_BOUND('',#1862,.T.);
#1864=ADVANCED_FACE('',(#1863),#1837,.T.);
#1865=CARTESIAN_POINT('',(1.889810496627404,-6.990000000000004,12.196670264442513));
#1866=DIRECTION('',(0.0,-1.0,0.0));
#1867=DIRECTION('',(0.0,0.0,-1.0));
#1868=AXIS2_PLACEMENT_3D('',#1865,#1866,#1867);
#1869=PLANE('',#1868);
#1870=ORIENTED_EDGE('',*,*,#1847,.F.);
#1871=CARTESIAN_POINT('',(1.334546100386103,-6.990000000000004,13.898306396083409));
#1872=DIRECTION('',(-0.975916761938747,0.0,-0.218143241396543));
#1873=VECTOR('',#1872,2.734958866235489);
#1874=LINE('',#1871,#1873);
#1875=EDGE_CURVE('',#1841,#1839,#1874,.T.);
#1876=ORIENTED_EDGE('',*,*,#1875,.F.);
#1877=EDGE_LOOP('',(#1870,#1876));
#1878=FACE_OUTER_BOUND('',#1877,.T.);
#1879=ADVANCED_FACE('',(#1878),#1869,.F.);
#1880=CARTESIAN_POINT('',(-8.841935927068903,8.525000000000013,11.623593160220345));
#1881=DIRECTION('',(0.218143241396543,0.0,-0.975916761938747));
#1882=DIRECTION('',(-0.975916761938747,0.0,-0.218143241396543));
#1883=AXIS2_PLACEMENT_3D('',#1880,#1881,#1882);
#1884=PLANE('',#1883);
#1885=CARTESIAN_POINT('',(0.0,0.0,13.600000000000009));
#1886=DIRECTION('',(-0.218143241396543,0.0,0.975916761938747));
#1887=DIRECTION('',(-0.975916761938747,0.0,-0.218143241396543));
#1888=AXIS2_PLACEMENT_3D('',#1885,#1886,#1887);
#1889=ELLIPSE('',#1888,8.299888182992797,8.100000000000009);
#1890=EDGE_CURVE('',#1477,#1402,#1889,.T.);
#1891=ORIENTED_EDGE('',*,*,#1890,.F.);
#1892=ORIENTED_EDGE('',*,*,#1485,.T.);
#1893=CARTESIAN_POINT('',(0.0,0.0,13.600000000000009));
#1894=DIRECTION('',(-0.218143241396543,0.0,0.975916761938747));
#1895=DIRECTION('',(-0.975916761938747,0.0,-0.218143241396543));
#1896=AXIS2_PLACEMENT_3D('',#1893,#1894,#1895);
#1897=ELLIPSE('',#1896,8.299888182992797,8.100000000000009);
#1898=EDGE_CURVE('',#1650,#1479,#1897,.T.);
#1899=ORIENTED_EDGE('',*,*,#1898,.F.);
#1900=ORIENTED_EDGE('',*,*,#1655,.T.);
#1901=ORIENTED_EDGE('',*,*,#1853,.T.);
#1902=ORIENTED_EDGE('',*,*,#1875,.T.);
#1903=ORIENTED_EDGE('',*,*,#1860,.T.);
#1904=ORIENTED_EDGE('',*,*,#1638,.T.);
#1905=CARTESIAN_POINT('',(0.0,0.0,13.600000000000009));
#1906=DIRECTION('',(-0.218143241396543,0.0,0.975916761938747));
#1907=DIRECTION('',(-0.975916761938747,0.0,-0.218143241396543));
#1908=AXIS2_PLACEMENT_3D('',#1905,#1906,#1907);
#1909=ELLIPSE('',#1908,8.299888182992797,8.100000000000009);
#1910=EDGE_CURVE('',#1517,#1625,#1909,.T.);
#1911=ORIENTED_EDGE('',*,*,#1910,.F.);
#1912=ORIENTED_EDGE('',*,*,#1523,.T.);
#1913=CARTESIAN_POINT('',(0.0,0.0,13.600000000000009));
#1914=DIRECTION('',(-0.218143241396543,0.0,0.975916761938747));
#1915=DIRECTION('',(-0.975916761938747,0.0,-0.218143241396543));
#1916=AXIS2_PLACEMENT_3D('',#1913,#1914,#1915);
#1917=ELLIPSE('',#1916,8.299888182992797,8.100000000000009);
#1918=EDGE_CURVE('',#1429,#1500,#1917,.T.);
#1919=ORIENTED_EDGE('',*,*,#1918,.F.);
#1920=ORIENTED_EDGE('',*,*,#1434,.T.);
#1921=ORIENTED_EDGE('',*,*,#1752,.T.);
#1922=ORIENTED_EDGE('',*,*,#1774,.T.);
#1923=ORIENTED_EDGE('',*,*,#1759,.T.);
#1924=ORIENTED_EDGE('',*,*,#1417,.T.);
#1925=EDGE_LOOP('',(#1891,#1892,#1899,#1900,#1901,#1902,#1903,#1904,#1911,#1912,#1919,#1920,#1921,#1922,#1923,#1924));
#1926=FACE_OUTER_BOUND('',#1925,.T.);
#1927=CARTESIAN_POINT('',(2.244608552459109,8.450062E-016,14.101729455212039));
#1928=VERTEX_POINT('',#1927);
#1929=CARTESIAN_POINT('',(-1.147347E-016,0.0,13.600000000000009));
#1930=DIRECTION('',(-0.218143241396543,-5.473822E-048,0.975916761938747));
#1931=DIRECTION('',(-0.975916761938747,-2.156595E-031,-0.218143241396543));
#1932=AXIS2_PLACEMENT_3D('',#1929,#1930,#1931);
#1933=CIRCLE('',#1932,2.299999999999995);
#1934=EDGE_CURVE('',#1928,#1928,#1933,.T.);
#1935=ORIENTED_EDGE('',*,*,#1934,.T.);
#1936=EDGE_LOOP('',(#1935));
#1937=FACE_BOUND('',#1936,.T.);
#1938=ADVANCED_FACE('',(#1926,#1937),#1884,.T.);
#1939=CARTESIAN_POINT('',(1.963289172568895,0.0,4.816749142551257));
#1940=DIRECTION('',(0.0,0.0,1.0));
#1941=DIRECTION('',(1.0,0.0,0.0));
#1942=AXIS2_PLACEMENT_3D('',#1939,#1940,#1941);
#1943=SPHERICAL_SURFACE('',#1942,1.499999999999995);
#1944=CARTESIAN_POINT('',(3.427164315477016,0.0,5.143964004646081));
#1945=VERTEX_POINT('',#1944);
#1946=CARTESIAN_POINT('',(1.963289172568895,0.0,4.816749142551257));
#1947=DIRECTION('',(0.218143241396543,1.094764E-047,-0.975916761938747));
#1948=DIRECTION('',(-0.975916761938747,-2.156595E-031,-0.218143241396543));
#1949=AXIS2_PLACEMENT_3D('',#1946,#1947,#1948);
#1950=CIRCLE('',#1949,1.499999999999994);
#1951=EDGE_CURVE('',#1945,#1945,#1950,.T.);
#1952=ORIENTED_EDGE('',*,*,#1951,.T.);
#1953=EDGE_LOOP('',(#1952));
#1954=FACE_OUTER_BOUND('',#1953,.T.);
#1955=ADVANCED_FACE('',(#1954),#1943,.T.);
#1956=CARTESIAN_POINT('',(1.505188365636146,0.0,6.866174342622631));
#1957=DIRECTION('',(0.218143241396543,-6.162976E-033,-0.975916761938747));
#1958=DIRECTION('',(0.975916761938747,1.224647E-016,0.218143241396543));
#1959=AXIS2_PLACEMENT_3D('',#1956,#1957,#1958);
#1960=CYLINDRICAL_SURFACE('',#1959,1.499999999999994);
#1961=ORIENTED_EDGE('',*,*,#1951,.F.);
#1962=EDGE_LOOP('',(#1961));
#1963=FACE_OUTER_BOUND('',#1962,.T.);
#1964=CARTESIAN_POINT('',(2.990877832683934,5.510911E-016,7.095797528523551));
#1965=VERTEX_POINT('',#1964);
#1966=CARTESIAN_POINT('',(1.527002689775812,0.0,6.76858266642875));
#1967=DIRECTION('',(-0.218143241396543,-1.094764E-047,0.975916761938747));
#1968=DIRECTION('',(-0.975916761938747,-2.156595E-031,-0.218143241396543));
#1969=AXIS2_PLACEMENT_3D('',#1966,#1967,#1968);
#1970=CIRCLE('',#1969,1.499999999999994);
#1971=EDGE_CURVE('',#1965,#1965,#1970,.T.);
#1972=ORIENTED_EDGE('',*,*,#1971,.F.);
#1973=EDGE_LOOP('',(#1972));
#1974=FACE_BOUND('',#1973,.T.);
#1975=ADVANCED_FACE('',(#1963,#1974),#1960,.T.);
#1976=CARTESIAN_POINT('',(-0.076350134488783,0.0,13.941570866678575));
#1977=DIRECTION('',(0.218143241396543,-6.162976E-033,-0.975916761938747));
#1978=DIRECTION('',(0.975916761938747,1.224647E-016,0.218143241396543));
#1979=AXIS2_PLACEMENT_3D('',#1976,#1977,#1978);
#1980=CYLINDRICAL_SURFACE('',#1979,2.299999999999995);
#1981=CARTESIAN_POINT('',(3.77161124223492,8.450062E-016,7.270312121640783));
#1982=VERTEX_POINT('',#1981);
#1983=CARTESIAN_POINT('',(1.527002689775812,0.0,6.76858266642875));
#1984=DIRECTION('',(-0.218143241396543,-5.473822E-048,0.975916761938747));
#1985=DIRECTION('',(-0.975916761938747,-2.156595E-031,-0.218143241396543));
#1986=AXIS2_PLACEMENT_3D('',#1983,#1984,#1985);
#1987=CIRCLE('',#1986,2.299999999999995);
#1988=EDGE_CURVE('',#1982,#1982,#1987,.T.);
#1989=ORIENTED_EDGE('',*,*,#1988,.T.);
#1990=EDGE_LOOP('',(#1989));
#1991=FACE_OUTER_BOUND('',#1990,.T.);
#1992=ORIENTED_EDGE('',*,*,#1934,.F.);
#1993=EDGE_LOOP('',(#1992));
#1994=FACE_BOUND('',#1993,.T.);
#1995=ADVANCED_FACE('',(#1991,#1994),#1980,.T.);
#1996=CARTESIAN_POINT('',(3.996072097480842,2.52999999999999,7.320485067162));
#1997=DIRECTION('',(-0.218143241396543,0.0,0.975916761938747));
#1998=DIRECTION('',(0.975916761938747,0.0,0.218143241396543));
#1999=AXIS2_PLACEMENT_3D('',#1996,#1997,#1998);
#2000=PLANE('',#1999);
#2001=ORIENTED_EDGE('',*,*,#1988,.F.);
#2002=EDGE_LOOP('',(#2001));
#2003=FACE_OUTER_BOUND('',#2002,.T.);
#2004=ORIENTED_EDGE('',*,*,#1971,.T.);
#2005=EDGE_LOOP('',(#2004));
#2006=FACE_BOUND('',#2005,.T.);
#2007=ADVANCED_FACE('',(#2003,#2006),#2000,.F.);
#2008=CARTESIAN_POINT('',(-6.832192946443269,7.936446856950995,44.165474201940313));
#2009=DIRECTION('',(0.0,-1.0,0.0));
#2010=DIRECTION('',(0.043846196840686,0.0,0.999038293071195));
#2011=AXIS2_PLACEMENT_3D('',#2008,#2009,#2010);
#2012=CYLINDRICAL_SURFACE('',#2011,26.848346618216567);
#2013=ORIENTED_EDGE('',*,*,#1614,.T.);
#2014=ORIENTED_EDGE('',*,*,#1593,.T.);
#2015=EDGE_LOOP('',(#2013,#2014));
#2016=FACE_OUTER_BOUND('',#2015,.T.);
#2017=ADVANCED_FACE('',(#2016),#2012,.F.);
#2018=CARTESIAN_POINT('',(-4.458092179801644,-0.827674240917118,-0.100000000000006));
#2019=DIRECTION('',(0.0,0.0,-1.0));
#2020=DIRECTION('',(-1.0,0.0,0.0));
#2021=AXIS2_PLACEMENT_3D('',#2018,#2019,#2020);
#2022=PLANE('',#2021);
#2023=CARTESIAN_POINT('',(-4.494680511887724,0.752431170331195,-0.100000000000006));
#2024=VERTEX_POINT('',#2023);
#2025=CARTESIAN_POINT('',(-4.494680511887622,0.599270710436395,-0.100000000000006));
#2026=VERTEX_POINT('',#2025);
#2027=CARTESIAN_POINT('',(-4.494680511887724,0.752431170331195,-0.100000000000006));
#2028=DIRECTION('',(5.914986E-013,-1.0,0.0));
#2029=VECTOR('',#2028,0.1531604598948);
#2030=LINE('',#2027,#2029);
#2031=EDGE_CURVE('',#2024,#2026,#2030,.T.);
#2032=ORIENTED_EDGE('',*,*,#2031,.T.);
#2033=CARTESIAN_POINT('',(-4.760887977895247,0.599270710436243,-0.100000000000006));
#2034=VERTEX_POINT('',#2033);
#2035=CARTESIAN_POINT('',(-4.494680511887622,0.599270710436395,-0.100000000000006));
#2036=DIRECTION('',(-1.0,-5.934647E-013,0.0));
#2037=VECTOR('',#2036,0.266207466007625);
#2038=LINE('',#2035,#2037);
#2039=EDGE_CURVE('',#2026,#2034,#2038,.T.);
#2040=ORIENTED_EDGE('',*,*,#2039,.T.);
#2041=CARTESIAN_POINT('',(-4.76088797789446,-0.752431126095673,-0.100000000000006));
#2042=VERTEX_POINT('',#2041);
#2043=CARTESIAN_POINT('',(-4.760887977895247,0.599270710436243,-0.100000000000006));
#2044=DIRECTION('',(5.940018E-013,-1.0,0.0));
#2045=VECTOR('',#2044,1.351701836531916);
#2046=LINE('',#2043,#2045);
#2047=EDGE_CURVE('',#2034,#2042,#2046,.T.);
#2048=ORIENTED_EDGE('',*,*,#2047,.T.);
#2049=CARTESIAN_POINT('',(-4.916479556200292,-0.752431126095749,-0.100000000000006));
#2050=VERTEX_POINT('',#2049);
#2051=CARTESIAN_POINT('',(-4.76088797789446,-0.752431126095673,-0.100000000000006));
#2052=DIRECTION('',(-1.0,-5.936732E-013,0.0));
#2053=VECTOR('',#2052,0.155591578305832);
#2054=LINE('',#2051,#2053);
#2055=EDGE_CURVE('',#2042,#2050,#2054,.T.);
#2056=ORIENTED_EDGE('',*,*,#2055,.T.);
#2057=CARTESIAN_POINT('',(-5.226447153606555,-0.543354942747479,-0.100000000000006));
#2058=VERTEX_POINT('',#2057);
#2059=CARTESIAN_POINT('',(-4.916479556200292,-0.752431126095749,-0.100000000000006));
#2060=CARTESIAN_POINT('',(-4.926204029844474,-0.630875205544322,-0.100000000000006));
#2061=CARTESIAN_POINT('',(-5.072071134506251,-0.543354942747377,-0.100000000000006));
#2062=CARTESIAN_POINT('',(-5.226447153606555,-0.543354942747479,-0.100000000000006));
#2063=QUASI_UNIFORM_CURVE('',2,(#2059,#2060,#2061,#2062),.UNSPECIFIED.,.F.,.U.);
#2064=EDGE_CURVE('',#2050,#2058,#2063,.T.);
#2065=ORIENTED_EDGE('',*,*,#2064,.T.);
#2066=CARTESIAN_POINT('',(-5.226447153606632,-0.405996752524353,-0.100000000000006));
#2067=VERTEX_POINT('',#2066);
#2068=CARTESIAN_POINT('',(-5.226447153606555,-0.543354942747479,-0.100000000000006));
#2069=DIRECTION('',(-5.948856E-013,1.0,0.0));
#2070=VECTOR('',#2069,0.137358190223126);
#2071=LINE('',#2068,#2070);
#2072=EDGE_CURVE('',#2058,#2067,#2071,.T.);
#2073=ORIENTED_EDGE('',*,*,#2072,.T.);
#2074=CARTESIAN_POINT('',(-4.954161891571437,-0.4059967525242,-0.100000000000006));
#2075=VERTEX_POINT('',#2074);
#2076=CARTESIAN_POINT('',(-5.226447153606632,-0.405996752524353,-0.100000000000006));
#2077=DIRECTION('',(1.0,5.940810E-013,0.0));
#2078=VECTOR('',#2077,0.272285262035194);
#2079=LINE('',#2076,#2078);
#2080=EDGE_CURVE('',#2067,#2075,#2079,.T.);
#2081=ORIENTED_EDGE('',*,*,#2080,.T.);
#2082=CARTESIAN_POINT('',(-4.954161891572022,0.599270710436116,-0.100000000000006));
#2083=VERTEX_POINT('',#2082);
#2084=CARTESIAN_POINT('',(-4.954161891571437,-0.4059967525242,-0.100000000000006));
#2085=DIRECTION('',(-5.928449E-013,1.0,0.0));
#2086=VECTOR('',#2085,1.005267462960316);
#2087=LINE('',#2084,#2086);
#2088=EDGE_CURVE('',#2075,#2083,#2087,.T.);
#2089=ORIENTED_EDGE('',*,*,#2088,.T.);
#2090=CARTESIAN_POINT('',(-5.226447153607241,0.599270710435964,-0.100000000000006));
#2091=VERTEX_POINT('',#2090);
#2092=CARTESIAN_POINT('',(-4.954161891572022,0.599270710436116,-0.100000000000006));
#2093=DIRECTION('',(-1.0,-5.932655E-013,0.0));
#2094=VECTOR('',#2093,0.272285262035219);
#2095=LINE('',#2092,#2094);
#2096=EDGE_CURVE('',#2083,#2091,#2095,.T.);
#2097=ORIENTED_EDGE('',*,*,#2096,.T.);
#2098=CARTESIAN_POINT('',(-5.226447153607317,0.752431170330763,-0.100000000000006));
#2099=VERTEX_POINT('',#2098);
#2100=CARTESIAN_POINT('',(-5.226447153607241,0.599270710435964,-0.100000000000006));
#2101=DIRECTION('',(-5.914986E-013,1.0,0.0));
#2102=VECTOR('',#2101,0.1531604598948);
#2103=LINE('',#2100,#2102);
#2104=EDGE_CURVE('',#2091,#2099,#2103,.T.);
#2105=ORIENTED_EDGE('',*,*,#2104,.T.);
#2106=CARTESIAN_POINT('',(-5.226447153607317,0.752431170330763,-0.100000000000006));
#2107=DIRECTION('',(1.0,5.933698E-013,0.0));
#2108=VECTOR('',#2107,0.731766641719592);
#2109=LINE('',#2106,#2108);
#2110=EDGE_CURVE('',#2099,#2024,#2109,.T.);
#2111=ORIENTED_EDGE('',*,*,#2110,.T.);
#2112=EDGE_LOOP('',(#2032,#2040,#2048,#2056,#2065,#2073,#2081,#2089,#2097,#2105,#2111));
#2113=FACE_OUTER_BOUND('',#2112,.T.);
#2114=ADVANCED_FACE('',(#2113),#2022,.T.);
#2115=CARTESIAN_POINT('',(-5.240061416708403,-0.405996752524353,-0.105000000000012));
#2116=DIRECTION('',(-5.942848E-013,1.0,0.0));
#2117=DIRECTION('',(0.0,0.0,1.0));
#2118=AXIS2_PLACEMENT_3D('',#2115,#2116,#2117);
#2119=PLANE('',#2118);
#2120=CARTESIAN_POINT('',(-4.954161891571437,-0.4059967525242,0.0));
#2121=VERTEX_POINT('',#2120);
#2122=CARTESIAN_POINT('',(-5.226447153606632,-0.405996752524353,0.0));
#2123=VERTEX_POINT('',#2122);
#2124=CARTESIAN_POINT('',(-4.954161891571437,-0.4059967525242,0.0));
#2125=DIRECTION('',(-1.0,-5.942848E-013,0.0));
#2126=VECTOR('',#2125,0.272285262035194);
#2127=LINE('',#2124,#2126);
#2128=EDGE_CURVE('',#2121,#2123,#2127,.T.);
#2129=ORIENTED_EDGE('',*,*,#2128,.F.);
#2130=CARTESIAN_POINT('',(-4.954161891571437,-0.4059967525242,-0.100000000000006));
#2131=DIRECTION('',(0.0,0.0,1.0));
#2132=VECTOR('',#2131,0.100000000000006);
#2133=LINE('',#2130,#2132);
#2134=EDGE_CURVE('',#2075,#2121,#2133,.T.);
#2135=ORIENTED_EDGE('',*,*,#2134,.F.);
#2136=ORIENTED_EDGE('',*,*,#2080,.F.);
#2137=CARTESIAN_POINT('',(-5.226447153606632,-0.405996752524353,-0.100000000000006));
#2138=DIRECTION('',(0.0,0.0,1.0));
#2139=VECTOR('',#2138,0.100000000000006);
#2140=LINE('',#2137,#2139);
#2141=EDGE_CURVE('',#2067,#2123,#2140,.T.);
#2142=ORIENTED_EDGE('',*,*,#2141,.T.);
#2143=EDGE_LOOP('',(#2129,#2135,#2136,#2142));
#2144=FACE_OUTER_BOUND('',#2143,.T.);
#2145=ADVANCED_FACE('',(#2144),#2119,.T.);
#2146=CARTESIAN_POINT('',(-4.954161891571411,-0.456260125672209,-0.105000000000012));
#2147=DIRECTION('',(-1.0,-5.930658E-013,0.0));
#2148=DIRECTION('',(0.0,0.0,1.0));
#2149=AXIS2_PLACEMENT_3D('',#2146,#2147,#2148);
#2150=PLANE('',#2149);
#2151=CARTESIAN_POINT('',(-4.954161891572022,0.599270710436116,0.0));
#2152=VERTEX_POINT('',#2151);
#2153=CARTESIAN_POINT('',(-4.954161891572022,0.599270710436116,0.0));
#2154=DIRECTION('',(5.937285E-013,-1.0,0.0));
#2155=VECTOR('',#2154,1.005267462960316);
#2156=LINE('',#2153,#2155);
#2157=EDGE_CURVE('',#2152,#2121,#2156,.T.);
#2158=ORIENTED_EDGE('',*,*,#2157,.F.);
#2159=CARTESIAN_POINT('',(-4.954161891572022,0.599270710436116,-0.100000000000006));
#2160=DIRECTION('',(0.0,0.0,1.0));
#2161=VECTOR('',#2160,0.100000000000006);
#2162=LINE('',#2159,#2161);
#2163=EDGE_CURVE('',#2083,#2152,#2162,.T.);
#2164=ORIENTED_EDGE('',*,*,#2163,.F.);
#2165=ORIENTED_EDGE('',*,*,#2088,.F.);
#2166=ORIENTED_EDGE('',*,*,#2134,.T.);
#2167=EDGE_LOOP('',(#2158,#2164,#2165,#2166));
#2168=FACE_OUTER_BOUND('',#2167,.T.);
#2169=ADVANCED_FACE('',(#2168),#2150,.T.);
#2170=CARTESIAN_POINT('',(-5.240061416709013,0.599270710435938,0.005000000000005));
#2171=DIRECTION('',(5.932655E-013,-1.0,0.0));
#2172=DIRECTION('',(0.0,0.0,-1.0));
#2173=AXIS2_PLACEMENT_3D('',#2170,#2171,#2172);
#2174=PLANE('',#2173);
#2175=CARTESIAN_POINT('',(-5.226447153607241,0.599270710435964,0.0));
#2176=VERTEX_POINT('',#2175);
#2177=CARTESIAN_POINT('',(-5.226447153607241,0.599270710435964,0.0));
#2178=DIRECTION('',(1.0,5.932655E-013,0.0));
#2179=VECTOR('',#2178,0.272285262035219);
#2180=LINE('',#2177,#2179);
#2181=EDGE_CURVE('',#2176,#2152,#2180,.T.);
#2182=ORIENTED_EDGE('',*,*,#2181,.F.);
#2183=CARTESIAN_POINT('',(-5.226447153607241,0.599270710435964,-0.100000000000006));
#2184=DIRECTION('',(0.0,0.0,1.0));
#2185=VECTOR('',#2184,0.100000000000006);
#2186=LINE('',#2183,#2185);
#2187=EDGE_CURVE('',#2091,#2176,#2186,.T.);
#2188=ORIENTED_EDGE('',*,*,#2187,.F.);
#2189=ORIENTED_EDGE('',*,*,#2096,.F.);
#2190=ORIENTED_EDGE('',*,*,#2163,.T.);
#2191=EDGE_LOOP('',(#2182,#2188,#2189,#2190));
#2192=FACE_OUTER_BOUND('',#2191,.T.);
#2193=ADVANCED_FACE('',(#2192),#2174,.T.);
#2194=CARTESIAN_POINT('',(-5.226447153607241,0.59161268744122,-0.105000000000012));
#2195=DIRECTION('',(-1.0,-5.943981E-013,0.0));
#2196=DIRECTION('',(0.0,0.0,1.0));
#2197=AXIS2_PLACEMENT_3D('',#2194,#2195,#2196);
#2198=PLANE('',#2197);
#2199=CARTESIAN_POINT('',(-5.226447153607317,0.752431170330763,0.0));
#2200=VERTEX_POINT('',#2199);
#2201=CARTESIAN_POINT('',(-5.226447153607317,0.752431170330763,0.0));
#2202=DIRECTION('',(5.972976E-013,-1.0,0.0));
#2203=VECTOR('',#2202,0.1531604598948);
#2204=LINE('',#2201,#2203);
#2205=EDGE_CURVE('',#2200,#2176,#2204,.T.);
#2206=ORIENTED_EDGE('',*,*,#2205,.F.);
#2207=CARTESIAN_POINT('',(-5.226447153607317,0.752431170330763,-0.100000000000006));
#2208=DIRECTION('',(0.0,0.0,1.0));
#2209=VECTOR('',#2208,0.100000000000006);
#2210=LINE('',#2207,#2209);
#2211=EDGE_CURVE('',#2099,#2200,#2210,.T.);
#2212=ORIENTED_EDGE('',*,*,#2211,.F.);
#2213=ORIENTED_EDGE('',*,*,#2104,.F.);
#2214=ORIENTED_EDGE('',*,*,#2187,.T.);
#2215=EDGE_LOOP('',(#2206,#2212,#2213,#2214));
#2216=FACE_OUTER_BOUND('',#2215,.T.);
#2217=ADVANCED_FACE('',(#2216),#2198,.T.);
#2218=CARTESIAN_POINT('',(-5.263035485693295,0.752431170330738,-0.105000000000012));
#2219=DIRECTION('',(-5.934077E-013,1.0,0.0));
#2220=DIRECTION('',(0.0,0.0,1.0));
#2221=AXIS2_PLACEMENT_3D('',#2218,#2219,#2220);
#2222=PLANE('',#2221);
#2223=CARTESIAN_POINT('',(-4.494680511887724,0.752431170331195,0.0));
#2224=VERTEX_POINT('',#2223);
#2225=CARTESIAN_POINT('',(-4.494680511887724,0.752431170331195,0.0));
#2226=DIRECTION('',(-1.0,-5.933698E-013,0.0));
#2227=VECTOR('',#2226,0.731766641719592);
#2228=LINE('',#2225,#2227);
#2229=EDGE_CURVE('',#2224,#2200,#2228,.T.);
#2230=ORIENTED_EDGE('',*,*,#2229,.F.);
#2231=CARTESIAN_POINT('',(-4.494680511887724,0.752431170331195,-0.100000000000006));
#2232=DIRECTION('',(0.0,0.0,1.0));
#2233=VECTOR('',#2232,0.100000000000006);
#2234=LINE('',#2231,#2233);
#2235=EDGE_CURVE('',#2024,#2224,#2234,.T.);
#2236=ORIENTED_EDGE('',*,*,#2235,.F.);
#2237=ORIENTED_EDGE('',*,*,#2110,.F.);
#2238=ORIENTED_EDGE('',*,*,#2211,.T.);
#2239=EDGE_LOOP('',(#2230,#2236,#2237,#2238));
#2240=FACE_OUTER_BOUND('',#2239,.T.);
#2241=ADVANCED_FACE('',(#2240),#2222,.T.);
#2242=CARTESIAN_POINT('',(-4.494680511887622,0.591612687441652,0.005000000000005));
#2243=DIRECTION('',(1.0,5.943981E-013,0.0));
#2244=DIRECTION('',(0.0,0.0,-1.0));
#2245=AXIS2_PLACEMENT_3D('',#2242,#2243,#2244);
#2246=PLANE('',#2245);
#2247=CARTESIAN_POINT('',(-4.494680511887622,0.599270710436395,0.0));
#2248=VERTEX_POINT('',#2247);
#2249=CARTESIAN_POINT('',(-4.494680511887622,0.599270710436395,0.0));
#2250=DIRECTION('',(-5.914986E-013,1.0,0.0));
#2251=VECTOR('',#2250,0.1531604598948);
#2252=LINE('',#2249,#2251);
#2253=EDGE_CURVE('',#2248,#2224,#2252,.T.);
#2254=ORIENTED_EDGE('',*,*,#2253,.F.);
#2255=CARTESIAN_POINT('',(-4.494680511887622,0.599270710436395,-0.100000000000006));
#2256=DIRECTION('',(0.0,0.0,1.0));
#2257=VECTOR('',#2256,0.100000000000006);
#2258=LINE('',#2255,#2257);
#2259=EDGE_CURVE('',#2026,#2248,#2258,.T.);
#2260=ORIENTED_EDGE('',*,*,#2259,.F.);
#2261=ORIENTED_EDGE('',*,*,#2031,.F.);
#2262=ORIENTED_EDGE('',*,*,#2235,.T.);
#2263=EDGE_LOOP('',(#2254,#2260,#2261,#2262));
#2264=FACE_OUTER_BOUND('',#2263,.T.);
#2265=ADVANCED_FACE('',(#2264),#2246,.T.);
#2266=CARTESIAN_POINT('',(-4.774198351195631,0.599270710436218,0.005000000000005));
#2267=DIRECTION('',(5.937775E-013,-1.0,0.0));
#2268=DIRECTION('',(0.0,0.0,-1.0));
#2269=AXIS2_PLACEMENT_3D('',#2266,#2267,#2268);
#2270=PLANE('',#2269);
#2271=CARTESIAN_POINT('',(-4.760887977895247,0.599270710436243,0.0));
#2272=VERTEX_POINT('',#2271);
#2273=CARTESIAN_POINT('',(-4.760887977895247,0.599270710436243,0.0));
#2274=DIRECTION('',(1.0,5.934647E-013,0.0));
#2275=VECTOR('',#2274,0.266207466007625);
#2276=LINE('',#2273,#2275);
#2277=EDGE_CURVE('',#2272,#2248,#2276,.T.);
#2278=ORIENTED_EDGE('',*,*,#2277,.F.);
#2279=CARTESIAN_POINT('',(-4.760887977895247,0.599270710436243,-0.100000000000006));
#2280=DIRECTION('',(0.0,0.0,1.0));
#2281=VECTOR('',#2280,0.100000000000006);
#2282=LINE('',#2279,#2281);
#2283=EDGE_CURVE('',#2034,#2272,#2282,.T.);
#2284=ORIENTED_EDGE('',*,*,#2283,.F.);
#2285=ORIENTED_EDGE('',*,*,#2039,.F.);
#2286=ORIENTED_EDGE('',*,*,#2259,.T.);
#2287=EDGE_LOOP('',(#2278,#2284,#2285,#2286));
#2288=FACE_OUTER_BOUND('',#2287,.T.);
#2289=ADVANCED_FACE('',(#2288),#2270,.T.);
#2290=CARTESIAN_POINT('',(-4.760887977894409,-0.820016217922273,0.005000000000005));
#2291=DIRECTION('',(1.0,5.938375E-013,0.0));
#2292=DIRECTION('',(0.0,0.0,-1.0));
#2293=AXIS2_PLACEMENT_3D('',#2290,#2291,#2292);
#2294=PLANE('',#2293);
#2295=CARTESIAN_POINT('',(-4.76088797789446,-0.752431126095673,0.0));
#2296=VERTEX_POINT('',#2295);
#2297=CARTESIAN_POINT('',(-4.76088797789446,-0.752431126095673,0.0));
#2298=DIRECTION('',(-5.940018E-013,1.0,0.0));
#2299=VECTOR('',#2298,1.351701836531916);
#2300=LINE('',#2297,#2299);
#2301=EDGE_CURVE('',#2296,#2272,#2300,.T.);
#2302=ORIENTED_EDGE('',*,*,#2301,.F.);
#2303=CARTESIAN_POINT('',(-4.76088797789446,-0.752431126095673,-0.100000000000006));
#2304=DIRECTION('',(0.0,0.0,1.0));
#2305=VECTOR('',#2304,0.100000000000006);
#2306=LINE('',#2303,#2305);
#2307=EDGE_CURVE('',#2042,#2296,#2306,.T.);
#2308=ORIENTED_EDGE('',*,*,#2307,.F.);
#2309=ORIENTED_EDGE('',*,*,#2047,.F.);
#2310=ORIENTED_EDGE('',*,*,#2283,.T.);
#2311=EDGE_LOOP('',(#2302,#2308,#2309,#2310));
#2312=FACE_OUTER_BOUND('',#2311,.T.);
#2313=ADVANCED_FACE('',(#2312),#2294,.T.);
#2314=CARTESIAN_POINT('',(-4.924259135115576,-0.752431126095774,0.005000000000005));
#2315=DIRECTION('',(5.940300E-013,-1.0,0.0));
#2316=DIRECTION('',(0.0,0.0,-1.0));
#2317=AXIS2_PLACEMENT_3D('',#2314,#2315,#2316);
#2318=PLANE('',#2317);
#2319=CARTESIAN_POINT('',(-4.916479556200292,-0.752431126095749,0.0));
#2320=VERTEX_POINT('',#2319);
#2321=CARTESIAN_POINT('',(-4.916479556200292,-0.752431126095749,0.0));
#2322=DIRECTION('',(1.0,5.936732E-013,0.0));
#2323=VECTOR('',#2322,0.155591578305831);
#2324=LINE('',#2321,#2323);
#2325=EDGE_CURVE('',#2320,#2296,#2324,.T.);
#2326=ORIENTED_EDGE('',*,*,#2325,.F.);
#2327=CARTESIAN_POINT('',(-4.916479556200292,-0.752431126095749,-0.100000000000006));
#2328=DIRECTION('',(0.0,0.0,1.0));
#2329=VECTOR('',#2328,0.100000000000006);
#2330=LINE('',#2327,#2329);
#2331=EDGE_CURVE('',#2050,#2320,#2330,.T.);
#2332=ORIENTED_EDGE('',*,*,#2331,.F.);
#2333=ORIENTED_EDGE('',*,*,#2055,.F.);
#2334=ORIENTED_EDGE('',*,*,#2307,.T.);
#2335=EDGE_LOOP('',(#2326,#2332,#2333,#2334));
#2336=FACE_OUTER_BOUND('',#2335,.T.);
#2337=ADVANCED_FACE('',(#2336),#2318,.T.);
#2338=CARTESIAN_POINT('',(-5.226447153606555,-0.543354942747479,-0.100000000000006));
#2339=CARTESIAN_POINT('',(-5.072071134506251,-0.543354942747377,-0.100000000000006));
#2340=CARTESIAN_POINT('',(-4.926204029844474,-0.630875205544322,-0.100000000000006));
#2341=CARTESIAN_POINT('',(-4.916479556200292,-0.752431126095749,-0.100000000000006));
#2342=CARTESIAN_POINT('',(-5.226447153606555,-0.543354942747479,0.020000000000001));
#2343=CARTESIAN_POINT('',(-5.072071134506251,-0.543354942747377,0.020000000000001));
#2344=CARTESIAN_POINT('',(-4.926204029844474,-0.630875205544322,0.020000000000001));
#2345=CARTESIAN_POINT('',(-4.916479556200292,-0.752431126095749,0.020000000000001));
#2346=B_SPLINE_SURFACE_WITH_KNOTS('',2,1,((#2338,#2342),(#2339,#2343),(#2340,#2344),(#2341,#2345)),.UNSPECIFIED.,.F.,.F.,.F.,(3,1,3),(2,2),(0.0,1.0,2.0),(0.0,0.012000000000001),.UNSPECIFIED.);
#2347=CARTESIAN_POINT('',(-5.226447153606555,-0.543354942747479,0.0));
#2348=VERTEX_POINT('',#2347);
#2349=CARTESIAN_POINT('',(-5.226447153606555,-0.543354942747479,0.0));
#2350=CARTESIAN_POINT('',(-5.072071134506251,-0.543354942747377,0.0));
#2351=CARTESIAN_POINT('',(-4.926204029844474,-0.630875205544322,0.0));
#2352=CARTESIAN_POINT('',(-4.916479556200292,-0.752431126095749,0.0));
#2353=QUASI_UNIFORM_CURVE('',2,(#2349,#2350,#2351,#2352),.UNSPECIFIED.,.F.,.U.);
#2354=EDGE_CURVE('',#2348,#2320,#2353,.T.);
#2355=ORIENTED_EDGE('',*,*,#2354,.F.);
#2356=CARTESIAN_POINT('',(-5.226447153606555,-0.543354942747479,-0.100000000000006));
#2357=DIRECTION('',(0.0,0.0,1.0));
#2358=VECTOR('',#2357,0.100000000000006);
#2359=LINE('',#2356,#2358);
#2360=EDGE_CURVE('',#2058,#2348,#2359,.T.);
#2361=ORIENTED_EDGE('',*,*,#2360,.F.);
#2362=ORIENTED_EDGE('',*,*,#2064,.F.);
#2363=ORIENTED_EDGE('',*,*,#2331,.T.);
#2364=EDGE_LOOP('',(#2355,#2361,#2362,#2363));
#2365=FACE_OUTER_BOUND('',#2364,.T.);
#2366=ADVANCED_FACE('',(#2365),#2346,.T.);
#2367=CARTESIAN_POINT('',(-5.226447153606555,-0.550222852258622,-0.105000000000012));
#2368=DIRECTION('',(-1.0,-5.981187E-013,0.0));
#2369=DIRECTION('',(0.0,0.0,1.0));
#2370=AXIS2_PLACEMENT_3D('',#2367,#2368,#2369);
#2371=PLANE('',#2370);
#2372=CARTESIAN_POINT('',(-5.226447153606632,-0.405996752524353,0.0));
#2373=DIRECTION('',(6.078179E-013,-1.0,0.0));
#2374=VECTOR('',#2373,0.137358190223126);
#2375=LINE('',#2372,#2374);
#2376=EDGE_CURVE('',#2123,#2348,#2375,.T.);
#2377=ORIENTED_EDGE('',*,*,#2376,.F.);
#2378=ORIENTED_EDGE('',*,*,#2141,.F.);
#2379=ORIENTED_EDGE('',*,*,#2072,.F.);
#2380=ORIENTED_EDGE('',*,*,#2360,.T.);
#2381=EDGE_LOOP('',(#2377,#2378,#2379,#2380));
#2382=FACE_OUTER_BOUND('',#2381,.T.);
#2383=ADVANCED_FACE('',(#2382),#2371,.T.);
#2384=CARTESIAN_POINT('',(-2.050527943398319,-0.842382506910788,-0.100000000000006));
#2385=DIRECTION('',(0.0,0.0,-1.0));
#2386=DIRECTION('',(-1.0,0.0,0.0));
#2387=AXIS2_PLACEMENT_3D('',#2384,#2385,#2386);
#2388=PLANE('',#2387);
#2389=CARTESIAN_POINT('',(-2.096779971168247,0.765802321984952,-0.100000000000006));
#2390=VERTEX_POINT('',#2389);
#2391=CARTESIAN_POINT('',(-2.096779971168145,0.591977355596388,-0.100000000000006));
#2392=VERTEX_POINT('',#2391);
#2393=CARTESIAN_POINT('',(-2.096779971168247,0.765802321984952,-0.100000000000006));
#2394=DIRECTION('',(5.901604E-013,-1.0,0.0));
#2395=VECTOR('',#2394,0.173824966388564);
#2396=LINE('',#2393,#2395);
#2397=EDGE_CURVE('',#2390,#2392,#2396,.T.);
#2398=ORIENTED_EDGE('',*,*,#2397,.T.);
#2399=CARTESIAN_POINT('',(-2.833408849709803,0.591977355595956,-0.100000000000006));
#2400=VERTEX_POINT('',#2399);
#2401=CARTESIAN_POINT('',(-2.096779971168145,0.591977355596388,-0.100000000000006));
#2402=DIRECTION('',(-1.0,-5.933718E-013,0.0));
#2403=VECTOR('',#2402,0.736628878541658);
#2404=LINE('',#2401,#2403);
#2405=EDGE_CURVE('',#2392,#2400,#2404,.T.);
#2406=ORIENTED_EDGE('',*,*,#2405,.T.);
#2407=CARTESIAN_POINT('',(-2.437136548711921,0.202998409831629,-0.100000000000006));
#2408=VERTEX_POINT('',#2407);
#2409=CARTESIAN_POINT('',(-2.833408849709803,0.591977355595956,-0.100000000000006));
#2410=CARTESIAN_POINT('',(-2.764121974995464,0.527552717703757,-0.100000000000006));
#2411=CARTESIAN_POINT('',(-2.531950166742091,0.306320942300273,-0.100000000000006));
#2412=CARTESIAN_POINT('',(-2.437136548711921,0.202998409831629,-0.100000000000006));
#2413=QUASI_UNIFORM_CURVE('',2,(#2409,#2410,#2411,#2412),.UNSPECIFIED.,.F.,.U.);
#2414=EDGE_CURVE('',#2400,#2408,#2413,.T.);
#2415=ORIENTED_EDGE('',*,*,#2414,.T.);
#2416=CARTESIAN_POINT('',(-2.236569279801897,-0.053484582531764,-0.100000000000006));
#2417=VERTEX_POINT('',#2416);
#2418=CARTESIAN_POINT('',(-2.437136548711921,0.202998409831629,-0.100000000000006));
#2419=CARTESIAN_POINT('',(-2.37878970684719,0.141004890350438,-0.100000000000006));
#2420=CARTESIAN_POINT('',(-2.273036055967361,0.012155614565964,-0.100000000000006));
#2421=CARTESIAN_POINT('',(-2.236569279801897,-0.053484582531764,-0.100000000000006));
#2422=QUASI_UNIFORM_CURVE('',2,(#2418,#2419,#2420,#2421),.UNSPECIFIED.,.F.,.U.);
#2423=EDGE_CURVE('',#2408,#2417,#2422,.T.);
#2424=ORIENTED_EDGE('',*,*,#2423,.T.);
#2425=CARTESIAN_POINT('',(-2.158773490648803,-0.353727706293769,-0.100000000000006));
#2426=VERTEX_POINT('',#2425);
#2427=CARTESIAN_POINT('',(-2.236569279801897,-0.053484582531764,-0.100000000000006));
#2428=CARTESIAN_POINT('',(-2.200102503636433,-0.116693661218485,-0.100000000000006));
#2429=CARTESIAN_POINT('',(-2.158773490648854,-0.264991884291219,-0.100000000000006));
#2430=CARTESIAN_POINT('',(-2.158773490648803,-0.353727706293769,-0.100000000000006));
#2431=QUASI_UNIFORM_CURVE('',2,(#2427,#2428,#2429,#2430),.UNSPECIFIED.,.F.,.U.);
#2432=EDGE_CURVE('',#2417,#2426,#2431,.T.);
#2433=ORIENTED_EDGE('',*,*,#2432,.T.);
#2434=CARTESIAN_POINT('',(-2.606099278277836,-0.765802276963376,-0.100000000000006));
#2435=VERTEX_POINT('',#2434);
#2436=CARTESIAN_POINT('',(-2.158773490648803,-0.353727706293769,-0.100000000000006));
#2437=CARTESIAN_POINT('',(-2.158773490648701,-0.543354942353982,-0.100000000000006));
#2438=CARTESIAN_POINT('',(-2.39580753572386,-0.765802276963249,-0.100000000000006));
#2439=CARTESIAN_POINT('',(-2.606099278277836,-0.765802276963376,-0.100000000000006));
#2440=QUASI_UNIFORM_CURVE('',2,(#2436,#2437,#2438,#2439),.UNSPECIFIED.,.F.,.U.);
#2441=EDGE_CURVE('',#2426,#2435,#2440,.T.);
#2442=ORIENTED_EDGE('',*,*,#2441,.T.);
#2443=CARTESIAN_POINT('',(-2.990215987220402,-0.675850895755551,-0.100000000000006));
#2444=VERTEX_POINT('',#2443);
#2445=CARTESIAN_POINT('',(-2.606099278277836,-0.765802276963376,-0.100000000000006));
#2446=CARTESIAN_POINT('',(-2.705775133129995,-0.765802276963427,-0.100000000000006));
#2447=CARTESIAN_POINT('',(-2.928222467739161,-0.706239875893369,-0.100000000000006));
#2448=CARTESIAN_POINT('',(-2.990215987220402,-0.675850895755551,-0.100000000000006));
#2449=QUASI_UNIFORM_CURVE('',2,(#2445,#2446,#2447,#2448),.UNSPECIFIED.,.F.,.U.);
#2450=EDGE_CURVE('',#2435,#2444,#2449,.T.);
#2451=ORIENTED_EDGE('',*,*,#2450,.T.);
#2452=CARTESIAN_POINT('',(-2.99021598722053,-0.461912475585038,-0.100000000000006));
#2453=VERTEX_POINT('',#2452);
#2454=CARTESIAN_POINT('',(-2.990215987220402,-0.675850895755551,-0.100000000000006));
#2455=DIRECTION('',(-5.978248E-013,1.0,0.0));
#2456=VECTOR('',#2455,0.213938420170513);
#2457=LINE('',#2454,#2456);
#2458=EDGE_CURVE('',#2444,#2453,#2457,.T.);
#2459=ORIENTED_EDGE('',*,*,#2458,.T.);
#2460=CARTESIAN_POINT('',(-2.979275954370896,-0.461912475585012,-0.100000000000006));
#2461=VERTEX_POINT('',#2460);
#2462=CARTESIAN_POINT('',(-2.99021598722053,-0.461912475585038,-0.100000000000006));
#2463=DIRECTION('',(1.0,6.088956E-013,0.0));
#2464=VECTOR('',#2463,0.010940032849633);
#2465=LINE('',#2462,#2464);
#2466=EDGE_CURVE('',#2453,#2461,#2465,.T.);
#2467=ORIENTED_EDGE('',*,*,#2466,.T.);
#2468=CARTESIAN_POINT('',(-2.833408849709143,-0.544570501559917,-0.100000000000006));
#2469=VERTEX_POINT('',#2468);
#2470=CARTESIAN_POINT('',(-2.979275954370896,-0.461912475585012,-0.100000000000006));
#2471=CARTESIAN_POINT('',(-2.954964770260596,-0.478930304462215,-0.100000000000006));
#2472=CARTESIAN_POINT('',(-2.87595342190215,-0.52755267268274,-0.100000000000006));
#2473=CARTESIAN_POINT('',(-2.833408849709143,-0.544570501559917,-0.100000000000006));
#2474=QUASI_UNIFORM_CURVE('',2,(#2470,#2471,#2472,#2473),.UNSPECIFIED.,.F.,.U.);
#2475=EDGE_CURVE('',#2461,#2469,#2474,.T.);
#2476=ORIENTED_EDGE('',*,*,#2475,.T.);
#2477=CARTESIAN_POINT('',(-2.620685988744108,-0.591977310574837,-0.100000000000006));
#2478=VERTEX_POINT('',#2477);
#2479=CARTESIAN_POINT('',(-2.833408849709143,-0.544570501559917,-0.100000000000006));
#2480=CARTESIAN_POINT('',(-2.783570922283039,-0.565235008053631,-0.100000000000006));
#2481=CARTESIAN_POINT('',(-2.674170593786724,-0.591977310574863,-0.100000000000006));
#2482=CARTESIAN_POINT('',(-2.620685988744108,-0.591977310574837,-0.100000000000006));
#2483=QUASI_UNIFORM_CURVE('',2,(#2479,#2480,#2481,#2482),.UNSPECIFIED.,.F.,.U.);
#2484=EDGE_CURVE('',#2469,#2478,#2483,.T.);
#2485=ORIENTED_EDGE('',*,*,#2484,.T.);
#2486=CARTESIAN_POINT('',(-2.43713654871149,-0.531199350299022,-0.100000000000006));
#2487=VERTEX_POINT('',#2486);
#2488=CARTESIAN_POINT('',(-2.620685988744108,-0.591977310574837,-0.100000000000006));
#2489=CARTESIAN_POINT('',(-2.583408839774992,-0.59197731057482,-0.100000000000006));
#2490=CARTESIAN_POINT('',(-2.549373182020591,-0.586912480551825,-0.100000000000006));
#2491=CARTESIAN_POINT('',(-2.518579015480904,-0.576782820505852,-0.100000000000006));
#2492=CARTESIAN_POINT('',(-2.487784848941217,-0.566653160459878,-0.100000000000006));
#2493=CARTESIAN_POINT('',(-2.460637360018079,-0.551458670390935,-0.100000000000006));
#2494=CARTESIAN_POINT('',(-2.43713654871149,-0.531199350299022,-0.100000000000006));
#2495=B_SPLINE_CURVE_WITH_KNOTS('',3,(#2488,#2489,#2490,#2491,#2492,#2493,#2494),.UNSPECIFIED.,.F.,.U.,(4,3,4),(-0.016528458444343,-0.008264229222171,0.0),.UNSPECIFIED.);
#2496=EDGE_CURVE('',#2478,#2487,#2495,.T.);
#2497=ORIENTED_EDGE('',*,*,#2496,.T.);
#2498=CARTESIAN_POINT('',(-2.362987437175212,-0.342787673444262,-0.100000000000006));
#2499=VERTEX_POINT('',#2498);
#2500=CARTESIAN_POINT('',(-2.43713654871149,-0.531199350299022,-0.100000000000006));
#2501=CARTESIAN_POINT('',(-2.401885331751581,-0.500810370161127,-0.100000000000006));
#2502=CARTESIAN_POINT('',(-2.362987437175186,-0.405996752131008,-0.100000000000006));
#2503=CARTESIAN_POINT('',(-2.362987437175212,-0.342787673444262,-0.100000000000006));
#2504=QUASI_UNIFORM_CURVE('',2,(#2500,#2501,#2502,#2503),.UNSPECIFIED.,.F.,.U.);
#2505=EDGE_CURVE('',#2487,#2499,#2504,.T.);
#2506=ORIENTED_EDGE('',*,*,#2505,.T.);
#2507=CARTESIAN_POINT('',(-2.659583883321037,0.192058376981868,-0.100000000000006));
#2508=VERTEX_POINT('',#2507);
#2509=CARTESIAN_POINT('',(-2.362987437175212,-0.342787673444262,-0.100000000000006));
#2510=CARTESIAN_POINT('',(-2.362987437175288,-0.222447312098339,-0.100000000000006));
#2511=CARTESIAN_POINT('',(-2.488190035343403,0.003646700127235,-0.100000000000006));
#2512=CARTESIAN_POINT('',(-2.659583883321037,0.192058376981868,-0.100000000000006));
#2513=QUASI_UNIFORM_CURVE('',2,(#2509,#2510,#2511,#2512),.UNSPECIFIED.,.F.,.U.);
#2514=EDGE_CURVE('',#2499,#2508,#2513,.T.);
#2515=ORIENTED_EDGE('',*,*,#2514,.T.);
#2516=CARTESIAN_POINT('',(-3.021820526564513,0.553079461019384,-0.100000000000006));
#2517=VERTEX_POINT('',#2516);
#2518=CARTESIAN_POINT('',(-2.659583883321037,0.192058376981868,-0.100000000000006));
#2519=CARTESIAN_POINT('',(-2.744673027707076,0.285656435806407,-0.100000000000006));
#2520=CARTESIAN_POINT('',(-2.922144671712278,0.459481402194845,-0.100000000000006));
#2521=CARTESIAN_POINT('',(-3.021820526564513,0.553079461019384,-0.100000000000006));
#2522=QUASI_UNIFORM_CURVE('',2,(#2518,#2519,#2520,#2521),.UNSPECIFIED.,.F.,.U.);
#2523=EDGE_CURVE('',#2508,#2517,#2522,.T.);
#2524=ORIENTED_EDGE('',*,*,#2523,.T.);
#2525=CARTESIAN_POINT('',(-3.02182052656464,0.765802321984393,-0.100000000000006));
#2526=VERTEX_POINT('',#2525);
#2527=CARTESIAN_POINT('',(-3.021820526564513,0.553079461019384,-0.100000000000006));
#2528=DIRECTION('',(-5.908027E-013,1.0,0.0));
#2529=VECTOR('',#2528,0.21272286096501);
#2530=LINE('',#2527,#2529);
#2531=EDGE_CURVE('',#2517,#2526,#2530,.T.);
#2532=ORIENTED_EDGE('',*,*,#2531,.T.);
#2533=CARTESIAN_POINT('',(-3.02182052656464,0.765802321984393,-0.100000000000006));
#2534=DIRECTION('',(1.0,5.934932E-013,0.0));
#2535=VECTOR('',#2534,0.925040555396393);
#2536=LINE('',#2533,#2535);
#2537=EDGE_CURVE('',#2526,#2390,#2536,.T.);
#2538=ORIENTED_EDGE('',*,*,#2537,.T.);
#2539=EDGE_LOOP('',(#2398,#2406,#2415,#2424,#2433,#2442,#2451,#2459,#2467,#2476,#2485,#2497,#2506,#2515,#2524,#2532,#2538));
#2540=FACE_OUTER_BOUND('',#2539,.T.);
#2541=ADVANCED_FACE('',(#2540),#2388,.T.);
#2542=CARTESIAN_POINT('',(-2.833408849709143,-0.544570501559917,-0.100000000000006));
#2543=CARTESIAN_POINT('',(-2.87595342190215,-0.52755267268274,-0.100000000000006));
#2544=CARTESIAN_POINT('',(-2.954964770260596,-0.478930304462215,-0.100000000000006));
#2545=CARTESIAN_POINT('',(-2.979275954370896,-0.461912475585012,-0.100000000000006));
#2546=CARTESIAN_POINT('',(-2.833408849709143,-0.544570501559917,0.020000000000001));
#2547=CARTESIAN_POINT('',(-2.87595342190215,-0.52755267268274,0.020000000000001));
#2548=CARTESIAN_POINT('',(-2.954964770260596,-0.478930304462215,0.020000000000001));
#2549=CARTESIAN_POINT('',(-2.979275954370896,-0.461912475585012,0.020000000000001));
#2550=B_SPLINE_SURFACE_WITH_KNOTS('',2,1,((#2542,#2546),(#2543,#2547),(#2544,#2548),(#2545,#2549)),.UNSPECIFIED.,.F.,.F.,.F.,(3,1,3),(2,2),(0.0,1.0,2.0),(0.0,0.012000000000001),.UNSPECIFIED.);
#2551=CARTESIAN_POINT('',(-2.833408849709143,-0.544570501559917,0.0));
#2552=VERTEX_POINT('',#2551);
#2553=CARTESIAN_POINT('',(-2.979275954370896,-0.461912475585012,0.0));
#2554=VERTEX_POINT('',#2553);
#2555=CARTESIAN_POINT('',(-2.833408849709143,-0.544570501559917,0.0));
#2556=CARTESIAN_POINT('',(-2.87595342190215,-0.52755267268274,0.0));
#2557=CARTESIAN_POINT('',(-2.954964770260596,-0.478930304462215,0.0));
#2558=CARTESIAN_POINT('',(-2.979275954370896,-0.461912475585012,0.0));
#2559=QUASI_UNIFORM_CURVE('',2,(#2555,#2556,#2557,#2558),.UNSPECIFIED.,.F.,.U.);
#2560=EDGE_CURVE('',#2552,#2554,#2559,.T.);
#2561=ORIENTED_EDGE('',*,*,#2560,.F.);
#2562=CARTESIAN_POINT('',(-2.833408849709143,-0.544570501559917,-0.100000000000006));
#2563=DIRECTION('',(0.0,0.0,1.0));
#2564=VECTOR('',#2563,0.100000000000006);
#2565=LINE('',#2562,#2564);
#2566=EDGE_CURVE('',#2469,#2552,#2565,.T.);
#2567=ORIENTED_EDGE('',*,*,#2566,.F.);
#2568=ORIENTED_EDGE('',*,*,#2475,.F.);
#2569=CARTESIAN_POINT('',(-2.979275954370896,-0.461912475585012,-0.100000000000006));
#2570=DIRECTION('',(0.0,0.0,1.0));
#2571=VECTOR('',#2570,0.100000000000006);
#2572=LINE('',#2569,#2571);
#2573=EDGE_CURVE('',#2461,#2554,#2572,.T.);
#2574=ORIENTED_EDGE('',*,*,#2573,.T.);
#2575=EDGE_LOOP('',(#2561,#2567,#2568,#2574));
#2576=FACE_OUTER_BOUND('',#2575,.T.);
#2577=ADVANCED_FACE('',(#2576),#2550,.T.);
#2578=CARTESIAN_POINT('',(-2.620685988744108,-0.591977310574837,-0.100000000000006));
#2579=CARTESIAN_POINT('',(-2.674170593786724,-0.591977310574863,-0.100000000000006));
#2580=CARTESIAN_POINT('',(-2.783570922283039,-0.565235008053631,-0.100000000000006));
#2581=CARTESIAN_POINT('',(-2.833408849709143,-0.544570501559917,-0.100000000000006));
#2582=CARTESIAN_POINT('',(-2.620685988744108,-0.591977310574837,0.020000000000001));
#2583=CARTESIAN_POINT('',(-2.674170593786724,-0.591977310574863,0.020000000000001));
#2584=CARTESIAN_POINT('',(-2.783570922283039,-0.565235008053631,0.020000000000001));
#2585=CARTESIAN_POINT('',(-2.833408849709143,-0.544570501559917,0.020000000000001));
#2586=B_SPLINE_SURFACE_WITH_KNOTS('',2,1,((#2578,#2582),(#2579,#2583),(#2580,#2584),(#2581,#2585)),.UNSPECIFIED.,.F.,.F.,.F.,(3,1,3),(2,2),(0.0,1.0,2.0),(0.0,0.012000000000001),.UNSPECIFIED.);
#2587=CARTESIAN_POINT('',(-2.620685988744108,-0.591977310574837,0.0));
#2588=VERTEX_POINT('',#2587);
#2589=CARTESIAN_POINT('',(-2.620685988744108,-0.591977310574837,0.0));
#2590=CARTESIAN_POINT('',(-2.674170593786724,-0.591977310574863,0.0));
#2591=CARTESIAN_POINT('',(-2.783570922283039,-0.565235008053631,0.0));
#2592=CARTESIAN_POINT('',(-2.833408849709143,-0.544570501559917,0.0));
#2593=QUASI_UNIFORM_CURVE('',2,(#2589,#2590,#2591,#2592),.UNSPECIFIED.,.F.,.U.);
#2594=EDGE_CURVE('',#2588,#2552,#2593,.T.);
#2595=ORIENTED_EDGE('',*,*,#2594,.F.);
#2596=CARTESIAN_POINT('',(-2.620685988744108,-0.591977310574837,-0.100000000000006));
#2597=DIRECTION('',(0.0,0.0,1.0));
#2598=VECTOR('',#2597,0.100000000000006);
#2599=LINE('',#2596,#2598);
#2600=EDGE_CURVE('',#2478,#2588,#2599,.T.);
#2601=ORIENTED_EDGE('',*,*,#2600,.F.);
#2602=ORIENTED_EDGE('',*,*,#2484,.F.);
#2603=ORIENTED_EDGE('',*,*,#2566,.T.);
#2604=EDGE_LOOP('',(#2595,#2601,#2602,#2603));
#2605=FACE_OUTER_BOUND('',#2604,.T.);
#2606=ADVANCED_FACE('',(#2605),#2586,.T.);
#2607=CARTESIAN_POINT('',(-2.43713654871149,-0.531199350299022,-0.100000000000006));
#2608=CARTESIAN_POINT('',(-2.472387765671373,-0.561588330436892,-0.100000000000006));
#2609=CARTESIAN_POINT('',(-2.564770265290434,-0.591977310574812,-0.100000000000006));
#2610=CARTESIAN_POINT('',(-2.620685988744108,-0.591977310574837,-0.100000000000006));
#2611=CARTESIAN_POINT('',(-2.43713654871149,-0.531199350299022,0.020000000000001));
#2612=CARTESIAN_POINT('',(-2.472387765671373,-0.561588330436892,0.020000000000001));
#2613=CARTESIAN_POINT('',(-2.564770265290434,-0.591977310574812,0.020000000000001));
#2614=CARTESIAN_POINT('',(-2.620685988744108,-0.591977310574837,0.020000000000001));
#2615=B_SPLINE_SURFACE_WITH_KNOTS('',2,1,((#2607,#2611),(#2608,#2612),(#2609,#2613),(#2610,#2614)),.UNSPECIFIED.,.F.,.F.,.F.,(3,1,3),(2,2),(0.0,1.0,2.0),(0.0,0.012000000000001),.UNSPECIFIED.);
#2616=CARTESIAN_POINT('',(-2.43713654871149,-0.531199350299022,0.0));
#2617=VERTEX_POINT('',#2616);
#2618=CARTESIAN_POINT('',(-2.43713654871149,-0.531199350299022,-2.203099E-017));
#2619=CARTESIAN_POINT('',(-2.460637360018079,-0.551458670390944,-2.203099E-017));
#2620=CARTESIAN_POINT('',(-2.487784848941204,-0.566653160459866,-2.203099E-017));
#2621=CARTESIAN_POINT('',(-2.549373182020578,-0.586912480551812,-2.203099E-017));
#2622=CARTESIAN_POINT('',(-2.583408839774984,-0.591977310574812,-2.203099E-017));
#2623=CARTESIAN_POINT('',(-2.620685988744108,-0.591977310574837,-2.203099E-017));
#2624=B_SPLINE_CURVE_WITH_KNOTS('',3,(#2618,#2619,#2620,#2621,#2622,#2623),.UNSPECIFIED.,.F.,.U.,(4,2,4),(0.0,0.003253633552036,0.006507267104072),.UNSPECIFIED.);
#2625=EDGE_CURVE('',#2617,#2588,#2624,.T.);
#2626=ORIENTED_EDGE('',*,*,#2625,.F.);
#2627=CARTESIAN_POINT('',(-2.43713654871149,-0.531199350299022,-0.100000000000006));
#2628=DIRECTION('',(0.0,0.0,1.0));
#2629=VECTOR('',#2628,0.100000000000006);
#2630=LINE('',#2627,#2629);
#2631=EDGE_CURVE('',#2487,#2617,#2630,.T.);
#2632=ORIENTED_EDGE('',*,*,#2631,.F.);
#2633=ORIENTED_EDGE('',*,*,#2496,.F.);
#2634=ORIENTED_EDGE('',*,*,#2600,.T.);
#2635=EDGE_LOOP('',(#2626,#2632,#2633,#2634));
#2636=FACE_OUTER_BOUND('',#2635,.T.);
#2637=ADVANCED_FACE('',(#2636),#2615,.T.);
#2638=CARTESIAN_POINT('',(-2.362987437175212,-0.342787673444262,-0.100000000000006));
#2639=CARTESIAN_POINT('',(-2.362987437175186,-0.405996752131008,-0.100000000000006));
#2640=CARTESIAN_POINT('',(-2.401885331751581,-0.500810370161127,-0.100000000000006));
#2641=CARTESIAN_POINT('',(-2.43713654871149,-0.531199350299022,-0.100000000000006));
#2642=CARTESIAN_POINT('',(-2.362987437175212,-0.342787673444262,0.020000000000012));
#2643=CARTESIAN_POINT('',(-2.362987437175186,-0.405996752131008,0.020000000000012));
#2644=CARTESIAN_POINT('',(-2.401885331751581,-0.500810370161127,0.020000000000012));
#2645=CARTESIAN_POINT('',(-2.43713654871149,-0.531199350299022,0.020000000000012));
#2646=B_SPLINE_SURFACE_WITH_KNOTS('',2,1,((#2638,#2642),(#2639,#2643),(#2640,#2644),(#2641,#2645)),.UNSPECIFIED.,.F.,.F.,.F.,(3,1,3),(2,2),(0.0,1.0,2.0),(0.0,0.012000000000002),.UNSPECIFIED.);
#2647=CARTESIAN_POINT('',(-2.362987437175212,-0.342787673444262,0.0));
#2648=VERTEX_POINT('',#2647);
#2649=CARTESIAN_POINT('',(-2.362987437175212,-0.342787673444262,8.881783E-015));
#2650=CARTESIAN_POINT('',(-2.362987437175186,-0.405996752131008,8.881783E-015));
#2651=CARTESIAN_POINT('',(-2.401885331751581,-0.500810370161127,8.881783E-015));
#2652=CARTESIAN_POINT('',(-2.43713654871149,-0.531199350299022,8.881783E-015));
#2653=QUASI_UNIFORM_CURVE('',2,(#2649,#2650,#2651,#2652),.UNSPECIFIED.,.F.,.U.);
#2654=EDGE_CURVE('',#2648,#2617,#2653,.T.);
#2655=ORIENTED_EDGE('',*,*,#2654,.F.);
#2656=CARTESIAN_POINT('',(-2.362987437175212,-0.342787673444262,-0.100000000000006));
#2657=DIRECTION('',(0.0,0.0,1.0));
#2658=VECTOR('',#2657,0.100000000000006);
#2659=LINE('',#2656,#2658);
#2660=EDGE_CURVE('',#2499,#2648,#2659,.T.);
#2661=ORIENTED_EDGE('',*,*,#2660,.F.);
#2662=ORIENTED_EDGE('',*,*,#2505,.F.);
#2663=ORIENTED_EDGE('',*,*,#2631,.T.);
#2664=EDGE_LOOP('',(#2655,#2661,#2662,#2663));
#2665=FACE_OUTER_BOUND('',#2664,.T.);
#2666=ADVANCED_FACE('',(#2665),#2646,.T.);
#2667=CARTESIAN_POINT('',(-2.659583883321037,0.192058376981868,-0.100000000000006));
#2668=CARTESIAN_POINT('',(-2.488190035343403,0.003646700127235,-0.100000000000006));
#2669=CARTESIAN_POINT('',(-2.362987437175288,-0.222447312098339,-0.100000000000006));
#2670=CARTESIAN_POINT('',(-2.362987437175212,-0.342787673444262,-0.100000000000006));
#2671=CARTESIAN_POINT('',(-2.659583883321037,0.192058376981868,0.020000000000007));
#2672=CARTESIAN_POINT('',(-2.488190035343403,0.003646700127235,0.020000000000007));
#2673=CARTESIAN_POINT('',(-2.362987437175288,-0.222447312098339,0.020000000000007));
#2674=CARTESIAN_POINT('',(-2.362987437175212,-0.342787673444262,0.020000000000007));
#2675=B_SPLINE_SURFACE_WITH_KNOTS('',2,1,((#2667,#2671),(#2668,#2672),(#2669,#2673),(#2670,#2674)),.UNSPECIFIED.,.F.,.F.,.F.,(3,1,3),(2,2),(0.0,1.0,2.0),(0.0,0.012000000000001),.UNSPECIFIED.);
#2676=CARTESIAN_POINT('',(-2.659583883321037,0.192058376981868,0.0));
#2677=VERTEX_POINT('',#2676);
#2678=CARTESIAN_POINT('',(-2.659583883321037,0.192058376981868,4.440893E-015));
#2679=CARTESIAN_POINT('',(-2.488190035343403,0.003646700127235,4.440893E-015));
#2680=CARTESIAN_POINT('',(-2.362987437175288,-0.222447312098339,4.440893E-015));
#2681=CARTESIAN_POINT('',(-2.362987437175212,-0.342787673444262,4.440893E-015));
#2682=QUASI_UNIFORM_CURVE('',2,(#2678,#2679,#2680,#2681),.UNSPECIFIED.,.F.,.U.);
#2683=EDGE_CURVE('',#2677,#2648,#2682,.T.);
#2684=ORIENTED_EDGE('',*,*,#2683,.F.);
#2685=CARTESIAN_POINT('',(-2.659583883321037,0.192058376981868,-0.100000000000006));
#2686=DIRECTION('',(0.0,0.0,1.0));
#2687=VECTOR('',#2686,0.100000000000006);
#2688=LINE('',#2685,#2687);
#2689=EDGE_CURVE('',#2508,#2677,#2688,.T.);
#2690=ORIENTED_EDGE('',*,*,#2689,.F.);
#2691=ORIENTED_EDGE('',*,*,#2514,.F.);
#2692=ORIENTED_EDGE('',*,*,#2660,.T.);
#2693=EDGE_LOOP('',(#2684,#2690,#2691,#2692));
#2694=FACE_OUTER_BOUND('',#2693,.T.);
#2695=ADVANCED_FACE('',(#2694),#2675,.T.);
#2696=CARTESIAN_POINT('',(-3.021820526564513,0.553079461019384,-0.100000000000006));
#2697=CARTESIAN_POINT('',(-2.922144671712278,0.459481402194845,-0.100000000000006));
#2698=CARTESIAN_POINT('',(-2.744673027707076,0.285656435806407,-0.100000000000006));
#2699=CARTESIAN_POINT('',(-2.659583883321037,0.192058376981868,-0.100000000000006));
#2700=CARTESIAN_POINT('',(-3.021820526564513,0.553079461019384,0.020000000000001));
#2701=CARTESIAN_POINT('',(-2.922144671712278,0.459481402194845,0.020000000000001));
#2702=CARTESIAN_POINT('',(-2.744673027707076,0.285656435806407,0.020000000000001));
#2703=CARTESIAN_POINT('',(-2.659583883321037,0.192058376981868,0.020000000000001));
#2704=B_SPLINE_SURFACE_WITH_KNOTS('',2,1,((#2696,#2700),(#2697,#2701),(#2698,#2702),(#2699,#2703)),.UNSPECIFIED.,.F.,.F.,.F.,(3,1,3),(2,2),(0.0,1.0,2.0),(0.0,0.012000000000001),.UNSPECIFIED.);
#2705=CARTESIAN_POINT('',(-3.021820526564513,0.553079461019384,0.0));
#2706=VERTEX_POINT('',#2705);
#2707=CARTESIAN_POINT('',(-3.021820526564513,0.553079461019384,0.0));
#2708=CARTESIAN_POINT('',(-2.922144671712278,0.459481402194845,0.0));
#2709=CARTESIAN_POINT('',(-2.744673027707076,0.285656435806407,0.0));
#2710=CARTESIAN_POINT('',(-2.659583883321037,0.192058376981868,0.0));
#2711=QUASI_UNIFORM_CURVE('',2,(#2707,#2708,#2709,#2710),.UNSPECIFIED.,.F.,.U.);
#2712=EDGE_CURVE('',#2706,#2677,#2711,.T.);
#2713=ORIENTED_EDGE('',*,*,#2712,.F.);
#2714=CARTESIAN_POINT('',(-3.021820526564513,0.553079461019384,-0.100000000000006));
#2715=DIRECTION('',(0.0,0.0,1.0));
#2716=VECTOR('',#2715,0.100000000000006);
#2717=LINE('',#2714,#2716);
#2718=EDGE_CURVE('',#2517,#2706,#2717,.T.);
#2719=ORIENTED_EDGE('',*,*,#2718,.F.);
#2720=ORIENTED_EDGE('',*,*,#2523,.F.);
#2721=ORIENTED_EDGE('',*,*,#2689,.T.);
#2722=EDGE_LOOP('',(#2713,#2719,#2720,#2721));
#2723=FACE_OUTER_BOUND('',#2722,.T.);
#2724=ADVANCED_FACE('',(#2723),#2704,.T.);
#2725=CARTESIAN_POINT('',(-3.021820526564513,0.542443317971138,-0.105000000000012));
#2726=DIRECTION('',(-1.0,-5.923685E-013,0.0));
#2727=DIRECTION('',(0.0,0.0,1.0));
#2728=AXIS2_PLACEMENT_3D('',#2725,#2726,#2727);
#2729=PLANE('',#2728);
#2730=CARTESIAN_POINT('',(-3.02182052656464,0.765802321984393,0.0));
#2731=VERTEX_POINT('',#2730);
#2732=CARTESIAN_POINT('',(-3.02182052656464,0.765802321984393,0.0));
#2733=DIRECTION('',(5.928904E-013,-1.0,0.0));
#2734=VECTOR('',#2733,0.21272286096501);
#2735=LINE('',#2732,#2734);
#2736=EDGE_CURVE('',#2731,#2706,#2735,.T.);
#2737=ORIENTED_EDGE('',*,*,#2736,.F.);
#2738=CARTESIAN_POINT('',(-3.02182052656464,0.765802321984393,-0.100000000000006));
#2739=DIRECTION('',(0.0,0.0,1.0));
#2740=VECTOR('',#2739,0.100000000000006);
#2741=LINE('',#2738,#2740);
#2742=EDGE_CURVE('',#2526,#2731,#2741,.T.);
#2743=ORIENTED_EDGE('',*,*,#2742,.F.);
#2744=ORIENTED_EDGE('',*,*,#2531,.F.);
#2745=ORIENTED_EDGE('',*,*,#2718,.T.);
#2746=EDGE_LOOP('',(#2737,#2743,#2744,#2745));
#2747=FACE_OUTER_BOUND('',#2746,.T.);
#2748=ADVANCED_FACE('',(#2747),#2729,.T.);
#2749=CARTESIAN_POINT('',(-3.068072554334465,0.765802321984368,-0.105000000000012));
#2750=DIRECTION('',(-5.934932E-013,1.0,0.0));
#2751=DIRECTION('',(0.0,0.0,1.0));
#2752=AXIS2_PLACEMENT_3D('',#2749,#2750,#2751);
#2753=PLANE('',#2752);
#2754=CARTESIAN_POINT('',(-2.096779971168247,0.765802321984952,0.0));
#2755=VERTEX_POINT('',#2754);
#2756=CARTESIAN_POINT('',(-2.096779971168247,0.765802321984952,0.0));
#2757=DIRECTION('',(-1.0,-5.934932E-013,0.0));
#2758=VECTOR('',#2757,0.925040555396393);
#2759=LINE('',#2756,#2758);
#2760=EDGE_CURVE('',#2755,#2731,#2759,.T.);
#2761=ORIENTED_EDGE('',*,*,#2760,.F.);
#2762=CARTESIAN_POINT('',(-2.096779971168247,0.765802321984952,-0.100000000000006));
#2763=DIRECTION('',(0.0,0.0,1.0));
#2764=VECTOR('',#2763,0.100000000000006);
#2765=LINE('',#2762,#2764);
#2766=EDGE_CURVE('',#2390,#2755,#2765,.T.);
#2767=ORIENTED_EDGE('',*,*,#2766,.F.);
#2768=ORIENTED_EDGE('',*,*,#2537,.F.);
#2769=ORIENTED_EDGE('',*,*,#2742,.T.);
#2770=EDGE_LOOP('',(#2761,#2767,#2768,#2769));
#2771=FACE_OUTER_BOUND('',#2770,.T.);
#2772=ADVANCED_FACE('',(#2771),#2753,.T.);
#2773=CARTESIAN_POINT('',(-2.096779971168145,0.583286107276964,0.005000000000005));
#2774=DIRECTION('',(1.0,5.907991E-013,0.0));
#2775=DIRECTION('',(0.0,0.0,-1.0));
#2776=AXIS2_PLACEMENT_3D('',#2773,#2774,#2775);
#2777=PLANE('',#2776);
#2778=CARTESIAN_POINT('',(-2.096779971168145,0.591977355596388,0.0));
#2779=VERTEX_POINT('',#2778);
#2780=CARTESIAN_POINT('',(-2.096779971168145,0.591977355596388,0.0));
#2781=DIRECTION('',(-5.901604E-013,1.0,0.0));
#2782=VECTOR('',#2781,0.173824966388564);
#2783=LINE('',#2780,#2782);
#2784=EDGE_CURVE('',#2779,#2755,#2783,.T.);
#2785=ORIENTED_EDGE('',*,*,#2784,.F.);
#2786=CARTESIAN_POINT('',(-2.096779971168145,0.591977355596388,-0.100000000000006));
#2787=DIRECTION('',(0.0,0.0,1.0));
#2788=VECTOR('',#2787,0.100000000000006);
#2789=LINE('',#2786,#2788);
#2790=EDGE_CURVE('',#2392,#2779,#2789,.T.);
#2791=ORIENTED_EDGE('',*,*,#2790,.F.);
#2792=ORIENTED_EDGE('',*,*,#2397,.F.);
#2793=ORIENTED_EDGE('',*,*,#2766,.T.);
#2794=EDGE_LOOP('',(#2785,#2791,#2792,#2793));
#2795=FACE_OUTER_BOUND('',#2794,.T.);
#2796=ADVANCED_FACE('',(#2795),#2777,.T.);
#2797=CARTESIAN_POINT('',(-2.870240293636888,0.591977355595931,0.005000000000005));
#2798=DIRECTION('',(5.934472E-013,-1.0,0.0));
#2799=DIRECTION('',(0.0,0.0,-1.0));
#2800=AXIS2_PLACEMENT_3D('',#2797,#2798,#2799);
#2801=PLANE('',#2800);
#2802=CARTESIAN_POINT('',(-2.833408849709803,0.591977355595956,0.0));
#2803=VERTEX_POINT('',#2802);
#2804=CARTESIAN_POINT('',(-2.833408849709803,0.591977355595956,0.0));
#2805=DIRECTION('',(1.0,5.933718E-013,0.0));
#2806=VECTOR('',#2805,0.736628878541658);
#2807=LINE('',#2804,#2806);
#2808=EDGE_CURVE('',#2803,#2779,#2807,.T.);
#2809=ORIENTED_EDGE('',*,*,#2808,.F.);
#2810=CARTESIAN_POINT('',(-2.833408849709803,0.591977355595956,-0.100000000000006));
#2811=DIRECTION('',(0.0,0.0,1.0));
#2812=VECTOR('',#2811,0.100000000000006);
#2813=LINE('',#2810,#2812);
#2814=EDGE_CURVE('',#2400,#2803,#2813,.T.);
#2815=ORIENTED_EDGE('',*,*,#2814,.F.);
#2816=ORIENTED_EDGE('',*,*,#2405,.F.);
#2817=ORIENTED_EDGE('',*,*,#2790,.T.);
#2818=EDGE_LOOP('',(#2809,#2815,#2816,#2817));
#2819=FACE_OUTER_BOUND('',#2818,.T.);
#2820=ADVANCED_FACE('',(#2819),#2801,.T.);
#2821=CARTESIAN_POINT('',(-2.437136548711921,0.202998409831629,-0.100000000000006));
#2822=CARTESIAN_POINT('',(-2.531950166742091,0.306320942300273,-0.100000000000006));
#2823=CARTESIAN_POINT('',(-2.764121974995464,0.527552717703757,-0.100000000000006));
#2824=CARTESIAN_POINT('',(-2.833408849709803,0.591977355595956,-0.100000000000006));
#2825=CARTESIAN_POINT('',(-2.437136548711921,0.202998409831629,0.020000000000001));
#2826=CARTESIAN_POINT('',(-2.531950166742091,0.306320942300273,0.020000000000001));
#2827=CARTESIAN_POINT('',(-2.764121974995464,0.527552717703757,0.020000000000001));
#2828=CARTESIAN_POINT('',(-2.833408849709803,0.591977355595956,0.020000000000001));
#2829=B_SPLINE_SURFACE_WITH_KNOTS('',2,1,((#2821,#2825),(#2822,#2826),(#2823,#2827),(#2824,#2828)),.UNSPECIFIED.,.F.,.F.,.F.,(3,1,3),(2,2),(0.0,1.0,2.0),(0.0,0.012000000000001),.UNSPECIFIED.);
#2830=CARTESIAN_POINT('',(-2.437136548711921,0.202998409831629,0.0));
#2831=VERTEX_POINT('',#2830);
#2832=CARTESIAN_POINT('',(-2.437136548711921,0.202998409831629,0.0));
#2833=CARTESIAN_POINT('',(-2.531950166742091,0.306320942300273,0.0));
#2834=CARTESIAN_POINT('',(-2.764121974995464,0.527552717703757,0.0));
#2835=CARTESIAN_POINT('',(-2.833408849709803,0.591977355595956,0.0));
#2836=QUASI_UNIFORM_CURVE('',2,(#2832,#2833,#2834,#2835),.UNSPECIFIED.,.F.,.U.);
#2837=EDGE_CURVE('',#2831,#2803,#2836,.T.);
#2838=ORIENTED_EDGE('',*,*,#2837,.F.);
#2839=CARTESIAN_POINT('',(-2.437136548711921,0.202998409831629,-0.100000000000006));
#2840=DIRECTION('',(0.0,0.0,1.0));
#2841=VECTOR('',#2840,0.100000000000006);
#2842=LINE('',#2839,#2841);
#2843=EDGE_CURVE('',#2408,#2831,#2842,.T.);
#2844=ORIENTED_EDGE('',*,*,#2843,.F.);
#2845=ORIENTED_EDGE('',*,*,#2414,.F.);
#2846=ORIENTED_EDGE('',*,*,#2814,.T.);
#2847=EDGE_LOOP('',(#2838,#2844,#2845,#2846));
#2848=FACE_OUTER_BOUND('',#2847,.T.);
#2849=ADVANCED_FACE('',(#2848),#2829,.T.);
#2850=CARTESIAN_POINT('',(-2.236569279801897,-0.053484582531764,-0.100000000000006));
#2851=CARTESIAN_POINT('',(-2.273036055967361,0.012155614565964,-0.100000000000006));
#2852=CARTESIAN_POINT('',(-2.37878970684719,0.141004890350438,-0.100000000000006));
#2853=CARTESIAN_POINT('',(-2.437136548711921,0.202998409831629,-0.100000000000006));
#2854=CARTESIAN_POINT('',(-2.236569279801897,-0.053484582531764,0.020000000000001));
#2855=CARTESIAN_POINT('',(-2.273036055967361,0.012155614565964,0.020000000000001));
#2856=CARTESIAN_POINT('',(-2.37878970684719,0.141004890350438,0.020000000000001));
#2857=CARTESIAN_POINT('',(-2.437136548711921,0.202998409831629,0.020000000000001));
#2858=B_SPLINE_SURFACE_WITH_KNOTS('',2,1,((#2850,#2854),(#2851,#2855),(#2852,#2856),(#2853,#2857)),.UNSPECIFIED.,.F.,.F.,.F.,(3,1,3),(2,2),(0.0,1.0,2.0),(0.0,0.012000000000001),.UNSPECIFIED.);
#2859=CARTESIAN_POINT('',(-2.236569279801897,-0.053484582531764,0.0));
#2860=VERTEX_POINT('',#2859);
#2861=CARTESIAN_POINT('',(-2.236569279801897,-0.053484582531764,0.0));
#2862=CARTESIAN_POINT('',(-2.273036055967361,0.012155614565964,0.0));
#2863=CARTESIAN_POINT('',(-2.37878970684719,0.141004890350438,0.0));
#2864=CARTESIAN_POINT('',(-2.437136548711921,0.202998409831629,0.0));
#2865=QUASI_UNIFORM_CURVE('',2,(#2861,#2862,#2863,#2864),.UNSPECIFIED.,.F.,.U.);
#2866=EDGE_CURVE('',#2860,#2831,#2865,.T.);
#2867=ORIENTED_EDGE('',*,*,#2866,.F.);
#2868=CARTESIAN_POINT('',(-2.236569279801897,-0.053484582531764,-0.100000000000006));
#2869=DIRECTION('',(0.0,0.0,1.0));
#2870=VECTOR('',#2869,0.100000000000006);
#2871=LINE('',#2868,#2870);
#2872=EDGE_CURVE('',#2417,#2860,#2871,.T.);
#2873=ORIENTED_EDGE('',*,*,#2872,.F.);
#2874=ORIENTED_EDGE('',*,*,#2423,.F.);
#2875=ORIENTED_EDGE('',*,*,#2843,.T.);
#2876=EDGE_LOOP('',(#2867,#2873,#2874,#2875));
#2877=FACE_OUTER_BOUND('',#2876,.T.);
#2878=ADVANCED_FACE('',(#2877),#2858,.T.);
#2879=CARTESIAN_POINT('',(-2.158773490648803,-0.353727706293769,-0.100000000000006));
#2880=CARTESIAN_POINT('',(-2.158773490648854,-0.264991884291219,-0.100000000000006));
#2881=CARTESIAN_POINT('',(-2.200102503636433,-0.116693661218485,-0.100000000000006));
#2882=CARTESIAN_POINT('',(-2.236569279801897,-0.053484582531764,-0.100000000000006));
#2883=CARTESIAN_POINT('',(-2.158773490648803,-0.353727706293769,0.020000000000001));
#2884=CARTESIAN_POINT('',(-2.158773490648854,-0.264991884291219,0.020000000000001));
#2885=CARTESIAN_POINT('',(-2.200102503636433,-0.116693661218485,0.020000000000001));
#2886=CARTESIAN_POINT('',(-2.236569279801897,-0.053484582531764,0.020000000000001));
#2887=B_SPLINE_SURFACE_WITH_KNOTS('',2,1,((#2879,#2883),(#2880,#2884),(#2881,#2885),(#2882,#2886)),.UNSPECIFIED.,.F.,.F.,.F.,(3,1,3),(2,2),(0.0,1.0,2.0),(0.0,0.012000000000001),.UNSPECIFIED.);
#2888=CARTESIAN_POINT('',(-2.158773490648803,-0.353727706293769,0.0));
#2889=VERTEX_POINT('',#2888);
#2890=CARTESIAN_POINT('',(-2.158773490648803,-0.353727706293769,0.0));
#2891=CARTESIAN_POINT('',(-2.158773490648854,-0.264991884291219,0.0));
#2892=CARTESIAN_POINT('',(-2.200102503636433,-0.116693661218485,0.0));
#2893=CARTESIAN_POINT('',(-2.236569279801897,-0.053484582531764,0.0));
#2894=QUASI_UNIFORM_CURVE('',2,(#2890,#2891,#2892,#2893),.UNSPECIFIED.,.F.,.U.);
#2895=EDGE_CURVE('',#2889,#2860,#2894,.T.);
#2896=ORIENTED_EDGE('',*,*,#2895,.F.);
#2897=CARTESIAN_POINT('',(-2.158773490648803,-0.353727706293769,-0.100000000000006));
#2898=DIRECTION('',(0.0,0.0,1.0));
#2899=VECTOR('',#2898,0.100000000000006);
#2900=LINE('',#2897,#2899);
#2901=EDGE_CURVE('',#2426,#2889,#2900,.T.);
#2902=ORIENTED_EDGE('',*,*,#2901,.F.);
#2903=ORIENTED_EDGE('',*,*,#2432,.F.);
#2904=ORIENTED_EDGE('',*,*,#2872,.T.);
#2905=EDGE_LOOP('',(#2896,#2902,#2903,#2904));
#2906=FACE_OUTER_BOUND('',#2905,.T.);
#2907=ADVANCED_FACE('',(#2906),#2887,.T.);
#2908=CARTESIAN_POINT('',(-2.606099278277836,-0.765802276963376,-0.100000000000006));
#2909=CARTESIAN_POINT('',(-2.39580753572386,-0.765802276963249,-0.100000000000006));
#2910=CARTESIAN_POINT('',(-2.158773490648701,-0.543354942353982,-0.100000000000006));
#2911=CARTESIAN_POINT('',(-2.158773490648803,-0.353727706293769,-0.100000000000006));
#2912=CARTESIAN_POINT('',(-2.606099278277836,-0.765802276963376,0.020000000000001));
#2913=CARTESIAN_POINT('',(-2.39580753572386,-0.765802276963249,0.020000000000001));
#2914=CARTESIAN_POINT('',(-2.158773490648701,-0.543354942353982,0.020000000000001));
#2915=CARTESIAN_POINT('',(-2.158773490648803,-0.353727706293769,0.020000000000001));
#2916=B_SPLINE_SURFACE_WITH_KNOTS('',2,1,((#2908,#2912),(#2909,#2913),(#2910,#2914),(#2911,#2915)),.UNSPECIFIED.,.F.,.F.,.F.,(3,1,3),(2,2),(0.0,1.0,2.0),(0.0,0.012000000000001),.UNSPECIFIED.);
#2917=CARTESIAN_POINT('',(-2.606099278277836,-0.765802276963376,0.0));
#2918=VERTEX_POINT('',#2917);
#2919=CARTESIAN_POINT('',(-2.606099278277836,-0.765802276963376,0.0));
#2920=CARTESIAN_POINT('',(-2.39580753572386,-0.765802276963249,0.0));
#2921=CARTESIAN_POINT('',(-2.158773490648701,-0.543354942353982,0.0));
#2922=CARTESIAN_POINT('',(-2.158773490648803,-0.353727706293769,0.0));
#2923=QUASI_UNIFORM_CURVE('',2,(#2919,#2920,#2921,#2922),.UNSPECIFIED.,.F.,.U.);
#2924=EDGE_CURVE('',#2918,#2889,#2923,.T.);
#2925=ORIENTED_EDGE('',*,*,#2924,.F.);
#2926=CARTESIAN_POINT('',(-2.606099278277836,-0.765802276963376,-0.100000000000006));
#2927=DIRECTION('',(0.0,0.0,1.0));
#2928=VECTOR('',#2927,0.100000000000006);
#2929=LINE('',#2926,#2928);
#2930=EDGE_CURVE('',#2435,#2918,#2929,.T.);
#2931=ORIENTED_EDGE('',*,*,#2930,.F.);
#2932=ORIENTED_EDGE('',*,*,#2441,.F.);
#2933=ORIENTED_EDGE('',*,*,#2901,.T.);
#2934=EDGE_LOOP('',(#2925,#2931,#2932,#2933));
#2935=FACE_OUTER_BOUND('',#2934,.T.);
#2936=ADVANCED_FACE('',(#2935),#2916,.T.);
#2937=CARTESIAN_POINT('',(-2.990215987220402,-0.675850895755551,-0.100000000000006));
#2938=CARTESIAN_POINT('',(-2.928222467739161,-0.706239875893369,-0.100000000000006));
#2939=CARTESIAN_POINT('',(-2.705775133129995,-0.765802276963427,-0.100000000000006));
#2940=CARTESIAN_POINT('',(-2.606099278277836,-0.765802276963376,-0.100000000000006));
#2941=CARTESIAN_POINT('',(-2.990215987220402,-0.675850895755551,0.020000000000001));
#2942=CARTESIAN_POINT('',(-2.928222467739161,-0.706239875893369,0.020000000000001));
#2943=CARTESIAN_POINT('',(-2.705775133129995,-0.765802276963427,0.020000000000001));
#2944=CARTESIAN_POINT('',(-2.606099278277836,-0.765802276963376,0.020000000000001));
#2945=B_SPLINE_SURFACE_WITH_KNOTS('',2,1,((#2937,#2941),(#2938,#2942),(#2939,#2943),(#2940,#2944)),.UNSPECIFIED.,.F.,.F.,.F.,(3,1,3),(2,2),(0.0,1.0,2.0),(0.0,0.012000000000001),.UNSPECIFIED.);
#2946=CARTESIAN_POINT('',(-2.990215987220402,-0.675850895755551,0.0));
#2947=VERTEX_POINT('',#2946);
#2948=CARTESIAN_POINT('',(-2.990215987220402,-0.675850895755551,0.0));
#2949=CARTESIAN_POINT('',(-2.928222467739161,-0.706239875893369,0.0));
#2950=CARTESIAN_POINT('',(-2.705775133129995,-0.765802276963427,0.0));
#2951=CARTESIAN_POINT('',(-2.606099278277836,-0.765802276963376,0.0));
#2952=QUASI_UNIFORM_CURVE('',2,(#2948,#2949,#2950,#2951),.UNSPECIFIED.,.F.,.U.);
#2953=EDGE_CURVE('',#2947,#2918,#2952,.T.);
#2954=ORIENTED_EDGE('',*,*,#2953,.F.);
#2955=CARTESIAN_POINT('',(-2.990215987220402,-0.675850895755551,-0.100000000000006));
#2956=DIRECTION('',(0.0,0.0,1.0));
#2957=VECTOR('',#2956,0.100000000000006);
#2958=LINE('',#2955,#2957);
#2959=EDGE_CURVE('',#2444,#2947,#2958,.T.);
#2960=ORIENTED_EDGE('',*,*,#2959,.F.);
#2961=ORIENTED_EDGE('',*,*,#2450,.F.);
#2962=ORIENTED_EDGE('',*,*,#2930,.T.);
#2963=EDGE_LOOP('',(#2954,#2960,#2961,#2962));
#2964=FACE_OUTER_BOUND('',#2963,.T.);
#2965=ADVANCED_FACE('',(#2964),#2945,.T.);
#2966=CARTESIAN_POINT('',(-2.990215987220402,-0.686547816764079,-0.105000000000012));
#2967=DIRECTION('',(-1.0,-5.941922E-013,0.0));
#2968=DIRECTION('',(0.0,0.0,1.0));
#2969=AXIS2_PLACEMENT_3D('',#2966,#2967,#2968);
#2970=PLANE('',#2969);
#2971=CARTESIAN_POINT('',(-2.99021598722053,-0.461912475585038,0.0));
#2972=VERTEX_POINT('',#2971);
#2973=CARTESIAN_POINT('',(-2.99021598722053,-0.461912475585038,0.0));
#2974=DIRECTION('',(5.915975E-013,-1.0,0.0));
#2975=VECTOR('',#2974,0.213938420170513);
#2976=LINE('',#2973,#2975);
#2977=EDGE_CURVE('',#2972,#2947,#2976,.T.);
#2978=ORIENTED_EDGE('',*,*,#2977,.F.);
#2979=CARTESIAN_POINT('',(-2.99021598722053,-0.461912475585038,-0.100000000000006));
#2980=DIRECTION('',(0.0,0.0,1.0));
#2981=VECTOR('',#2980,0.100000000000006);
#2982=LINE('',#2979,#2981);
#2983=EDGE_CURVE('',#2453,#2972,#2982,.T.);
#2984=ORIENTED_EDGE('',*,*,#2983,.F.);
#2985=ORIENTED_EDGE('',*,*,#2458,.F.);
#2986=ORIENTED_EDGE('',*,*,#2959,.T.);
#2987=EDGE_LOOP('',(#2978,#2984,#2985,#2986));
#2988=FACE_OUTER_BOUND('',#2987,.T.);
#2989=ADVANCED_FACE('',(#2988),#2970,.T.);
#2990=CARTESIAN_POINT('',(-2.990762988863,-0.461912475585038,-0.105000000000012));
#2991=DIRECTION('',(-6.088956E-013,1.0,0.0));
#2992=DIRECTION('',(0.0,0.0,1.0));
#2993=AXIS2_PLACEMENT_3D('',#2990,#2991,#2992);
#2994=PLANE('',#2993);
#2995=CARTESIAN_POINT('',(-2.979275954370896,-0.461912475585012,0.0));
#2996=DIRECTION('',(-1.0,-6.139698E-013,0.0));
#2997=VECTOR('',#2996,0.010940032849633);
#2998=LINE('',#2995,#2997);
#2999=EDGE_CURVE('',#2554,#2972,#2998,.T.);
#3000=ORIENTED_EDGE('',*,*,#2999,.F.);
#3001=ORIENTED_EDGE('',*,*,#2573,.F.);
#3002=ORIENTED_EDGE('',*,*,#2466,.F.);
#3003=ORIENTED_EDGE('',*,*,#2983,.T.);
#3004=EDGE_LOOP('',(#3000,#3001,#3002,#3003));
#3005=FACE_OUTER_BOUND('',#3004,.T.);
#3006=ADVANCED_FACE('',(#3005),#2994,.T.);
#3007=CARTESIAN_POINT('',(4.600642584550048,0.781604591191806,-0.100000000000006));
#3008=CARTESIAN_POINT('',(4.487595578437222,0.781604591191755,-0.100000000000006));
#3009=CARTESIAN_POINT('',(4.266363803033662,0.726904426943484,-0.100000000000006));
#3010=CARTESIAN_POINT('',(4.190999132291804,0.689222091572491,-0.100000000000006));
#3011=CARTESIAN_POINT('',(4.600642584550048,0.781604591191806,0.020000000000001));
#3012=CARTESIAN_POINT('',(4.487595578437222,0.781604591191755,0.020000000000001));
#3013=CARTESIAN_POINT('',(4.266363803033662,0.726904426943484,0.020000000000001));
#3014=CARTESIAN_POINT('',(4.190999132291804,0.689222091572491,0.020000000000001));
#3015=B_SPLINE_SURFACE_WITH_KNOTS('',2,1,((#3007,#3011),(#3008,#3012),(#3009,#3013),(#3010,#3014)),.UNSPECIFIED.,.F.,.F.,.F.,(3,1,3),(2,2),(0.0,1.0,2.0),(0.0,0.012000000000001),.UNSPECIFIED.);
#3016=CARTESIAN_POINT('',(4.600642584550048,0.781604591191806,0.0));
#3017=VERTEX_POINT('',#3016);
#3018=CARTESIAN_POINT('',(4.190999132291804,0.689222091572491,0.0));
#3019=VERTEX_POINT('',#3018);
#3020=CARTESIAN_POINT('',(4.600642584550048,0.781604591191806,0.0));
#3021=CARTESIAN_POINT('',(4.487595578437222,0.781604591191755,0.0));
#3022=CARTESIAN_POINT('',(4.266363803033662,0.726904426943484,0.0));
#3023=CARTESIAN_POINT('',(4.190999132291804,0.689222091572491,0.0));
#3024=QUASI_UNIFORM_CURVE('',2,(#3020,#3021,#3022,#3023),.UNSPECIFIED.,.F.,.U.);
#3025=EDGE_CURVE('',#3017,#3019,#3024,.T.);
#3026=ORIENTED_EDGE('',*,*,#3025,.F.);
#3027=CARTESIAN_POINT('',(4.600642584550048,0.781604591191806,-0.100000000000006));
#3028=VERTEX_POINT('',#3027);
#3029=CARTESIAN_POINT('',(4.600642584550048,0.781604591191806,-0.100000000000006));
#3030=DIRECTION('',(0.0,0.0,1.0));
#3031=VECTOR('',#3030,0.100000000000006);
#3032=LINE('',#3029,#3031);
#3033=EDGE_CURVE('',#3028,#3017,#3032,.T.);
#3034=ORIENTED_EDGE('',*,*,#3033,.F.);
#3035=CARTESIAN_POINT('',(4.190999132291804,0.689222091572491,-0.100000000000006));
#3036=VERTEX_POINT('',#3035);
#3037=CARTESIAN_POINT('',(4.190999132291804,0.689222091572491,-0.100000000000006));
#3038=CARTESIAN_POINT('',(4.266363803033662,0.726904426943484,-0.100000000000006));
#3039=CARTESIAN_POINT('',(4.487595578437222,0.781604591191755,-0.100000000000006));
#3040=CARTESIAN_POINT('',(4.600642584550048,0.781604591191806,-0.100000000000006));
#3041=QUASI_UNIFORM_CURVE('',2,(#3037,#3038,#3039,#3040),.UNSPECIFIED.,.F.,.U.);
#3042=EDGE_CURVE('',#3036,#3028,#3041,.T.);
#3043=ORIENTED_EDGE('',*,*,#3042,.F.);
#3044=CARTESIAN_POINT('',(4.190999132291804,0.689222091572491,-0.100000000000006));
#3045=DIRECTION('',(0.0,0.0,1.0));
#3046=VECTOR('',#3045,0.100000000000006);
#3047=LINE('',#3044,#3046);
#3048=EDGE_CURVE('',#3036,#3019,#3047,.T.);
#3049=ORIENTED_EDGE('',*,*,#3048,.T.);
#3050=EDGE_LOOP('',(#3026,#3034,#3043,#3049));
#3051=FACE_OUTER_BOUND('',#3050,.T.);
#3052=ADVANCED_FACE('',(#3051),#3015,.T.);
#3053=CARTESIAN_POINT('',(4.190999132291932,0.465863087559236,-0.105000000000012));
#3054=DIRECTION('',(-1.0,-5.923685E-013,0.0));
#3055=DIRECTION('',(0.0,0.0,1.0));
#3056=AXIS2_PLACEMENT_3D('',#3053,#3054,#3055);
#3057=PLANE('',#3056);
#3058=CARTESIAN_POINT('',(4.190999132291932,0.476499230607481,0.0));
#3059=VERTEX_POINT('',#3058);
#3060=CARTESIAN_POINT('',(4.190999132291804,0.689222091572491,0.0));
#3061=DIRECTION('',(5.928904E-013,-1.0,0.0));
#3062=VECTOR('',#3061,0.21272286096501);
#3063=LINE('',#3060,#3062);
#3064=EDGE_CURVE('',#3019,#3059,#3063,.T.);
#3065=ORIENTED_EDGE('',*,*,#3064,.F.);
#3066=ORIENTED_EDGE('',*,*,#3048,.F.);
#3067=CARTESIAN_POINT('',(4.190999132291932,0.476499230607481,-0.100000000000006));
#3068=VERTEX_POINT('',#3067);
#3069=CARTESIAN_POINT('',(4.190999132291932,0.476499230607481,-0.100000000000006));
#3070=DIRECTION('',(-5.928904E-013,1.0,0.0));
#3071=VECTOR('',#3070,0.21272286096501);
#3072=LINE('',#3069,#3071);
#3073=EDGE_CURVE('',#3068,#3036,#3072,.T.);
#3074=ORIENTED_EDGE('',*,*,#3073,.F.);
#3075=CARTESIAN_POINT('',(4.190999132291932,0.476499230607481,-0.100000000000006));
#3076=DIRECTION('',(0.0,0.0,1.0));
#3077=VECTOR('',#3076,0.100000000000006);
#3078=LINE('',#3075,#3077);
#3079=EDGE_CURVE('',#3068,#3059,#3078,.T.);
#3080=ORIENTED_EDGE('',*,*,#3079,.T.);
#3081=EDGE_LOOP('',(#3065,#3066,#3074,#3080));
#3082=FACE_OUTER_BOUND('',#3081,.T.);
#3083=ADVANCED_FACE('',(#3082),#3057,.T.);
#3084=CARTESIAN_POINT('',(4.190269796768614,0.476499230607481,0.005000000000005));
#3085=DIRECTION('',(5.898676E-013,-1.0,0.0));
#3086=DIRECTION('',(0.0,0.0,-1.0));
#3087=AXIS2_PLACEMENT_3D('',#3084,#3085,#3086);
#3088=PLANE('',#3087);
#3089=CARTESIAN_POINT('',(4.205585842758101,0.476499230607481,0.0));
#3090=VERTEX_POINT('',#3089);
#3091=CARTESIAN_POINT('',(4.190999132291932,0.476499230607481,0.0));
#3092=DIRECTION('',(1.0,5.898676E-013,0.0));
#3093=VECTOR('',#3092,0.01458671046617);
#3094=LINE('',#3091,#3093);
#3095=EDGE_CURVE('',#3059,#3090,#3094,.T.);
#3096=ORIENTED_EDGE('',*,*,#3095,.F.);
#3097=ORIENTED_EDGE('',*,*,#3079,.F.);
#3098=CARTESIAN_POINT('',(4.205585842758101,0.476499230607481,-0.100000000000006));
#3099=VERTEX_POINT('',#3098);
#3100=CARTESIAN_POINT('',(4.205585842758101,0.476499230607481,-0.100000000000006));
#3101=DIRECTION('',(-1.0,-5.936732E-013,0.0));
#3102=VECTOR('',#3101,0.01458671046617);
#3103=LINE('',#3100,#3102);
#3104=EDGE_CURVE('',#3099,#3068,#3103,.T.);
#3105=ORIENTED_EDGE('',*,*,#3104,.F.);
#3106=CARTESIAN_POINT('',(4.205585842758101,0.476499230607481,-0.100000000000006));
#3107=DIRECTION('',(0.0,0.0,1.0));
#3108=VECTOR('',#3107,0.100000000000006);
#3109=LINE('',#3106,#3108);
#3110=EDGE_CURVE('',#3099,#3090,#3109,.T.);
#3111=ORIENTED_EDGE('',*,*,#3110,.T.);
#3112=EDGE_LOOP('',(#3096,#3097,#3105,#3111));
#3113=FACE_OUTER_BOUND('',#3112,.T.);
#3114=ADVANCED_FACE('',(#3113),#3088,.T.);
#3115=CARTESIAN_POINT('',(4.205585842758101,0.476499230607481,-0.100000000000006));
#3116=CARTESIAN_POINT('',(4.268794921444796,0.522690480417075,-0.100000000000006));
#3117=CARTESIAN_POINT('',(4.482733341615284,0.607779624803191,-0.100000000000006));
#3118=CARTESIAN_POINT('',(4.588486992495011,0.607779624803267,-0.100000000000006));
#3119=CARTESIAN_POINT('',(4.205585842758101,0.476499230607481,0.020000000000001));
#3120=CARTESIAN_POINT('',(4.268794921444796,0.522690480417075,0.020000000000001));
#3121=CARTESIAN_POINT('',(4.482733341615284,0.607779624803191,0.020000000000001));
#3122=CARTESIAN_POINT('',(4.588486992495011,0.607779624803267,0.020000000000001));
#3123=B_SPLINE_SURFACE_WITH_KNOTS('',2,1,((#3115,#3119),(#3116,#3120),(#3117,#3121),(#3118,#3122)),.UNSPECIFIED.,.F.,.F.,.F.,(3,1,3),(2,2),(0.0,1.0,2.0),(0.0,0.012000000000001),.UNSPECIFIED.);
#3124=CARTESIAN_POINT('',(4.588486992495011,0.607779624803267,0.0));
#3125=VERTEX_POINT('',#3124);
#3126=CARTESIAN_POINT('',(4.205585842758101,0.476499230607481,0.0));
#3127=CARTESIAN_POINT('',(4.268794921444796,0.522690480417075,0.0));
#3128=CARTESIAN_POINT('',(4.482733341615284,0.607779624803191,0.0));
#3129=CARTESIAN_POINT('',(4.588486992495011,0.607779624803267,0.0));
#3130=QUASI_UNIFORM_CURVE('',2,(#3126,#3127,#3128,#3129),.UNSPECIFIED.,.F.,.U.);
#3131=EDGE_CURVE('',#3090,#3125,#3130,.T.);
#3132=ORIENTED_EDGE('',*,*,#3131,.F.);
#3133=ORIENTED_EDGE('',*,*,#3110,.F.);
#3134=CARTESIAN_POINT('',(4.588486992495011,0.607779624803267,-0.100000000000006));
#3135=VERTEX_POINT('',#3134);
#3136=CARTESIAN_POINT('',(4.588486992495011,0.607779624803267,-0.100000000000006));
#3137=CARTESIAN_POINT('',(4.482733341615284,0.607779624803191,-0.100000000000006));
#3138=CARTESIAN_POINT('',(4.268794921444796,0.522690480417075,-0.100000000000006));
#3139=CARTESIAN_POINT('',(4.205585842758101,0.476499230607481,-0.100000000000006));
#3140=QUASI_UNIFORM_CURVE('',2,(#3136,#3137,#3138,#3139),.UNSPECIFIED.,.F.,.U.);
#3141=EDGE_CURVE('',#3135,#3099,#3140,.T.);
#3142=ORIENTED_EDGE('',*,*,#3141,.F.);
#3143=CARTESIAN_POINT('',(4.588486992495011,0.607779624803267,-0.100000000000006));
#3144=DIRECTION('',(0.0,0.0,1.0));
#3145=VECTOR('',#3144,0.100000000000006);
#3146=LINE('',#3143,#3145);
#3147=EDGE_CURVE('',#3135,#3125,#3146,.T.);
#3148=ORIENTED_EDGE('',*,*,#3147,.T.);
#3149=EDGE_LOOP('',(#3132,#3133,#3142,#3148));
#3150=FACE_OUTER_BOUND('',#3149,.T.);
#3151=ADVANCED_FACE('',(#3150),#3123,.T.);
#3152=CARTESIAN_POINT('',(4.588486992495011,0.607779624803267,-0.100000000000006));
#3153=CARTESIAN_POINT('',(4.650480511976253,0.607779624803293,-0.100000000000006));
#3154=CARTESIAN_POINT('',(4.77446755093874,0.568881730226923,-0.100000000000006));
#3155=CARTESIAN_POINT('',(4.815796563926242,0.523906039622909,-0.100000000000006));
#3156=CARTESIAN_POINT('',(4.588486992495011,0.607779624803267,0.020000000000001));
#3157=CARTESIAN_POINT('',(4.650480511976253,0.607779624803293,0.020000000000001));
#3158=CARTESIAN_POINT('',(4.77446755093874,0.568881730226923,0.020000000000001));
#3159=CARTESIAN_POINT('',(4.815796563926242,0.523906039622909,0.020000000000001));
#3160=B_SPLINE_SURFACE_WITH_KNOTS('',2,1,((#3152,#3156),(#3153,#3157),(#3154,#3158),(#3155,#3159)),.UNSPECIFIED.,.F.,.F.,.F.,(3,1,3),(2,2),(0.0,1.0,2.0),(0.0,0.012000000000001),.UNSPECIFIED.);
#3161=CARTESIAN_POINT('',(4.815796563926242,0.523906039622909,0.0));
#3162=VERTEX_POINT('',#3161);
#3163=CARTESIAN_POINT('',(4.588486992495011,0.607779624803267,0.0));
#3164=CARTESIAN_POINT('',(4.650480511976253,0.607779624803293,0.0));
#3165=CARTESIAN_POINT('',(4.77446755093874,0.568881730226923,0.0));
#3166=CARTESIAN_POINT('',(4.815796563926242,0.523906039622909,0.0));
#3167=QUASI_UNIFORM_CURVE('',2,(#3163,#3164,#3165,#3166),.UNSPECIFIED.,.F.,.U.);
#3168=EDGE_CURVE('',#3125,#3162,#3167,.T.);
#3169=ORIENTED_EDGE('',*,*,#3168,.F.);
#3170=ORIENTED_EDGE('',*,*,#3147,.F.);
#3171=CARTESIAN_POINT('',(4.815796563926242,0.523906039622909,-0.100000000000006));
#3172=VERTEX_POINT('',#3171);
#3173=CARTESIAN_POINT('',(4.815796563926242,0.523906039622909,-0.100000000000006));
#3174=CARTESIAN_POINT('',(4.77446755093874,0.568881730226923,-0.100000000000006));
#3175=CARTESIAN_POINT('',(4.650480511976253,0.607779624803293,-0.100000000000006));
#3176=CARTESIAN_POINT('',(4.588486992495011,0.607779624803267,-0.100000000000006));
#3177=QUASI_UNIFORM_CURVE('',2,(#3173,#3174,#3175,#3176),.UNSPECIFIED.,.F.,.U.);
#3178=EDGE_CURVE('',#3172,#3135,#3177,.T.);
#3179=ORIENTED_EDGE('',*,*,#3178,.F.);
#3180=CARTESIAN_POINT('',(4.815796563926242,0.523906039622909,-0.100000000000006));
#3181=DIRECTION('',(0.0,0.0,1.0));
#3182=VECTOR('',#3181,0.100000000000006);
#3183=LINE('',#3180,#3182);
#3184=EDGE_CURVE('',#3172,#3162,#3183,.T.);
#3185=ORIENTED_EDGE('',*,*,#3184,.T.);
#3186=EDGE_LOOP('',(#3169,#3170,#3179,#3185));
#3187=FACE_OUTER_BOUND('',#3186,.T.);
#3188=ADVANCED_FACE('',(#3187),#3160,.T.);
#3189=CARTESIAN_POINT('',(4.815796563926242,0.523906039622909,-0.100000000000006));
#3190=CARTESIAN_POINT('',(4.855910017708242,0.478930349018895,-0.100000000000006));
#3191=CARTESIAN_POINT('',(4.8984545899013,0.371961138933664,-0.100000000000006));
#3192=CARTESIAN_POINT('',(4.89845458990135,0.290518672164211,-0.100000000000006));
#3193=CARTESIAN_POINT('',(4.815796563926242,0.523906039622909,0.020000000000001));
#3194=CARTESIAN_POINT('',(4.855910017708242,0.478930349018895,0.020000000000001));
#3195=CARTESIAN_POINT('',(4.8984545899013,0.371961138933664,0.020000000000001));
#3196=CARTESIAN_POINT('',(4.89845458990135,0.290518672164211,0.020000000000001));
#3197=B_SPLINE_SURFACE_WITH_KNOTS('',2,1,((#3189,#3193),(#3190,#3194),(#3191,#3195),(#3192,#3196)),.UNSPECIFIED.,.F.,.F.,.F.,(3,1,3),(2,2),(0.0,1.0,2.0),(0.0,0.012000000000001),.UNSPECIFIED.);
#3198=CARTESIAN_POINT('',(4.89845458990135,0.290518672164211,0.0));
#3199=VERTEX_POINT('',#3198);
#3200=CARTESIAN_POINT('',(4.815796563926242,0.523906039622909,0.0));
#3201=CARTESIAN_POINT('',(4.855910017708242,0.478930349018895,0.0));
#3202=CARTESIAN_POINT('',(4.8984545899013,0.371961138933664,0.0));
#3203=CARTESIAN_POINT('',(4.89845458990135,0.290518672164211,0.0));
#3204=QUASI_UNIFORM_CURVE('',2,(#3200,#3201,#3202,#3203),.UNSPECIFIED.,.F.,.U.);
#3205=EDGE_CURVE('',#3162,#3199,#3204,.T.);
#3206=ORIENTED_EDGE('',*,*,#3205,.F.);
#3207=ORIENTED_EDGE('',*,*,#3184,.F.);
#3208=CARTESIAN_POINT('',(4.89845458990135,0.290518672164211,-0.100000000000006));
#3209=VERTEX_POINT('',#3208);
#3210=CARTESIAN_POINT('',(4.89845458990135,0.290518672164211,-0.100000000000006));
#3211=CARTESIAN_POINT('',(4.8984545899013,0.371961138933664,-0.100000000000006));
#3212=CARTESIAN_POINT('',(4.855910017708242,0.478930349018895,-0.100000000000006));
#3213=CARTESIAN_POINT('',(4.815796563926242,0.523906039622909,-0.100000000000006));
#3214=QUASI_UNIFORM_CURVE('',2,(#3210,#3211,#3212,#3213),.UNSPECIFIED.,.F.,.U.);
#3215=EDGE_CURVE('',#3209,#3172,#3214,.T.);
#3216=ORIENTED_EDGE('',*,*,#3215,.F.);
#3217=CARTESIAN_POINT('',(4.89845458990135,0.290518672164211,-0.100000000000006));
#3218=DIRECTION('',(0.0,0.0,1.0));
#3219=VECTOR('',#3218,0.100000000000006);
#3220=LINE('',#3217,#3219);
#3221=EDGE_CURVE('',#3209,#3199,#3220,.T.);
#3222=ORIENTED_EDGE('',*,*,#3221,.T.);
#3223=EDGE_LOOP('',(#3206,#3207,#3216,#3222));
#3224=FACE_OUTER_BOUND('',#3223,.T.);
#3225=ADVANCED_FACE('',(#3224),#3197,.T.);
#3226=CARTESIAN_POINT('',(4.89845458990135,0.290518672164211,-0.100000000000006));
#3227=CARTESIAN_POINT('',(4.898454589901402,0.209076205394759,-0.100000000000006));
#3228=CARTESIAN_POINT('',(4.851047780886405,0.103322554514981,-0.100000000000006));
#3229=CARTESIAN_POINT('',(4.808503208693423,0.072933574377111,-0.100000000000006));
#3230=CARTESIAN_POINT('',(4.89845458990135,0.290518672164211,0.020000000000001));
#3231=CARTESIAN_POINT('',(4.898454589901402,0.209076205394759,0.020000000000001));
#3232=CARTESIAN_POINT('',(4.851047780886405,0.103322554514981,0.020000000000001));
#3233=CARTESIAN_POINT('',(4.808503208693423,0.072933574377111,0.020000000000001));
#3234=B_SPLINE_SURFACE_WITH_KNOTS('',2,1,((#3226,#3230),(#3227,#3231),(#3228,#3232),(#3229,#3233)),.UNSPECIFIED.,.F.,.F.,.F.,(3,1,3),(2,2),(0.0,1.0,2.0),(0.0,0.012000000000001),.UNSPECIFIED.);
#3235=CARTESIAN_POINT('',(4.808503208693423,0.072933574377111,0.0));
#3236=VERTEX_POINT('',#3235);
#3237=CARTESIAN_POINT('',(4.89845458990135,0.290518672164211,0.0));
#3238=CARTESIAN_POINT('',(4.898454589901402,0.209076205394759,0.0));
#3239=CARTESIAN_POINT('',(4.851047780886405,0.103322554514981,0.0));
#3240=CARTESIAN_POINT('',(4.808503208693423,0.072933574377111,0.0));
#3241=QUASI_UNIFORM_CURVE('',2,(#3237,#3238,#3239,#3240),.UNSPECIFIED.,.F.,.U.);
#3242=EDGE_CURVE('',#3199,#3236,#3241,.T.);
#3243=ORIENTED_EDGE('',*,*,#3242,.F.);
#3244=ORIENTED_EDGE('',*,*,#3221,.F.);
#3245=CARTESIAN_POINT('',(4.808503208693423,0.072933574377111,-0.100000000000006));
#3246=VERTEX_POINT('',#3245);
#3247=CARTESIAN_POINT('',(4.808503208693423,0.072933574377111,-0.100000000000006));
#3248=CARTESIAN_POINT('',(4.851047780886405,0.103322554514981,-0.100000000000006));
#3249=CARTESIAN_POINT('',(4.898454589901402,0.209076205394759,-0.100000000000006));
#3250=CARTESIAN_POINT('',(4.89845458990135,0.290518672164211,-0.100000000000006));
#3251=QUASI_UNIFORM_CURVE('',2,(#3247,#3248,#3249,#3250),.UNSPECIFIED.,.F.,.U.);
#3252=EDGE_CURVE('',#3246,#3209,#3251,.T.);
#3253=ORIENTED_EDGE('',*,*,#3252,.F.);
#3254=CARTESIAN_POINT('',(4.808503208693423,0.072933574377111,-0.100000000000006));
#3255=DIRECTION('',(0.0,0.0,1.0));
#3256=VECTOR('',#3255,0.100000000000006);
#3257=LINE('',#3254,#3256);
#3258=EDGE_CURVE('',#3246,#3236,#3257,.T.);
#3259=ORIENTED_EDGE('',*,*,#3258,.T.);
#3260=EDGE_LOOP('',(#3243,#3244,#3253,#3259));
#3261=FACE_OUTER_BOUND('',#3260,.T.);
#3262=ADVANCED_FACE('',(#3261),#3234,.T.);
#3263=CARTESIAN_POINT('',(4.808503208693423,0.072933574377111,-0.100000000000006));
#3264=CARTESIAN_POINT('',(4.765958636500443,0.042544594239216,-0.100000000000006));
#3265=CARTESIAN_POINT('',(4.650480511976586,0.019448969334369,-0.100000000000006));
#3266=CARTESIAN_POINT('',(4.582409196467799,0.019448969334343,-0.100000000000006));
#3267=CARTESIAN_POINT('',(4.808503208693423,0.072933574377111,0.020000000000001));
#3268=CARTESIAN_POINT('',(4.765958636500443,0.042544594239216,0.020000000000001));
#3269=CARTESIAN_POINT('',(4.650480511976586,0.019448969334369,0.020000000000001));
#3270=CARTESIAN_POINT('',(4.582409196467799,0.019448969334343,0.020000000000001));
#3271=B_SPLINE_SURFACE_WITH_KNOTS('',2,1,((#3263,#3267),(#3264,#3268),(#3265,#3269),(#3266,#3270)),.UNSPECIFIED.,.F.,.F.,.F.,(3,1,3),(2,2),(0.0,1.0,2.0),(0.0,0.012000000000001),.UNSPECIFIED.);
#3272=CARTESIAN_POINT('',(4.582409196467799,0.019448969334343,0.0));
#3273=VERTEX_POINT('',#3272);
#3274=CARTESIAN_POINT('',(4.808503208693423,0.072933574377111,0.0));
#3275=CARTESIAN_POINT('',(4.765958636500443,0.042544594239216,0.0));
#3276=CARTESIAN_POINT('',(4.650480511976586,0.019448969334369,0.0));
#3277=CARTESIAN_POINT('',(4.582409196467799,0.019448969334343,0.0));
#3278=QUASI_UNIFORM_CURVE('',2,(#3274,#3275,#3276,#3277),.UNSPECIFIED.,.F.,.U.);
#3279=EDGE_CURVE('',#3236,#3273,#3278,.T.);
#3280=ORIENTED_EDGE('',*,*,#3279,.F.);
#3281=ORIENTED_EDGE('',*,*,#3258,.F.);
#3282=CARTESIAN_POINT('',(4.582409196467799,0.019448969334343,-0.100000000000006));
#3283=VERTEX_POINT('',#3282);
#3284=CARTESIAN_POINT('',(4.582409196467799,0.019448969334343,-0.100000000000006));
#3285=CARTESIAN_POINT('',(4.650480511976586,0.019448969334369,-0.100000000000006));
#3286=CARTESIAN_POINT('',(4.765958636500443,0.042544594239216,-0.100000000000006));
#3287=CARTESIAN_POINT('',(4.808503208693423,0.072933574377111,-0.100000000000006));
#3288=QUASI_UNIFORM_CURVE('',2,(#3284,#3285,#3286,#3287),.UNSPECIFIED.,.F.,.U.);
#3289=EDGE_CURVE('',#3283,#3246,#3288,.T.);
#3290=ORIENTED_EDGE('',*,*,#3289,.F.);
#3291=CARTESIAN_POINT('',(4.582409196467799,0.019448969334343,-0.100000000000006));
#3292=DIRECTION('',(0.0,0.0,1.0));
#3293=VECTOR('',#3292,0.100000000000006);
#3294=LINE('',#3291,#3293);
#3295=EDGE_CURVE('',#3283,#3273,#3294,.T.);
#3296=ORIENTED_EDGE('',*,*,#3295,.T.);
#3297=EDGE_LOOP('',(#3280,#3281,#3290,#3296));
#3298=FACE_OUTER_BOUND('',#3297,.T.);
#3299=ADVANCED_FACE('',(#3298),#3271,.T.);
#3300=CARTESIAN_POINT('',(4.493065594862497,0.019448969334292,-0.105000000000012));
#3301=DIRECTION('',(-5.936732E-013,1.0,0.0));
#3302=DIRECTION('',(0.0,0.0,1.0));
#3303=AXIS2_PLACEMENT_3D('',#3300,#3301,#3302);
#3304=PLANE('',#3303);
#3305=CARTESIAN_POINT('',(4.497320052081784,0.019448969334292,0.0));
#3306=VERTEX_POINT('',#3305);
#3307=CARTESIAN_POINT('',(4.582409196467799,0.019448969334343,0.0));
#3308=DIRECTION('',(-1.0,-5.936325E-013,0.0));
#3309=VECTOR('',#3308,0.085089144386014);
#3310=LINE('',#3307,#3309);
#3311=EDGE_CURVE('',#3273,#3306,#3310,.T.);
#3312=ORIENTED_EDGE('',*,*,#3311,.F.);
#3313=ORIENTED_EDGE('',*,*,#3295,.F.);
#3314=CARTESIAN_POINT('',(4.497320052081784,0.019448969334292,-0.100000000000006));
#3315=VERTEX_POINT('',#3314);
#3316=CARTESIAN_POINT('',(4.497320052081784,0.019448969334292,-0.100000000000006));
#3317=DIRECTION('',(1.0,5.936732E-013,0.0));
#3318=VECTOR('',#3317,0.085089144386014);
#3319=LINE('',#3316,#3318);
#3320=EDGE_CURVE('',#3315,#3283,#3319,.T.);
#3321=ORIENTED_EDGE('',*,*,#3320,.F.);
#3322=CARTESIAN_POINT('',(4.497320052081784,0.019448969334292,-0.100000000000006));
#3323=DIRECTION('',(0.0,0.0,1.0));
#3324=VECTOR('',#3323,0.100000000000006);
#3325=LINE('',#3322,#3324);
#3326=EDGE_CURVE('',#3315,#3306,#3325,.T.);
#3327=ORIENTED_EDGE('',*,*,#3326,.T.);
#3328=EDGE_LOOP('',(#3312,#3313,#3321,#3327));
#3329=FACE_OUTER_BOUND('',#3328,.T.);
#3330=ADVANCED_FACE('',(#3329),#3304,.T.);
#3331=CARTESIAN_POINT('',(4.497320052081886,-0.155409222378952,-0.105000000000012));
#3332=DIRECTION('',(-1.0,-5.933399E-013,0.0));
#3333=DIRECTION('',(0.0,0.0,1.0));
#3334=AXIS2_PLACEMENT_3D('',#3331,#3332,#3333);
#3335=PLANE('',#3334);
#3336=CARTESIAN_POINT('',(4.497320052081886,-0.147082641821174,0.0));
#3337=VERTEX_POINT('',#3336);
#3338=CARTESIAN_POINT('',(4.497320052081784,0.019448969334292,0.0));
#3339=DIRECTION('',(5.920066E-013,-1.0,0.0));
#3340=VECTOR('',#3339,0.166531611155466);
#3341=LINE('',#3338,#3340);
#3342=EDGE_CURVE('',#3306,#3337,#3341,.T.);
#3343=ORIENTED_EDGE('',*,*,#3342,.F.);
#3344=ORIENTED_EDGE('',*,*,#3326,.F.);
#3345=CARTESIAN_POINT('',(4.497320052081886,-0.147082641821174,-0.100000000000006));
#3346=VERTEX_POINT('',#3345);
#3347=CARTESIAN_POINT('',(4.497320052081886,-0.147082641821174,-0.100000000000006));
#3348=DIRECTION('',(-5.920066E-013,1.0,0.0));
#3349=VECTOR('',#3348,0.166531611155466);
#3350=LINE('',#3347,#3349);
#3351=EDGE_CURVE('',#3346,#3315,#3350,.T.);
#3352=ORIENTED_EDGE('',*,*,#3351,.F.);
#3353=CARTESIAN_POINT('',(4.497320052081886,-0.147082641821174,-0.100000000000006));
#3354=DIRECTION('',(0.0,0.0,1.0));
#3355=VECTOR('',#3354,0.100000000000006);
#3356=LINE('',#3353,#3355);
#3357=EDGE_CURVE('',#3346,#3337,#3356,.T.);
#3358=ORIENTED_EDGE('',*,*,#3357,.T.);
#3359=EDGE_LOOP('',(#3343,#3344,#3352,#3358));
#3360=FACE_OUTER_BOUND('',#3359,.T.);
#3361=ADVANCED_FACE('',(#3360),#3335,.T.);
#3362=CARTESIAN_POINT('',(4.493977264266713,-0.147082641821174,0.005000000000005));
#3363=DIRECTION('',(5.936732E-013,-1.0,0.0));
#3364=DIRECTION('',(0.0,0.0,-1.0));
#3365=AXIS2_PLACEMENT_3D('',#3362,#3363,#3364);
#3366=PLANE('',#3365);
#3367=CARTESIAN_POINT('',(4.564175808385169,-0.147082641821123,0.0));
#3368=VERTEX_POINT('',#3367);
#3369=CARTESIAN_POINT('',(4.497320052081886,-0.147082641821174,0.0));
#3370=DIRECTION('',(1.0,5.940884E-013,0.0));
#3371=VECTOR('',#3370,0.066855756303283);
#3372=LINE('',#3369,#3371);
#3373=EDGE_CURVE('',#3337,#3368,#3372,.T.);
#3374=ORIENTED_EDGE('',*,*,#3373,.F.);
#3375=ORIENTED_EDGE('',*,*,#3357,.F.);
#3376=CARTESIAN_POINT('',(4.564175808385169,-0.147082641821123,-0.100000000000006));
#3377=VERTEX_POINT('',#3376);
#3378=CARTESIAN_POINT('',(4.564175808385169,-0.147082641821123,-0.100000000000006));
#3379=DIRECTION('',(-1.0,-5.940884E-013,0.0));
#3380=VECTOR('',#3379,0.066855756303283);
#3381=LINE('',#3378,#3380);
#3382=EDGE_CURVE('',#3377,#3346,#3381,.T.);
#3383=ORIENTED_EDGE('',*,*,#3382,.F.);
#3384=CARTESIAN_POINT('',(4.564175808385169,-0.147082641821123,-0.100000000000006));
#3385=DIRECTION('',(0.0,0.0,1.0));
#3386=VECTOR('',#3385,0.100000000000006);
#3387=LINE('',#3384,#3386);
#3388=EDGE_CURVE('',#3377,#3368,#3387,.T.);
#3389=ORIENTED_EDGE('',*,*,#3388,.T.);
#3390=EDGE_LOOP('',(#3374,#3375,#3383,#3389));
#3391=FACE_OUTER_BOUND('',#3390,.T.);
#3392=ADVANCED_FACE('',(#3391),#3366,.T.);
#3393=CARTESIAN_POINT('',(4.564175808385169,-0.147082641821123,-0.100000000000006));
#3394=CARTESIAN_POINT('',(4.699102880197262,-0.147082641821047,-0.100000000000006));
#3395=CARTESIAN_POINT('',(4.86928116896934,-0.27593191760547,-0.100000000000006));
#3396=CARTESIAN_POINT('',(4.869281168969417,-0.3987033973624,-0.100000000000006));
#3397=CARTESIAN_POINT('',(4.564175808385169,-0.147082641821123,0.020000000000007));
#3398=CARTESIAN_POINT('',(4.699102880197262,-0.147082641821047,0.020000000000007));
#3399=CARTESIAN_POINT('',(4.86928116896934,-0.27593191760547,0.020000000000007));
#3400=CARTESIAN_POINT('',(4.869281168969417,-0.3987033973624,0.020000000000007));
#3401=B_SPLINE_SURFACE_WITH_KNOTS('',2,1,((#3393,#3397),(#3394,#3398),(#3395,#3399),(#3396,#3400)),.UNSPECIFIED.,.F.,.F.,.F.,(3,1,3),(2,2),(0.0,1.0,2.0),(0.0,0.012000000000001),.UNSPECIFIED.);
#3402=CARTESIAN_POINT('',(4.869281168969417,-0.3987033973624,0.0));
#3403=VERTEX_POINT('',#3402);
#3404=CARTESIAN_POINT('',(4.564175808385169,-0.147082641821123,4.440893E-015));
#3405=CARTESIAN_POINT('',(4.699102880197262,-0.147082641821047,4.440893E-015));
#3406=CARTESIAN_POINT('',(4.86928116896934,-0.27593191760547,4.440893E-015));
#3407=CARTESIAN_POINT('',(4.869281168969417,-0.3987033973624,4.440893E-015));
#3408=QUASI_UNIFORM_CURVE('',2,(#3404,#3405,#3406,#3407),.UNSPECIFIED.,.F.,.U.);
#3409=EDGE_CURVE('',#3368,#3403,#3408,.T.);
#3410=ORIENTED_EDGE('',*,*,#3409,.F.);
#3411=ORIENTED_EDGE('',*,*,#3388,.F.);
#3412=CARTESIAN_POINT('',(4.869281168969417,-0.3987033973624,-0.100000000000006));
#3413=VERTEX_POINT('',#3412);
#3414=CARTESIAN_POINT('',(4.869281168969417,-0.3987033973624,-0.100000000000006));
#3415=CARTESIAN_POINT('',(4.86928116896934,-0.27593191760547,-0.100000000000006));
#3416=CARTESIAN_POINT('',(4.699102880197262,-0.147082641821047,-0.100000000000006));
#3417=CARTESIAN_POINT('',(4.564175808385169,-0.147082641821123,-0.100000000000006));
#3418=QUASI_UNIFORM_CURVE('',2,(#3414,#3415,#3416,#3417),.UNSPECIFIED.,.F.,.U.);
#3419=EDGE_CURVE('',#3413,#3377,#3418,.T.);
#3420=ORIENTED_EDGE('',*,*,#3419,.F.);
#3421=CARTESIAN_POINT('',(4.869281168969417,-0.3987033973624,-0.100000000000006));
#3422=DIRECTION('',(0.0,0.0,1.0));
#3423=VECTOR('',#3422,0.100000000000006);
#3424=LINE('',#3421,#3423);
#3425=EDGE_CURVE('',#3413,#3403,#3424,.T.);
#3426=ORIENTED_EDGE('',*,*,#3425,.T.);
#3427=EDGE_LOOP('',(#3410,#3411,#3420,#3426));
#3428=FACE_OUTER_BOUND('',#3427,.T.);
#3429=ADVANCED_FACE('',(#3428),#3401,.T.);
#3430=CARTESIAN_POINT('',(4.869281168969417,-0.3987033973624,-0.100000000000006));
#3431=CARTESIAN_POINT('',(4.869281168969442,-0.455834680021578,-0.100000000000006));
#3432=CARTESIAN_POINT('',(4.825521037570983,-0.537277146791055,-0.100000000000006));
#3433=CARTESIAN_POINT('',(4.790269820611099,-0.561588330901381,-0.100000000000006));
#3434=CARTESIAN_POINT('',(4.869281168969417,-0.3987033973624,0.020000000000001));
#3435=CARTESIAN_POINT('',(4.869281168969442,-0.455834680021578,0.020000000000001));
#3436=CARTESIAN_POINT('',(4.825521037570983,-0.537277146791055,0.020000000000001));
#3437=CARTESIAN_POINT('',(4.790269820611099,-0.561588330901381,0.020000000000001));
#3438=B_SPLINE_SURFACE_WITH_KNOTS('',2,1,((#3430,#3434),(#3431,#3435),(#3432,#3436),(#3433,#3437)),.UNSPECIFIED.,.F.,.F.,.F.,(3,1,3),(2,2),(0.0,1.0,2.0),(0.0,0.012000000000001),.UNSPECIFIED.);
#3439=CARTESIAN_POINT('',(4.790269820611099,-0.561588330901381,0.0));
#3440=VERTEX_POINT('',#3439);
#3441=CARTESIAN_POINT('',(4.869281168969417,-0.3987033973624,0.0));
#3442=CARTESIAN_POINT('',(4.869281168969442,-0.455834680021578,0.0));
#3443=CARTESIAN_POINT('',(4.825521037570983,-0.537277146791055,0.0));
#3444=CARTESIAN_POINT('',(4.790269820611099,-0.561588330901381,0.0));
#3445=QUASI_UNIFORM_CURVE('',2,(#3441,#3442,#3443,#3444),.UNSPECIFIED.,.F.,.U.);
#3446=EDGE_CURVE('',#3403,#3440,#3445,.T.);
#3447=ORIENTED_EDGE('',*,*,#3446,.F.);
#3448=ORIENTED_EDGE('',*,*,#3425,.F.);
#3449=CARTESIAN_POINT('',(4.790269820611099,-0.561588330901381,-0.100000000000006));
#3450=VERTEX_POINT('',#3449);
#3451=CARTESIAN_POINT('',(4.790269820611099,-0.561588330901381,-0.100000000000006));
#3452=CARTESIAN_POINT('',(4.825521037570983,-0.537277146791055,-0.100000000000006));
#3453=CARTESIAN_POINT('',(4.869281168969442,-0.455834680021578,-0.100000000000006));
#3454=CARTESIAN_POINT('',(4.869281168969417,-0.3987033973624,-0.100000000000006));
#3455=QUASI_UNIFORM_CURVE('',2,(#3451,#3452,#3453,#3454),.UNSPECIFIED.,.F.,.U.);
#3456=EDGE_CURVE('',#3450,#3413,#3455,.T.);
#3457=ORIENTED_EDGE('',*,*,#3456,.F.);
#3458=CARTESIAN_POINT('',(4.790269820611099,-0.561588330901381,-0.100000000000006));
#3459=DIRECTION('',(0.0,0.0,1.0));
#3460=VECTOR('',#3459,0.100000000000006);
#3461=LINE('',#3458,#3460);
#3462=EDGE_CURVE('',#3450,#3440,#3461,.T.);
#3463=ORIENTED_EDGE('',*,*,#3462,.T.);
#3464=EDGE_LOOP('',(#3447,#3448,#3457,#3463));
#3465=FACE_OUTER_BOUND('',#3464,.T.);
#3466=ADVANCED_FACE('',(#3465),#3438,.T.);
#3467=CARTESIAN_POINT('',(4.790269820611099,-0.561588330901381,-0.100000000000006));
#3468=CARTESIAN_POINT('',(4.752587485240156,-0.587115074217186,-0.100000000000006));
#3469=CARTESIAN_POINT('',(4.660204985621096,-0.607779580711001,-0.100000000000006));
#3470=CARTESIAN_POINT('',(4.607935939783959,-0.607779580711026,-0.100000000000006));
#3471=CARTESIAN_POINT('',(4.790269820611099,-0.561588330901381,0.020000000000001));
#3472=CARTESIAN_POINT('',(4.752587485240156,-0.587115074217186,0.020000000000001));
#3473=CARTESIAN_POINT('',(4.660204985621096,-0.607779580711001,0.020000000000001));
#3474=CARTESIAN_POINT('',(4.607935939783959,-0.607779580711026,0.020000000000001));
#3475=B_SPLINE_SURFACE_WITH_KNOTS('',2,1,((#3467,#3471),(#3468,#3472),(#3469,#3473),(#3470,#3474)),.UNSPECIFIED.,.F.,.F.,.F.,(3,1,3),(2,2),(0.0,1.0,2.0),(0.0,0.012000000000001),.UNSPECIFIED.);
#3476=CARTESIAN_POINT('',(4.607935939783959,-0.607779580711026,0.0));
#3477=VERTEX_POINT('',#3476);
#3478=CARTESIAN_POINT('',(4.790269820611099,-0.561588330901381,0.0));
#3479=CARTESIAN_POINT('',(4.752587485240156,-0.587115074217186,0.0));
#3480=CARTESIAN_POINT('',(4.660204985621096,-0.607779580711001,0.0));
#3481=CARTESIAN_POINT('',(4.607935939783959,-0.607779580711026,0.0));
#3482=QUASI_UNIFORM_CURVE('',2,(#3478,#3479,#3480,#3481),.UNSPECIFIED.,.F.,.U.);
#3483=EDGE_CURVE('',#3440,#3477,#3482,.T.);
#3484=ORIENTED_EDGE('',*,*,#3483,.F.);
#3485=ORIENTED_EDGE('',*,*,#3462,.F.);
#3486=CARTESIAN_POINT('',(4.607935939783959,-0.607779580711026,-0.100000000000006));
#3487=VERTEX_POINT('',#3486);
#3488=CARTESIAN_POINT('',(4.607935939783959,-0.607779580711026,-0.100000000000006));
#3489=CARTESIAN_POINT('',(4.660204985621096,-0.607779580711001,-0.100000000000006));
#3490=CARTESIAN_POINT('',(4.752587485240156,-0.587115074217186,-0.100000000000006));
#3491=CARTESIAN_POINT('',(4.790269820611099,-0.561588330901381,-0.100000000000006));
#3492=QUASI_UNIFORM_CURVE('',2,(#3488,#3489,#3490,#3491),.UNSPECIFIED.,.F.,.U.);
#3493=EDGE_CURVE('',#3487,#3450,#3492,.T.);
#3494=ORIENTED_EDGE('',*,*,#3493,.F.);
#3495=CARTESIAN_POINT('',(4.607935939783959,-0.607779580711026,-0.100000000000006));
#3496=DIRECTION('',(0.0,0.0,1.0));
#3497=VECTOR('',#3496,0.100000000000006);
#3498=LINE('',#3495,#3497);
#3499=EDGE_CURVE('',#3487,#3477,#3498,.T.);
#3500=ORIENTED_EDGE('',*,*,#3499,.T.);
#3501=EDGE_LOOP('',(#3484,#3485,#3494,#3500));
#3502=FACE_OUTER_BOUND('',#3501,.T.);
#3503=ADVANCED_FACE('',(#3502),#3475,.T.);
#3504=CARTESIAN_POINT('',(4.607935939783959,-0.607779580711026,-0.100000000000006));
#3505=CARTESIAN_POINT('',(4.553235775535813,-0.607779580711052,-0.100000000000006));
#3506=CARTESIAN_POINT('',(4.445051006245028,-0.58103727818982,-0.100000000000006));
#3507=CARTESIAN_POINT('',(4.392781960407915,-0.560372771696106,-0.100000000000006));
#3508=CARTESIAN_POINT('',(4.607935939783959,-0.607779580711026,0.020000000000001));
#3509=CARTESIAN_POINT('',(4.553235775535813,-0.607779580711052,0.020000000000001));
#3510=CARTESIAN_POINT('',(4.445051006245028,-0.58103727818982,0.020000000000001));
#3511=CARTESIAN_POINT('',(4.392781960407915,-0.560372771696106,0.020000000000001));
#3512=B_SPLINE_SURFACE_WITH_KNOTS('',2,1,((#3504,#3508),(#3505,#3509),(#3506,#3510),(#3507,#3511)),.UNSPECIFIED.,.F.,.F.,.F.,(3,1,3),(2,2),(0.0,1.0,2.0),(0.0,0.012000000000001),.UNSPECIFIED.);
#3513=CARTESIAN_POINT('',(4.392781960407915,-0.560372771696106,0.0));
#3514=VERTEX_POINT('',#3513);
#3515=CARTESIAN_POINT('',(4.607935939783959,-0.607779580711026,0.0));
#3516=CARTESIAN_POINT('',(4.553235775535813,-0.607779580711052,0.0));
#3517=CARTESIAN_POINT('',(4.445051006245028,-0.58103727818982,0.0));
#3518=CARTESIAN_POINT('',(4.392781960407915,-0.560372771696106,0.0));
#3519=QUASI_UNIFORM_CURVE('',2,(#3515,#3516,#3517,#3518),.UNSPECIFIED.,.F.,.U.);
#3520=EDGE_CURVE('',#3477,#3514,#3519,.T.);
#3521=ORIENTED_EDGE('',*,*,#3520,.F.);
#3522=ORIENTED_EDGE('',*,*,#3499,.F.);
#3523=CARTESIAN_POINT('',(4.392781960407915,-0.560372771696106,-0.100000000000006));
#3524=VERTEX_POINT('',#3523);
#3525=CARTESIAN_POINT('',(4.392781960407915,-0.560372771696106,-0.100000000000006));
#3526=CARTESIAN_POINT('',(4.445051006245028,-0.58103727818982,-0.100000000000006));
#3527=CARTESIAN_POINT('',(4.553235775535813,-0.607779580711052,-0.100000000000006));
#3528=CARTESIAN_POINT('',(4.607935939783959,-0.607779580711026,-0.100000000000006));
#3529=QUASI_UNIFORM_CURVE('',2,(#3525,#3526,#3527,#3528),.UNSPECIFIED.,.F.,.U.);
#3530=EDGE_CURVE('',#3524,#3487,#3529,.T.);
#3531=ORIENTED_EDGE('',*,*,#3530,.F.);
#3532=CARTESIAN_POINT('',(4.392781960407915,-0.560372771696106,-0.100000000000006));
#3533=DIRECTION('',(0.0,0.0,1.0));
#3534=VECTOR('',#3533,0.100000000000006);
#3535=LINE('',#3532,#3534);
#3536=EDGE_CURVE('',#3524,#3514,#3535,.T.);
#3537=ORIENTED_EDGE('',*,*,#3536,.T.);
#3538=EDGE_LOOP('',(#3521,#3522,#3531,#3537));
#3539=FACE_OUTER_BOUND('',#3538,.T.);
#3540=ADVANCED_FACE('',(#3539),#3512,.T.);
#3541=CARTESIAN_POINT('',(4.392781960407915,-0.560372771696106,-0.100000000000006));
#3542=CARTESIAN_POINT('',(4.344159592187316,-0.539708265202393,-0.100000000000006));
#3543=CARTESIAN_POINT('',(4.272441599061968,-0.495948133803908,-0.100000000000006));
#3544=CARTESIAN_POINT('',(4.244483737335106,-0.476499186515698,-0.100000000000006));
#3545=CARTESIAN_POINT('',(4.392781960407915,-0.560372771696106,0.020000000000001));
#3546=CARTESIAN_POINT('',(4.344159592187316,-0.539708265202393,0.020000000000001));
#3547=CARTESIAN_POINT('',(4.272441599061968,-0.495948133803908,0.020000000000001));
#3548=CARTESIAN_POINT('',(4.244483737335106,-0.476499186515698,0.020000000000001));
#3549=B_SPLINE_SURFACE_WITH_KNOTS('',2,1,((#3541,#3545),(#3542,#3546),(#3543,#3547),(#3544,#3548)),.UNSPECIFIED.,.F.,.F.,.F.,(3,1,3),(2,2),(0.0,1.0,2.0),(0.0,0.012000000000001),.UNSPECIFIED.);
#3550=CARTESIAN_POINT('',(4.244483737335106,-0.476499186515698,0.0));
#3551=VERTEX_POINT('',#3550);
#3552=CARTESIAN_POINT('',(4.392781960407915,-0.560372771696106,0.0));
#3553=CARTESIAN_POINT('',(4.344159592187316,-0.539708265202393,0.0));
#3554=CARTESIAN_POINT('',(4.272441599061968,-0.495948133803908,0.0));
#3555=CARTESIAN_POINT('',(4.244483737335106,-0.476499186515698,0.0));
#3556=QUASI_UNIFORM_CURVE('',2,(#3552,#3553,#3554,#3555),.UNSPECIFIED.,.F.,.U.);
#3557=EDGE_CURVE('',#3514,#3551,#3556,.T.);
#3558=ORIENTED_EDGE('',*,*,#3557,.F.);
#3559=ORIENTED_EDGE('',*,*,#3536,.F.);
#3560=CARTESIAN_POINT('',(4.244483737335106,-0.476499186515698,-0.100000000000006));
#3561=VERTEX_POINT('',#3560);
#3562=CARTESIAN_POINT('',(4.244483737335106,-0.476499186515698,-0.100000000000006));
#3563=CARTESIAN_POINT('',(4.272441599061968,-0.495948133803908,-0.100000000000006));
#3564=CARTESIAN_POINT('',(4.344159592187316,-0.539708265202393,-0.100000000000006));
#3565=CARTESIAN_POINT('',(4.392781960407915,-0.560372771696106,-0.100000000000006));
#3566=QUASI_UNIFORM_CURVE('',2,(#3562,#3563,#3564,#3565),.UNSPECIFIED.,.F.,.U.);
#3567=EDGE_CURVE('',#3561,#3524,#3566,.T.);
#3568=ORIENTED_EDGE('',*,*,#3567,.F.);
#3569=CARTESIAN_POINT('',(4.244483737335106,-0.476499186515698,-0.100000000000006));
#3570=DIRECTION('',(0.0,0.0,1.0));
#3571=VECTOR('',#3570,0.100000000000006);
#3572=LINE('',#3569,#3571);
#3573=EDGE_CURVE('',#3561,#3551,#3572,.T.);
#3574=ORIENTED_EDGE('',*,*,#3573,.T.);
#3575=EDGE_LOOP('',(#3558,#3559,#3568,#3574));
#3576=FACE_OUTER_BOUND('',#3575,.T.);
#3577=ADVANCED_FACE('',(#3576),#3549,.T.);
#3578=CARTESIAN_POINT('',(4.231720365677216,-0.476499186515698,-0.105000000000012));
#3579=DIRECTION('',(-5.936732E-013,1.0,0.0));
#3580=DIRECTION('',(0.0,0.0,1.0));
#3581=AXIS2_PLACEMENT_3D('',#3578,#3579,#3580);
#3582=PLANE('',#3581);
#3583=CARTESIAN_POINT('',(4.232328145279968,-0.476499186515698,0.0));
#3584=VERTEX_POINT('',#3583);
#3585=CARTESIAN_POINT('',(4.244483737335106,-0.476499186515698,0.0));
#3586=DIRECTION('',(-1.0,-5.936732E-013,0.0));
#3587=VECTOR('',#3586,0.012155592055138);
#3588=LINE('',#3585,#3587);
#3589=EDGE_CURVE('',#3551,#3584,#3588,.T.);
#3590=ORIENTED_EDGE('',*,*,#3589,.F.);
#3591=ORIENTED_EDGE('',*,*,#3573,.F.);
#3592=CARTESIAN_POINT('',(4.232328145279968,-0.476499186515698,-0.100000000000006));
#3593=VERTEX_POINT('',#3592);
#3594=CARTESIAN_POINT('',(4.232328145279968,-0.476499186515698,-0.100000000000006));
#3595=DIRECTION('',(1.0,5.936732E-013,0.0));
#3596=VECTOR('',#3595,0.012155592055138);
#3597=LINE('',#3594,#3596);
#3598=EDGE_CURVE('',#3593,#3561,#3597,.T.);
#3599=ORIENTED_EDGE('',*,*,#3598,.F.);
#3600=CARTESIAN_POINT('',(4.232328145279968,-0.476499186515698,-0.100000000000006));
#3601=DIRECTION('',(0.0,0.0,1.0));
#3602=VECTOR('',#3601,0.100000000000006);
#3603=LINE('',#3600,#3602);
#3604=EDGE_CURVE('',#3593,#3584,#3603,.T.);
#3605=ORIENTED_EDGE('',*,*,#3604,.T.);
#3606=EDGE_LOOP('',(#3590,#3591,#3599,#3605));
#3607=FACE_OUTER_BOUND('',#3606,.T.);
#3608=ADVANCED_FACE('',(#3607),#3582,.T.);
#3609=CARTESIAN_POINT('',(4.232328145280095,-0.699858190528953,-0.105000000000012));
#3610=DIRECTION('',(-1.0,-5.923685E-013,0.0));
#3611=DIRECTION('',(0.0,0.0,1.0));
#3612=AXIS2_PLACEMENT_3D('',#3609,#3610,#3611);
#3613=PLANE('',#3612);
#3614=CARTESIAN_POINT('',(4.232328145280095,-0.689222047480707,0.0));
#3615=VERTEX_POINT('',#3614);
#3616=CARTESIAN_POINT('',(4.232328145279968,-0.476499186515698,0.0));
#3617=DIRECTION('',(5.928904E-013,-1.0,0.0));
#3618=VECTOR('',#3617,0.212722860965009);
#3619=LINE('',#3616,#3618);
#3620=EDGE_CURVE('',#3584,#3615,#3619,.T.);
#3621=ORIENTED_EDGE('',*,*,#3620,.F.);
#3622=ORIENTED_EDGE('',*,*,#3604,.F.);
#3623=CARTESIAN_POINT('',(4.232328145280095,-0.689222047480707,-0.100000000000006));
#3624=VERTEX_POINT('',#3623);
#3625=CARTESIAN_POINT('',(4.232328145280095,-0.689222047480707,-0.100000000000006));
#3626=DIRECTION('',(-5.970657E-013,1.0,0.0));
#3627=VECTOR('',#3626,0.212722860965009);
#3628=LINE('',#3625,#3627);
#3629=EDGE_CURVE('',#3624,#3593,#3628,.T.);
#3630=ORIENTED_EDGE('',*,*,#3629,.F.);
#3631=CARTESIAN_POINT('',(4.232328145280095,-0.689222047480707,-0.100000000000006));
#3632=DIRECTION('',(0.0,0.0,1.0));
#3633=VECTOR('',#3632,0.100000000000006);
#3634=LINE('',#3631,#3633);
#3635=EDGE_CURVE('',#3624,#3615,#3634,.T.);
#3636=ORIENTED_EDGE('',*,*,#3635,.T.);
#3637=EDGE_LOOP('',(#3621,#3622,#3630,#3636));
#3638=FACE_OUTER_BOUND('',#3637,.T.);
#3639=ADVANCED_FACE('',(#3638),#3613,.T.);
#3640=CARTESIAN_POINT('',(4.232328145280095,-0.689222047480707,-0.100000000000006));
#3641=CARTESIAN_POINT('',(4.297968342377899,-0.724473264440591,-0.100000000000006));
#3642=CARTESIAN_POINT('',(4.522846795398071,-0.781604547099616,-0.100000000000006));
#3643=CARTESIAN_POINT('',(4.623738209455759,-0.781604547099565,-0.100000000000006));
#3644=CARTESIAN_POINT('',(4.232328145280095,-0.689222047480707,0.020000000000001));
#3645=CARTESIAN_POINT('',(4.297968342377899,-0.724473264440591,0.020000000000001));
#3646=CARTESIAN_POINT('',(4.522846795398071,-0.781604547099616,0.020000000000001));
#3647=CARTESIAN_POINT('',(4.623738209455759,-0.781604547099565,0.020000000000001));
#3648=B_SPLINE_SURFACE_WITH_KNOTS('',2,1,((#3640,#3644),(#3641,#3645),(#3642,#3646),(#3643,#3647)),.UNSPECIFIED.,.F.,.F.,.F.,(3,1,3),(2,2),(0.0,1.0,2.0),(0.0,0.012000000000001),.UNSPECIFIED.);
#3649=CARTESIAN_POINT('',(4.623738209455759,-0.781604547099565,0.0));
#3650=VERTEX_POINT('',#3649);
#3651=CARTESIAN_POINT('',(4.232328145280095,-0.689222047480707,0.0));
#3652=CARTESIAN_POINT('',(4.297968342377899,-0.724473264440591,0.0));
#3653=CARTESIAN_POINT('',(4.522846795398071,-0.781604547099616,0.0));
#3654=CARTESIAN_POINT('',(4.623738209455759,-0.781604547099565,0.0));
#3655=QUASI_UNIFORM_CURVE('',2,(#3651,#3652,#3653,#3654),.UNSPECIFIED.,.F.,.U.);
#3656=EDGE_CURVE('',#3615,#3650,#3655,.T.);
#3657=ORIENTED_EDGE('',*,*,#3656,.F.);
#3658=ORIENTED_EDGE('',*,*,#3635,.F.);
#3659=CARTESIAN_POINT('',(4.623738209455759,-0.781604547099565,-0.100000000000006));
#3660=VERTEX_POINT('',#3659);
#3661=CARTESIAN_POINT('',(4.623738209455759,-0.781604547099565,-0.100000000000006));
#3662=CARTESIAN_POINT('',(4.522846795398071,-0.781604547099616,-0.100000000000006));
#3663=CARTESIAN_POINT('',(4.297968342377899,-0.724473264440591,-0.100000000000006));
#3664=CARTESIAN_POINT('',(4.232328145280095,-0.689222047480707,-0.100000000000006));
#3665=QUASI_UNIFORM_CURVE('',2,(#3661,#3662,#3663,#3664),.UNSPECIFIED.,.F.,.U.);
#3666=EDGE_CURVE('',#3660,#3624,#3665,.T.);
#3667=ORIENTED_EDGE('',*,*,#3666,.F.);
#3668=CARTESIAN_POINT('',(4.623738209455759,-0.781604547099565,-0.100000000000006));
#3669=DIRECTION('',(0.0,0.0,1.0));
#3670=VECTOR('',#3669,0.100000000000006);
#3671=LINE('',#3668,#3670);
#3672=EDGE_CURVE('',#3660,#3650,#3671,.T.);
#3673=ORIENTED_EDGE('',*,*,#3672,.T.);
#3674=EDGE_LOOP('',(#3657,#3658,#3667,#3673));
#3675=FACE_OUTER_BOUND('',#3674,.T.);
#3676=ADVANCED_FACE('',(#3675),#3648,.T.);
#3677=CARTESIAN_POINT('',(4.623738209455759,-0.781604547099565,-0.100000000000006));
#3678=CARTESIAN_POINT('',(4.72584518271895,-0.781604547099489,-0.100000000000006));
#3679=CARTESIAN_POINT('',(4.877790083408221,-0.740275534111934,-0.100000000000006));
#3680=CARTESIAN_POINT('',(4.939783602889412,-0.696515402713373,-0.100000000000006));
#3681=CARTESIAN_POINT('',(4.623738209455759,-0.781604547099565,0.020000000000001));
#3682=CARTESIAN_POINT('',(4.72584518271895,-0.781604547099489,0.020000000000001));
#3683=CARTESIAN_POINT('',(4.877790083408221,-0.740275534111934,0.020000000000001));
#3684=CARTESIAN_POINT('',(4.939783602889412,-0.696515402713373,0.020000000000001));
#3685=B_SPLINE_SURFACE_WITH_KNOTS('',2,1,((#3677,#3681),(#3678,#3682),(#3679,#3683),(#3680,#3684)),.UNSPECIFIED.,.F.,.F.,.F.,(3,1,3),(2,2),(0.0,1.0,2.0),(0.0,0.012000000000001),.UNSPECIFIED.);
#3686=CARTESIAN_POINT('',(4.939783602889412,-0.696515402713373,0.0));
#3687=VERTEX_POINT('',#3686);
#3688=CARTESIAN_POINT('',(4.623738209455759,-0.781604547099565,0.0));
#3689=CARTESIAN_POINT('',(4.72584518271895,-0.781604547099489,0.0));
#3690=CARTESIAN_POINT('',(4.877790083408221,-0.740275534111934,0.0));
#3691=CARTESIAN_POINT('',(4.939783602889412,-0.696515402713373,0.0));
#3692=QUASI_UNIFORM_CURVE('',2,(#3688,#3689,#3690,#3691),.UNSPECIFIED.,.F.,.U.);
#3693=EDGE_CURVE('',#3650,#3687,#3692,.T.);
#3694=ORIENTED_EDGE('',*,*,#3693,.F.);
#3695=ORIENTED_EDGE('',*,*,#3672,.F.);
#3696=CARTESIAN_POINT('',(4.939783602889412,-0.696515402713373,-0.100000000000006));
#3697=VERTEX_POINT('',#3696);
#3698=CARTESIAN_POINT('',(4.939783602889412,-0.696515402713373,-0.100000000000006));
#3699=CARTESIAN_POINT('',(4.877790083408221,-0.740275534111934,-0.100000000000006));
#3700=CARTESIAN_POINT('',(4.72584518271895,-0.781604547099489,-0.100000000000006));
#3701=CARTESIAN_POINT('',(4.623738209455759,-0.781604547099565,-0.100000000000006));
#3702=QUASI_UNIFORM_CURVE('',2,(#3698,#3699,#3700,#3701),.UNSPECIFIED.,.F.,.U.);
#3703=EDGE_CURVE('',#3697,#3660,#3702,.T.);
#3704=ORIENTED_EDGE('',*,*,#3703,.F.);
#3705=CARTESIAN_POINT('',(4.939783602889412,-0.696515402713373,-0.100000000000006));
#3706=DIRECTION('',(0.0,0.0,1.0));
#3707=VECTOR('',#3706,0.100000000000006);
#3708=LINE('',#3705,#3707);
#3709=EDGE_CURVE('',#3697,#3687,#3708,.T.);
#3710=ORIENTED_EDGE('',*,*,#3709,.T.);
#3711=EDGE_LOOP('',(#3694,#3695,#3704,#3710));
#3712=FACE_OUTER_BOUND('',#3711,.T.);
#3713=ADVANCED_FACE('',(#3712),#3685,.T.);
#3714=CARTESIAN_POINT('',(4.939783602889412,-0.696515402713373,-0.100000000000006));
#3715=CARTESIAN_POINT('',(5.005423799987167,-0.649108593698275,-0.100000000000006));
#3716=CARTESIAN_POINT('',(5.0734951154959,-0.511750403475124,-0.100000000000006));
#3717=CARTESIAN_POINT('',(5.073495115495827,-0.419367903856038,-0.100000000000006));
#3718=CARTESIAN_POINT('',(4.939783602889412,-0.696515402713373,0.020000000000001));
#3719=CARTESIAN_POINT('',(5.005423799987167,-0.649108593698275,0.020000000000001));
#3720=CARTESIAN_POINT('',(5.0734951154959,-0.511750403475124,0.020000000000001));
#3721=CARTESIAN_POINT('',(5.073495115495827,-0.419367903856038,0.020000000000001));
#3722=B_SPLINE_SURFACE_WITH_KNOTS('',2,1,((#3714,#3718),(#3715,#3719),(#3716,#3720),(#3717,#3721)),.UNSPECIFIED.,.F.,.F.,.F.,(3,1,3),(2,2),(0.0,1.0,2.0),(0.0,0.012000000000001),.UNSPECIFIED.);
#3723=CARTESIAN_POINT('',(5.073495115495827,-0.419367903856038,0.0));
#3724=VERTEX_POINT('',#3723);
#3725=CARTESIAN_POINT('',(4.939783602889412,-0.696515402713373,0.0));
#3726=CARTESIAN_POINT('',(5.005423799987167,-0.649108593698275,0.0));
#3727=CARTESIAN_POINT('',(5.0734951154959,-0.511750403475124,0.0));
#3728=CARTESIAN_POINT('',(5.073495115495827,-0.419367903856038,0.0));
#3729=QUASI_UNIFORM_CURVE('',2,(#3725,#3726,#3727,#3728),.UNSPECIFIED.,.F.,.U.);
#3730=EDGE_CURVE('',#3687,#3724,#3729,.T.);
#3731=ORIENTED_EDGE('',*,*,#3730,.F.);
#3732=ORIENTED_EDGE('',*,*,#3709,.F.);
#3733=CARTESIAN_POINT('',(5.073495115495827,-0.419367903856038,-0.100000000000006));
#3734=VERTEX_POINT('',#3733);
#3735=CARTESIAN_POINT('',(5.073495115495827,-0.419367903856038,-0.100000000000006));
#3736=CARTESIAN_POINT('',(5.0734951154959,-0.511750403475124,-0.100000000000006));
#3737=CARTESIAN_POINT('',(5.005423799987167,-0.649108593698275,-0.100000000000006));
#3738=CARTESIAN_POINT('',(4.939783602889412,-0.696515402713373,-0.100000000000006));
#3739=QUASI_UNIFORM_CURVE('',2,(#3735,#3736,#3737,#3738),.UNSPECIFIED.,.F.,.U.);
#3740=EDGE_CURVE('',#3734,#3697,#3739,.T.);
#3741=ORIENTED_EDGE('',*,*,#3740,.F.);
#3742=CARTESIAN_POINT('',(5.073495115495827,-0.419367903856038,-0.100000000000006));
#3743=DIRECTION('',(0.0,0.0,1.0));
#3744=VECTOR('',#3743,0.100000000000006);
#3745=LINE('',#3742,#3744);
#3746=EDGE_CURVE('',#3734,#3724,#3745,.T.);
#3747=ORIENTED_EDGE('',*,*,#3746,.T.);
#3748=EDGE_LOOP('',(#3731,#3732,#3741,#3747));
#3749=FACE_OUTER_BOUND('',#3748,.T.);
#3750=ADVANCED_FACE('',(#3749),#3722,.T.);
#3751=CARTESIAN_POINT('',(5.073495115495827,-0.419367903856038,-0.100000000000006));
#3752=CARTESIAN_POINT('',(5.073495115495748,-0.295380864893578,-0.100000000000006));
#3753=CARTESIAN_POINT('',(4.910610181956743,-0.108184747244475,-0.100000000000006));
#3754=CARTESIAN_POINT('',(4.796347616638363,-0.08387356313425,-0.100000000000006));
#3755=CARTESIAN_POINT('',(5.073495115495827,-0.419367903856038,0.020000000000001));
#3756=CARTESIAN_POINT('',(5.073495115495748,-0.295380864893578,0.020000000000001));
#3757=CARTESIAN_POINT('',(4.910610181956743,-0.108184747244475,0.020000000000001));
#3758=CARTESIAN_POINT('',(4.796347616638363,-0.08387356313425,0.020000000000001));
#3759=B_SPLINE_SURFACE_WITH_KNOTS('',2,1,((#3751,#3755),(#3752,#3756),(#3753,#3757),(#3754,#3758)),.UNSPECIFIED.,.F.,.F.,.F.,(3,1,3),(2,2),(0.0,1.0,2.0),(0.0,0.012000000000001),.UNSPECIFIED.);
#3760=CARTESIAN_POINT('',(4.796347616638363,-0.08387356313425,0.0));
#3761=VERTEX_POINT('',#3760);
#3762=CARTESIAN_POINT('',(5.073495115495827,-0.419367903856038,0.0));
#3763=CARTESIAN_POINT('',(5.073495115495748,-0.295380864893578,0.0));
#3764=CARTESIAN_POINT('',(4.910610181956743,-0.108184747244475,0.0));
#3765=CARTESIAN_POINT('',(4.796347616638363,-0.08387356313425,0.0));
#3766=QUASI_UNIFORM_CURVE('',2,(#3762,#3763,#3764,#3765),.UNSPECIFIED.,.F.,.U.);
#3767=EDGE_CURVE('',#3724,#3761,#3766,.T.);
#3768=ORIENTED_EDGE('',*,*,#3767,.F.);
#3769=ORIENTED_EDGE('',*,*,#3746,.F.);
#3770=CARTESIAN_POINT('',(4.796347616638363,-0.08387356313425,-0.100000000000006));
#3771=VERTEX_POINT('',#3770);
#3772=CARTESIAN_POINT('',(4.796347616638363,-0.08387356313425,-0.100000000000006));
#3773=CARTESIAN_POINT('',(4.910610181956743,-0.108184747244475,-0.100000000000006));
#3774=CARTESIAN_POINT('',(5.073495115495748,-0.295380864893578,-0.100000000000006));
#3775=CARTESIAN_POINT('',(5.073495115495827,-0.419367903856038,-0.100000000000006));
#3776=QUASI_UNIFORM_CURVE('',2,(#3772,#3773,#3774,#3775),.UNSPECIFIED.,.F.,.U.);
#3777=EDGE_CURVE('',#3771,#3734,#3776,.T.);
#3778=ORIENTED_EDGE('',*,*,#3777,.F.);
#3779=CARTESIAN_POINT('',(4.796347616638363,-0.08387356313425,-0.100000000000006));
#3780=DIRECTION('',(0.0,0.0,1.0));
#3781=VECTOR('',#3780,0.100000000000006);
#3782=LINE('',#3779,#3781);
#3783=EDGE_CURVE('',#3771,#3761,#3782,.T.);
#3784=ORIENTED_EDGE('',*,*,#3783,.T.);
#3785=EDGE_LOOP('',(#3768,#3769,#3778,#3784));
#3786=FACE_OUTER_BOUND('',#3785,.T.);
#3787=ADVANCED_FACE('',(#3786),#3759,.T.);
#3788=CARTESIAN_POINT('',(4.796347616638363,-0.084602898657568,0.005000000000005));
#3789=DIRECTION('',(1.0,5.708396E-013,0.0));
#3790=DIRECTION('',(0.0,0.0,-1.0));
#3791=AXIS2_PLACEMENT_3D('',#3788,#3789,#3790);
#3792=PLANE('',#3791);
#3793=CARTESIAN_POINT('',(4.796347616638363,-0.06928685266808,0.0));
#3794=VERTEX_POINT('',#3793);
#3795=CARTESIAN_POINT('',(4.796347616638363,-0.08387356313425,0.0));
#3796=DIRECTION('',(-5.480061E-013,1.0,0.0));
#3797=VECTOR('',#3796,0.01458671046617);
#3798=LINE('',#3795,#3797);
#3799=EDGE_CURVE('',#3761,#3794,#3798,.T.);
#3800=ORIENTED_EDGE('',*,*,#3799,.F.);
#3801=ORIENTED_EDGE('',*,*,#3783,.F.);
#3802=CARTESIAN_POINT('',(4.796347616638363,-0.06928685266808,-0.100000000000006));
#3803=VERTEX_POINT('',#3802);
#3804=CARTESIAN_POINT('',(4.796347616638363,-0.06928685266808,-0.100000000000006));
#3805=DIRECTION('',(5.480061E-013,-1.0,0.0));
#3806=VECTOR('',#3805,0.01458671046617);
#3807=LINE('',#3804,#3806);
#3808=EDGE_CURVE('',#3803,#3771,#3807,.T.);
#3809=ORIENTED_EDGE('',*,*,#3808,.F.);
#3810=CARTESIAN_POINT('',(4.796347616638363,-0.06928685266808,-0.100000000000006));
#3811=DIRECTION('',(0.0,0.0,1.0));
#3812=VECTOR('',#3811,0.100000000000006);
#3813=LINE('',#3810,#3812);
#3814=EDGE_CURVE('',#3803,#3794,#3813,.T.);
#3815=ORIENTED_EDGE('',*,*,#3814,.T.);
#3816=EDGE_LOOP('',(#3800,#3801,#3809,#3815));
#3817=FACE_OUTER_BOUND('',#3816,.T.);
#3818=ADVANCED_FACE('',(#3817),#3792,.T.);
#3819=CARTESIAN_POINT('',(4.796347616638363,-0.06928685266808,-0.100000000000006));
#3820=CARTESIAN_POINT('',(4.843754425653409,-0.05956237902395,-0.100000000000006));
#3821=CARTESIAN_POINT('',(4.95193919494417,-0.015802247625363,-0.100000000000006));
#3822=CARTESIAN_POINT('',(4.998130444753687,0.027957883773173,-0.100000000000006));
#3823=CARTESIAN_POINT('',(4.796347616638363,-0.06928685266808,0.020000000000001));
#3824=CARTESIAN_POINT('',(4.843754425653409,-0.05956237902395,0.020000000000001));
#3825=CARTESIAN_POINT('',(4.95193919494417,-0.015802247625363,0.020000000000001));
#3826=CARTESIAN_POINT('',(4.998130444753687,0.027957883773173,0.020000000000001));
#3827=B_SPLINE_SURFACE_WITH_KNOTS('',2,1,((#3819,#3823),(#3820,#3824),(#3821,#3825),(#3822,#3826)),.UNSPECIFIED.,.F.,.F.,.F.,(3,1,3),(2,2),(0.0,1.0,2.0),(0.0,0.012000000000001),.UNSPECIFIED.);
#3828=CARTESIAN_POINT('',(4.998130444753687,0.027957883773173,0.0));
#3829=VERTEX_POINT('',#3828);
#3830=CARTESIAN_POINT('',(4.796347616638363,-0.06928685266808,0.0));
#3831=CARTESIAN_POINT('',(4.843754425653409,-0.05956237902395,0.0));
#3832=CARTESIAN_POINT('',(4.95193919494417,-0.015802247625363,0.0));
#3833=CARTESIAN_POINT('',(4.998130444753687,0.027957883773173,0.0));
#3834=QUASI_UNIFORM_CURVE('',2,(#3830,#3831,#3832,#3833),.UNSPECIFIED.,.F.,.U.);
#3835=EDGE_CURVE('',#3794,#3829,#3834,.T.);
#3836=ORIENTED_EDGE('',*,*,#3835,.F.);
#3837=ORIENTED_EDGE('',*,*,#3814,.F.);
#3838=CARTESIAN_POINT('',(4.998130444753687,0.027957883773173,-0.100000000000006));
#3839=VERTEX_POINT('',#3838);
#3840=CARTESIAN_POINT('',(4.998130444753687,0.027957883773173,-0.100000000000006));
#3841=CARTESIAN_POINT('',(4.95193919494417,-0.015802247625363,-0.100000000000006));
#3842=CARTESIAN_POINT('',(4.843754425653409,-0.05956237902395,-0.100000000000006));
#3843=CARTESIAN_POINT('',(4.796347616638363,-0.06928685266808,-0.100000000000006));
#3844=QUASI_UNIFORM_CURVE('',2,(#3840,#3841,#3842,#3843),.UNSPECIFIED.,.F.,.U.);
#3845=EDGE_CURVE('',#3839,#3803,#3844,.T.);
#3846=ORIENTED_EDGE('',*,*,#3845,.F.);
#3847=CARTESIAN_POINT('',(4.998130444753687,0.027957883773173,-0.100000000000006));
#3848=DIRECTION('',(0.0,0.0,1.0));
#3849=VECTOR('',#3848,0.100000000000006);
#3850=LINE('',#3847,#3849);
#3851=EDGE_CURVE('',#3839,#3829,#3850,.T.);
#3852=ORIENTED_EDGE('',*,*,#3851,.T.);
#3853=EDGE_LOOP('',(#3836,#3837,#3846,#3852));
#3854=FACE_OUTER_BOUND('',#3853,.T.);
#3855=ADVANCED_FACE('',(#3854),#3827,.T.);
#3856=CARTESIAN_POINT('',(4.998130444753687,0.027957883773173,-0.100000000000006));
#3857=CARTESIAN_POINT('',(5.044321694563205,0.070502455966206,-0.100000000000006));
#3858=CARTESIAN_POINT('',(5.10266853642781,0.206645086983853,-0.100000000000006));
#3859=CARTESIAN_POINT('',(5.102668536427732,0.305105382630509,-0.100000000000006));
#3860=CARTESIAN_POINT('',(4.998130444753687,0.027957883773173,0.020000000000001));
#3861=CARTESIAN_POINT('',(5.044321694563205,0.070502455966206,0.020000000000001));
#3862=CARTESIAN_POINT('',(5.10266853642781,0.206645086983853,0.020000000000001));
#3863=CARTESIAN_POINT('',(5.102668536427732,0.305105382630509,0.020000000000001));
#3864=B_SPLINE_SURFACE_WITH_KNOTS('',2,1,((#3856,#3860),(#3857,#3861),(#3858,#3862),(#3859,#3863)),.UNSPECIFIED.,.F.,.F.,.F.,(3,1,3),(2,2),(0.0,1.0,2.0),(0.0,0.012000000000001),.UNSPECIFIED.);
#3865=CARTESIAN_POINT('',(5.102668536427732,0.305105382630509,0.0));
#3866=VERTEX_POINT('',#3865);
#3867=CARTESIAN_POINT('',(4.998130444753687,0.027957883773173,0.0));
#3868=CARTESIAN_POINT('',(5.044321694563205,0.070502455966206,0.0));
#3869=CARTESIAN_POINT('',(5.10266853642781,0.206645086983853,0.0));
#3870=CARTESIAN_POINT('',(5.102668536427732,0.305105382630509,0.0));
#3871=QUASI_UNIFORM_CURVE('',2,(#3867,#3868,#3869,#3870),.UNSPECIFIED.,.F.,.U.);
#3872=EDGE_CURVE('',#3829,#3866,#3871,.T.);
#3873=ORIENTED_EDGE('',*,*,#3872,.F.);
#3874=ORIENTED_EDGE('',*,*,#3851,.F.);
#3875=CARTESIAN_POINT('',(5.102668536427732,0.305105382630509,-0.100000000000006));
#3876=VERTEX_POINT('',#3875);
#3877=CARTESIAN_POINT('',(5.102668536427732,0.305105382630509,-0.100000000000006));
#3878=CARTESIAN_POINT('',(5.10266853642781,0.206645086983853,-0.100000000000006));
#3879=CARTESIAN_POINT('',(5.044321694563205,0.070502455966206,-0.100000000000006));
#3880=CARTESIAN_POINT('',(4.998130444753687,0.027957883773173,-0.100000000000006));
#3881=QUASI_UNIFORM_CURVE('',2,(#3877,#3878,#3879,#3880),.UNSPECIFIED.,.F.,.U.);
#3882=EDGE_CURVE('',#3876,#3839,#3881,.T.);
#3883=ORIENTED_EDGE('',*,*,#3882,.F.);
#3884=CARTESIAN_POINT('',(5.102668536427732,0.305105382630509,-0.100000000000006));
#3885=DIRECTION('',(0.0,0.0,1.0));
#3886=VECTOR('',#3885,0.100000000000006);
#3887=LINE('',#3884,#3886);
#3888=EDGE_CURVE('',#3876,#3866,#3887,.T.);
#3889=ORIENTED_EDGE('',*,*,#3888,.T.);
#3890=EDGE_LOOP('',(#3873,#3874,#3883,#3889));
#3891=FACE_OUTER_BOUND('',#3890,.T.);
#3892=ADVANCED_FACE('',(#3891),#3864,.T.);
#3893=CARTESIAN_POINT('',(5.102668536427732,0.305105382630509,-0.100000000000006));
#3894=CARTESIAN_POINT('',(5.102668536427684,0.405996796688196,-0.100000000000006));
#3895=CARTESIAN_POINT('',(5.033381661713267,0.577390644665677,-0.100000000000006));
#3896=CARTESIAN_POINT('',(4.970172583026495,0.643030841763405,-0.100000000000006));
#3897=CARTESIAN_POINT('',(5.102668536427732,0.305105382630509,0.020000000000001));
#3898=CARTESIAN_POINT('',(5.102668536427684,0.405996796688196,0.020000000000001));
#3899=CARTESIAN_POINT('',(5.033381661713267,0.577390644665677,0.020000000000001));
#3900=CARTESIAN_POINT('',(4.970172583026495,0.643030841763405,0.020000000000001));
#3901=B_SPLINE_SURFACE_WITH_KNOTS('',2,1,((#3893,#3897),(#3894,#3898),(#3895,#3899),(#3896,#3900)),.UNSPECIFIED.,.F.,.F.,.F.,(3,1,3),(2,2),(0.0,1.0,2.0),(0.0,0.012000000000001),.UNSPECIFIED.);
#3902=CARTESIAN_POINT('',(4.970172583026495,0.643030841763405,0.0));
#3903=VERTEX_POINT('',#3902);
#3904=CARTESIAN_POINT('',(5.102668536427732,0.305105382630509,0.0));
#3905=CARTESIAN_POINT('',(5.102668536427684,0.405996796688196,0.0));
#3906=CARTESIAN_POINT('',(5.033381661713267,0.577390644665677,0.0));
#3907=CARTESIAN_POINT('',(4.970172583026495,0.643030841763405,0.0));
#3908=QUASI_UNIFORM_CURVE('',2,(#3904,#3905,#3906,#3907),.UNSPECIFIED.,.F.,.U.);
#3909=EDGE_CURVE('',#3866,#3903,#3908,.T.);
#3910=ORIENTED_EDGE('',*,*,#3909,.F.);
#3911=ORIENTED_EDGE('',*,*,#3888,.F.);
#3912=CARTESIAN_POINT('',(4.970172583026495,0.643030841763405,-0.100000000000006));
#3913=VERTEX_POINT('',#3912);
#3914=CARTESIAN_POINT('',(4.970172583026495,0.643030841763405,-0.100000000000006));
#3915=CARTESIAN_POINT('',(5.033381661713267,0.577390644665677,-0.100000000000006));
#3916=CARTESIAN_POINT('',(5.102668536427684,0.405996796688196,-0.100000000000006));
#3917=CARTESIAN_POINT('',(5.102668536427732,0.305105382630509,-0.100000000000006));
#3918=QUASI_UNIFORM_CURVE('',2,(#3914,#3915,#3916,#3917),.UNSPECIFIED.,.F.,.U.);
#3919=EDGE_CURVE('',#3913,#3876,#3918,.T.);
#3920=ORIENTED_EDGE('',*,*,#3919,.F.);
#3921=CARTESIAN_POINT('',(4.970172583026495,0.643030841763405,-0.100000000000006));
#3922=DIRECTION('',(0.0,0.0,1.0));
#3923=VECTOR('',#3922,0.100000000000006);
#3924=LINE('',#3921,#3923);
#3925=EDGE_CURVE('',#3913,#3903,#3924,.T.);
#3926=ORIENTED_EDGE('',*,*,#3925,.T.);
#3927=EDGE_LOOP('',(#3910,#3911,#3920,#3926));
#3928=FACE_OUTER_BOUND('',#3927,.T.);
#3929=ADVANCED_FACE('',(#3928),#3901,.T.);
#3930=CARTESIAN_POINT('',(4.970172583026495,0.643030841763405,-0.100000000000006));
#3931=CARTESIAN_POINT('',(4.904532385928667,0.711102157272165,-0.100000000000006));
#3932=CARTESIAN_POINT('',(4.71855182748494,0.781604591191882,-0.100000000000006));
#3933=CARTESIAN_POINT('',(4.600642584550048,0.781604591191806,-0.100000000000006));
#3934=CARTESIAN_POINT('',(4.970172583026495,0.643030841763405,0.020000000000001));
#3935=CARTESIAN_POINT('',(4.904532385928667,0.711102157272165,0.020000000000001));
#3936=CARTESIAN_POINT('',(4.71855182748494,0.781604591191882,0.020000000000001));
#3937=CARTESIAN_POINT('',(4.600642584550048,0.781604591191806,0.020000000000001));
#3938=B_SPLINE_SURFACE_WITH_KNOTS('',2,1,((#3930,#3934),(#3931,#3935),(#3932,#3936),(#3933,#3937)),.UNSPECIFIED.,.F.,.F.,.F.,(3,1,3),(2,2),(0.0,1.0,2.0),(0.0,0.012000000000001),.UNSPECIFIED.);
#3939=CARTESIAN_POINT('',(4.970172583026495,0.643030841763405,0.0));
#3940=CARTESIAN_POINT('',(4.904532385928667,0.711102157272165,0.0));
#3941=CARTESIAN_POINT('',(4.71855182748494,0.781604591191882,0.0));
#3942=CARTESIAN_POINT('',(4.600642584550048,0.781604591191806,0.0));
#3943=QUASI_UNIFORM_CURVE('',2,(#3939,#3940,#3941,#3942),.UNSPECIFIED.,.F.,.U.);
#3944=EDGE_CURVE('',#3903,#3017,#3943,.T.);
#3945=ORIENTED_EDGE('',*,*,#3944,.F.);
#3946=ORIENTED_EDGE('',*,*,#3925,.F.);
#3947=CARTESIAN_POINT('',(4.600642584550048,0.781604591191806,-0.100000000000006));
#3948=CARTESIAN_POINT('',(4.71855182748494,0.781604591191882,-0.100000000000006));
#3949=CARTESIAN_POINT('',(4.904532385928667,0.711102157272165,-0.100000000000006));
#3950=CARTESIAN_POINT('',(4.970172583026495,0.643030841763405,-0.100000000000006));
#3951=QUASI_UNIFORM_CURVE('',2,(#3947,#3948,#3949,#3950),.UNSPECIFIED.,.F.,.U.);
#3952=EDGE_CURVE('',#3028,#3913,#3951,.T.);
#3953=ORIENTED_EDGE('',*,*,#3952,.F.);
#3954=ORIENTED_EDGE('',*,*,#3033,.T.);
#3955=EDGE_LOOP('',(#3945,#3946,#3953,#3954));
#3956=FACE_OUTER_BOUND('',#3955,.T.);
#3957=ADVANCED_FACE('',(#3956),#3938,.T.);
#3958=CARTESIAN_POINT('',(5.148252006634523,-0.859765004014127,-0.100000000000006));
#3959=DIRECTION('',(0.0,0.0,-1.0));
#3960=DIRECTION('',(-1.0,0.0,0.0));
#3961=AXIS2_PLACEMENT_3D('',#3958,#3959,#3960);
#3962=PLANE('',#3961);
#3963=ORIENTED_EDGE('',*,*,#3493,.T.);
#3964=ORIENTED_EDGE('',*,*,#3456,.T.);
#3965=ORIENTED_EDGE('',*,*,#3419,.T.);
#3966=ORIENTED_EDGE('',*,*,#3382,.T.);
#3967=ORIENTED_EDGE('',*,*,#3351,.T.);
#3968=ORIENTED_EDGE('',*,*,#3320,.T.);
#3969=ORIENTED_EDGE('',*,*,#3289,.T.);
#3970=ORIENTED_EDGE('',*,*,#3252,.T.);
#3971=ORIENTED_EDGE('',*,*,#3215,.T.);
#3972=ORIENTED_EDGE('',*,*,#3178,.T.);
#3973=ORIENTED_EDGE('',*,*,#3141,.T.);
#3974=ORIENTED_EDGE('',*,*,#3104,.T.);
#3975=ORIENTED_EDGE('',*,*,#3073,.T.);
#3976=ORIENTED_EDGE('',*,*,#3042,.T.);
#3977=ORIENTED_EDGE('',*,*,#3952,.T.);
#3978=ORIENTED_EDGE('',*,*,#3919,.T.);
#3979=ORIENTED_EDGE('',*,*,#3882,.T.);
#3980=ORIENTED_EDGE('',*,*,#3845,.T.);
#3981=ORIENTED_EDGE('',*,*,#3808,.T.);
#3982=ORIENTED_EDGE('',*,*,#3777,.T.);
#3983=ORIENTED_EDGE('',*,*,#3740,.T.);
#3984=ORIENTED_EDGE('',*,*,#3703,.T.);
#3985=ORIENTED_EDGE('',*,*,#3666,.T.);
#3986=ORIENTED_EDGE('',*,*,#3629,.T.);
#3987=ORIENTED_EDGE('',*,*,#3598,.T.);
#3988=ORIENTED_EDGE('',*,*,#3567,.T.);
#3989=ORIENTED_EDGE('',*,*,#3530,.T.);
#3990=EDGE_LOOP('',(#3963,#3964,#3965,#3966,#3967,#3968,#3969,#3970,#3971,#3972,#3973,#3974,#3975,#3976,#3977,#3978,#3979,#3980,#3981,#3982,#3983,#3984,#3985,#3986,#3987,#3988,#3989));
#3991=FACE_OUTER_BOUND('',#3990,.T.);
#3992=ADVANCED_FACE('',(#3991),#3962,.T.);
#3993=CARTESIAN_POINT('',(0.0,-10.728098270717826,13.600000000000009));
#3994=DIRECTION('',(0.0,1.0,0.0));
#3995=DIRECTION('',(1.0,0.0,0.0));
#3996=AXIS2_PLACEMENT_3D('',#3993,#3994,#3995);
#3997=CYLINDRICAL_SURFACE('',#3996,0.999999999999988);
#3998=CARTESIAN_POINT('',(0.999999999999988,-8.03803458564343,13.600000000000009));
#3999=VERTEX_POINT('',#3998);
#4000=CARTESIAN_POINT('',(0.999999999999988,-8.038034585643445,13.600000000000009));
#4001=CARTESIAN_POINT('',(0.999999999999988,-8.038034585643445,13.725700501523763));
#4002=CARTESIAN_POINT('',(0.974852438508751,-8.041287386644694,13.859691024512127));
#4003=CARTESIAN_POINT('',(0.872759112300123,-8.053007613675087,14.106031874007673));
#4004=CARTESIAN_POINT('',(0.795820306678146,-8.061302659369453,14.218393255694938));
#4005=CARTESIAN_POINT('',(0.618393960633954,-8.076850828750926,14.395819601739133));
#4006=CARTESIAN_POINT('',(0.506032272333739,-8.085118205154805,14.472758959559718));
#4007=CARTESIAN_POINT('',(0.259690385251422,-8.096775034255142,14.574852691101936));
#4008=CARTESIAN_POINT('',(0.125699502677321,-8.100000000000009,14.599999999999994));
#4009=CARTESIAN_POINT('',(-0.125699502677321,-8.100000000000009,14.599999999999994));
#4010=CARTESIAN_POINT('',(-0.259690385251419,-8.096775034255142,14.574852691101938));
#4011=CARTESIAN_POINT('',(-0.506032272333738,-8.085118205154805,14.472758959559719));
#4012=CARTESIAN_POINT('',(-0.618393960633955,-8.076850828750926,14.395819601739133));
#4013=CARTESIAN_POINT('',(-0.795820306678146,-8.061302659369453,14.218393255694938));
#4014=CARTESIAN_POINT('',(-0.87275911230012,-8.053007613675087,14.106031874007678));
#4015=CARTESIAN_POINT('',(-0.974852438508749,-8.041287386644694,13.859691024512131));
#4016=CARTESIAN_POINT('',(-0.999999999999988,-8.038034585643445,13.725700501523763));
#4017=CARTESIAN_POINT('',(-0.999999999999988,-8.038034585643445,13.474299498476253));
#4018=CARTESIAN_POINT('',(-0.974852438508751,-8.041287386644694,13.34030897548789));
#4019=CARTESIAN_POINT('',(-0.872759112300123,-8.053007613675087,13.09396812599234));
#4020=CARTESIAN_POINT('',(-0.795820306678146,-8.061302659369453,12.981606744305076));
#4021=CARTESIAN_POINT('',(-0.618393960633954,-8.076850828750926,12.804180398260883));
#4022=CARTESIAN_POINT('',(-0.506032272333739,-8.085118205154805,12.727241040440298));
#4023=CARTESIAN_POINT('',(-0.259690385251422,-8.096775034255142,12.625147308898079));
#4024=CARTESIAN_POINT('',(-0.125699502677321,-8.100000000000009,12.600000000000019));
#4025=CARTESIAN_POINT('',(0.125699502677321,-8.100000000000009,12.600000000000019));
#4026=CARTESIAN_POINT('',(0.259690385251422,-8.096775034255142,12.625147308898079));
#4027=CARTESIAN_POINT('',(0.506032272333739,-8.085118205154805,12.727241040440298));
#4028=CARTESIAN_POINT('',(0.618393960633954,-8.076850828750926,12.804180398260883));
#4029=CARTESIAN_POINT('',(0.795820306678146,-8.061302659369453,12.981606744305076));
#4030=CARTESIAN_POINT('',(0.872759112300123,-8.053007613675087,13.09396812599234));
#4031=CARTESIAN_POINT('',(0.974852438508751,-8.041287386644694,13.34030897548789));
#4032=CARTESIAN_POINT('',(0.999999999999988,-8.038034585643445,13.474299498476253));
#4033=CARTESIAN_POINT('',(0.999999999999988,-8.038034585643445,13.600000000000009));
#4034=B_SPLINE_CURVE_WITH_KNOTS('',3,(#4000,#4001,#4002,#4003,#4004,#4005,#4006,#4007,#4008,#4009,#4010,#4011,#4012,#4013,#4014,#4015,#4016,#4017,#4018,#4019,#4020,#4021,#4022,#4023,#4024,#4025,#4026,#4027,#4028,#4029,#4030,#4031,#4032,#4033),.UNSPECIFIED.,.T.,.U.,(4,2,2,2,2,2,2,2,2,2,2,2,2,2,2,2,4),(-0.603360010082584,-0.565649859625457,-0.52793970916833,-0.490229858365134,-0.452520007561938,-0.414810156758741,-0.377100305955545,-0.339390155498419,-0.301680005041292,-0.263969854584165,-0.226259704127038,-0.188549853323842,-0.150840002520646,-0.11313015171745,-0.075420300914254,-0.037710150457127,0.0),.UNSPECIFIED.);
#4035=EDGE_CURVE('',#3999,#3999,#4034,.T.);
#4036=ORIENTED_EDGE('',*,*,#4035,.F.);
#4037=EDGE_LOOP('',(#4036));
#4038=FACE_OUTER_BOUND('',#4037,.T.);
#4039=CARTESIAN_POINT('',(0.47499999999998,-9.888598232307745,14.479985795339932));
#4040=VERTEX_POINT('',#4039);
#4041=CARTESIAN_POINT('',(0.999999999999988,-9.849365461794985,13.600000000000009));
#4042=VERTEX_POINT('',#4041);
#4043=CARTESIAN_POINT('',(0.47499999999997,-9.88859823230775,14.47998579533991));
#4044=CARTESIAN_POINT('',(0.562056924233333,-9.884416442529322,14.432994083394297));
#4045=CARTESIAN_POINT('',(0.641051056892232,-9.879445291871052,14.373162505480856));
#4046=CARTESIAN_POINT('',(0.795844217538758,-9.868360891813397,14.218369344834327));
#4047=CARTESIAN_POINT('',(0.872790138731506,-9.861585336316805,14.105979267950266));
#4048=CARTESIAN_POINT('',(0.974870368808633,-9.852017851555173,13.859625492272947));
#4049=CARTESIAN_POINT('',(0.999999999999988,-9.849365461794989,13.725654455839688));
#4050=CARTESIAN_POINT('',(0.999999999999988,-9.849365461794989,13.600000000000009));
#4051=B_SPLINE_CURVE_WITH_KNOTS('',3,(#4043,#4044,#4045,#4046,#4047,#4048,#4049,#4050),.UNSPECIFIED.,.F.,.U.,(4,2,2,4),(0.198116512873645,0.226177486119542,0.263873822871446,0.30157015962335),.UNSPECIFIED.);
#4052=EDGE_CURVE('',#4040,#4042,#4051,.T.);
#4053=ORIENTED_EDGE('',*,*,#4052,.F.);
#4054=CARTESIAN_POINT('',(0.475000000000005,-10.599999999999991,14.479985795339909));
#4055=VERTEX_POINT('',#4054);
#4056=CARTESIAN_POINT('',(0.475000000000005,-10.599999999999991,14.479985795339909));
#4057=DIRECTION('',(0.0,1.0,0.0));
#4058=VECTOR('',#4057,0.711401767692246);
#4059=LINE('',#4056,#4058);
#4060=EDGE_CURVE('',#4055,#4040,#4059,.T.);
#4061=ORIENTED_EDGE('',*,*,#4060,.F.);
#4062=CARTESIAN_POINT('',(0.0,-10.599999999999991,14.599999999999991));
#4063=VERTEX_POINT('',#4062);
#4064=CARTESIAN_POINT('',(0.0,-10.599999999999991,13.600000000000009));
#4065=DIRECTION('',(0.0,1.0,0.0));
#4066=DIRECTION('',(1.0,0.0,0.0));
#4067=AXIS2_PLACEMENT_3D('',#4064,#4065,#4066);
#4068=CIRCLE('',#4067,0.999999999999988);
#4069=EDGE_CURVE('',#4063,#4055,#4068,.T.);
#4070=ORIENTED_EDGE('',*,*,#4069,.F.);
#4071=CARTESIAN_POINT('',(-0.47499999999998,-10.599999999999991,14.479985795339909));
#4072=VERTEX_POINT('',#4071);
#4073=CARTESIAN_POINT('',(0.0,-10.599999999999991,13.600000000000009));
#4074=DIRECTION('',(0.0,1.0,0.0));
#4075=DIRECTION('',(1.0,0.0,0.0));
#4076=AXIS2_PLACEMENT_3D('',#4073,#4074,#4075);
#4077=CIRCLE('',#4076,0.999999999999988);
#4078=EDGE_CURVE('',#4072,#4063,#4077,.T.);
#4079=ORIENTED_EDGE('',*,*,#4078,.F.);
#4080=CARTESIAN_POINT('',(-0.47499999999998,-9.888598232307745,14.479985795339909));
#4081=VERTEX_POINT('',#4080);
#4082=CARTESIAN_POINT('',(-0.47499999999998,-9.888598232307745,14.479985795339909));
#4083=DIRECTION('',(0.0,-1.0,0.0));
#4084=VECTOR('',#4083,0.711401767692246);
#4085=LINE('',#4082,#4084);
#4086=EDGE_CURVE('',#4081,#4072,#4085,.T.);
#4087=ORIENTED_EDGE('',*,*,#4086,.F.);
#4088=CARTESIAN_POINT('',(-0.47499999999998,-9.888598232307745,12.720014204660103));
#4089=VERTEX_POINT('',#4088);
#4090=CARTESIAN_POINT('',(-0.474999999999978,-9.88859823230775,12.720014204660107));
#4091=CARTESIAN_POINT('',(-0.562056924233338,-9.884416442529322,12.76700591660572));
#4092=CARTESIAN_POINT('',(-0.641051056892233,-9.879445291871052,12.826837494519161));
#4093=CARTESIAN_POINT('',(-0.795844217538758,-9.868360891813396,12.981630655165688));
#4094=CARTESIAN_POINT('',(-0.872790138731506,-9.861585336316807,13.094020732049749));
#4095=CARTESIAN_POINT('',(-0.974870368808634,-9.852017851555173,13.34037450772707));
#4096=CARTESIAN_POINT('',(-0.999999999999988,-9.849365461794987,13.474345544160329));
#4097=CARTESIAN_POINT('',(-0.999999999999988,-9.849365461794987,13.600000000000009));
#4098=CARTESIAN_POINT('',(-0.999999999999988,-9.849365461794987,13.725654455839686));
#4099=CARTESIAN_POINT('',(-0.974870368808634,-9.852017851555173,13.859625492272944));
#4100=CARTESIAN_POINT('',(-0.872790138731506,-9.861585336316807,14.105979267950266));
#4101=CARTESIAN_POINT('',(-0.795844217538759,-9.868360891813396,14.218369344834327));
#4102=CARTESIAN_POINT('',(-0.641051056892234,-9.879445291871052,14.373162505480854));
#4103=CARTESIAN_POINT('',(-0.562056924233339,-9.884416442529322,14.432994083394295));
#4104=CARTESIAN_POINT('',(-0.474999999999978,-9.88859823230775,14.479985795339909));
#4105=B_SPLINE_CURVE_WITH_KNOTS('',3,(#4090,#4091,#4092,#4093,#4094,#4095,#4096,#4097,#4098,#4099,#4100,#4101,#4102,#4103,#4104),.UNSPECIFIED.,.F.,.U.,(4,2,2,3,2,2,4),(0.499686672496996,0.527747645742892,0.565443982494796,0.6031403192467,0.640836655998604,0.678532992750508,0.706593965996404),.UNSPECIFIED.);
#4106=EDGE_CURVE('',#4089,#4081,#4105,.T.);
#4107=ORIENTED_EDGE('',*,*,#4106,.F.);
#4108=CARTESIAN_POINT('',(-0.47499999999998,-10.599999999999991,12.720014204660103));
#4109=VERTEX_POINT('',#4108);
#4110=CARTESIAN_POINT('',(-0.47499999999998,-10.599999999999991,12.720014204660103));
#4111=DIRECTION('',(0.0,1.0,0.0));
#4112=VECTOR('',#4111,0.711401767692246);
#4113=LINE('',#4110,#4112);
#4114=EDGE_CURVE('',#4109,#4089,#4113,.T.);
#4115=ORIENTED_EDGE('',*,*,#4114,.F.);
#4116=CARTESIAN_POINT('',(0.47499999999998,-10.599999999999991,12.720014204660103));
#4117=VERTEX_POINT('',#4116);
#4118=CARTESIAN_POINT('',(0.0,-10.599999999999991,13.600000000000009));
#4119=DIRECTION('',(0.0,1.0,0.0));
#4120=DIRECTION('',(1.0,0.0,0.0));
#4121=AXIS2_PLACEMENT_3D('',#4118,#4119,#4120);
#4122=CIRCLE('',#4121,0.999999999999988);
#4123=EDGE_CURVE('',#4117,#4109,#4122,.T.);
#4124=ORIENTED_EDGE('',*,*,#4123,.F.);
#4125=CARTESIAN_POINT('',(0.474999999999954,-9.888598232307745,12.72001420466008));
#4126=VERTEX_POINT('',#4125);
#4127=CARTESIAN_POINT('',(0.474999999999954,-9.888598232307745,12.72001420466008));
#4128=DIRECTION('',(0.0,-1.0,0.0));
#4129=VECTOR('',#4128,0.711401767692246);
#4130=LINE('',#4127,#4129);
#4131=EDGE_CURVE('',#4126,#4117,#4130,.T.);
#4132=ORIENTED_EDGE('',*,*,#4131,.F.);
#4133=CARTESIAN_POINT('',(0.999999999999988,-9.849365461794989,13.600000000000009));
#4134=CARTESIAN_POINT('',(0.999999999999988,-9.849365461794989,13.474345544160329));
#4135=CARTESIAN_POINT('',(0.974870368808634,-9.852017851555173,13.34037450772707));
#4136=CARTESIAN_POINT('',(0.872790138731506,-9.861585336316807,13.094020732049749));
#4137=CARTESIAN_POINT('',(0.795844217538759,-9.868360891813396,12.981630655165688));
#4138=CARTESIAN_POINT('',(0.641051056892226,-9.879445291871054,12.826837494519157));
#4139=CARTESIAN_POINT('',(0.56205692423332,-9.884416442529323,12.767005916605708));
#4140=CARTESIAN_POINT('',(0.474999999999947,-9.888598232307752,12.720014204660091));
#4141=B_SPLINE_CURVE_WITH_KNOTS('',3,(#4133,#4134,#4135,#4136,#4137,#4138,#4139,#4140),.UNSPECIFIED.,.F.,.U.,(4,2,2,4),(0.30157015962335,0.339266496375254,0.376962833127158,0.405023806373057),.UNSPECIFIED.);
#4142=EDGE_CURVE('',#4042,#4126,#4141,.T.);
#4143=ORIENTED_EDGE('',*,*,#4142,.F.);
#4144=EDGE_LOOP('',(#4053,#4061,#4070,#4079,#4087,#4107,#4115,#4124,#4132,#4143));
#4145=FACE_BOUND('',#4144,.T.);
#4146=ADVANCED_FACE('',(#4038,#4145),#3997,.F.);
#4147=CARTESIAN_POINT('',(0.0,0.0,13.600000000000009));
#4148=DIRECTION('',(0.0,1.0,0.0));
#4149=DIRECTION('',(1.0,0.0,0.0));
#4150=AXIS2_PLACEMENT_3D('',#4147,#4148,#4149);
#4151=CYLINDRICAL_SURFACE('',#4150,0.999999999999988);
#4152=CARTESIAN_POINT('',(0.47499999999998,9.888598232307745,12.72001420466008));
#4153=VERTEX_POINT('',#4152);
#4154=CARTESIAN_POINT('',(0.999999999999988,9.849365461794985,13.600000000000009));
#4155=VERTEX_POINT('',#4154);
#4156=CARTESIAN_POINT('',(0.474999999999968,9.88859823230775,12.720014204660101));
#4157=CARTESIAN_POINT('',(0.562056924233334,9.884416442529322,12.767005916605715));
#4158=CARTESIAN_POINT('',(0.641051056892231,9.879445291871054,12.826837494519161));
#4159=CARTESIAN_POINT('',(0.795844217538759,9.868360891813396,12.981630655165688));
#4160=CARTESIAN_POINT('',(0.872790138731506,9.861585336316807,13.094020732049749));
#4161=CARTESIAN_POINT('',(0.974870368808634,9.852017851555173,13.34037450772707));
#4162=CARTESIAN_POINT('',(0.999999999999988,9.849365461794987,13.474345544160329));
#4163=CARTESIAN_POINT('',(0.999999999999988,9.849365461794987,13.600000000000009));
#4164=B_SPLINE_CURVE_WITH_KNOTS('',3,(#4156,#4157,#4158,#4159,#4160,#4161,#4162,#4163),.UNSPECIFIED.,.F.,.U.,(4,2,2,4),(0.198116512873645,0.226177486119542,0.263873822871446,0.30157015962335),.UNSPECIFIED.);
#4165=EDGE_CURVE('',#4153,#4155,#4164,.T.);
#4166=ORIENTED_EDGE('',*,*,#4165,.F.);
#4167=CARTESIAN_POINT('',(0.475000000000005,10.599999999999991,12.720014204660103));
#4168=VERTEX_POINT('',#4167);
#4169=CARTESIAN_POINT('',(0.475000000000005,10.599999999999991,12.720014204660103));
#4170=DIRECTION('',(0.0,-1.0,0.0));
#4171=VECTOR('',#4170,0.711401767692246);
#4172=LINE('',#4169,#4171);
#4173=EDGE_CURVE('',#4168,#4153,#4172,.T.);
#4174=ORIENTED_EDGE('',*,*,#4173,.F.);
#4175=CARTESIAN_POINT('',(-0.47499999999998,10.599999999999991,12.720014204660103));
#4176=VERTEX_POINT('',#4175);
#4177=CARTESIAN_POINT('',(0.0,10.599999999999991,13.600000000000009));
#4178=DIRECTION('',(0.0,-1.0,0.0));
#4179=DIRECTION('',(1.0,0.0,0.0));
#4180=AXIS2_PLACEMENT_3D('',#4177,#4178,#4179);
#4181=CIRCLE('',#4180,0.999999999999988);
#4182=EDGE_CURVE('',#4176,#4168,#4181,.T.);
#4183=ORIENTED_EDGE('',*,*,#4182,.F.);
#4184=CARTESIAN_POINT('',(-0.474999999999954,9.888598232307745,12.72001420466008));
#4185=VERTEX_POINT('',#4184);
#4186=CARTESIAN_POINT('',(-0.474999999999954,9.888598232307745,12.72001420466008));
#4187=DIRECTION('',(0.0,1.0,0.0));
#4188=VECTOR('',#4187,0.711401767692246);
#4189=LINE('',#4186,#4188);
#4190=EDGE_CURVE('',#4185,#4176,#4189,.T.);
#4191=ORIENTED_EDGE('',*,*,#4190,.F.);
#4192=CARTESIAN_POINT('',(-0.47499999999998,9.888598232307745,14.479985795339932));
#4193=VERTEX_POINT('',#4192);
#4194=CARTESIAN_POINT('',(-0.474999999999969,9.88859823230775,14.479985795339914));
#4195=CARTESIAN_POINT('',(-0.562056924233334,9.884416442529322,14.432994083394298));
#4196=CARTESIAN_POINT('',(-0.641051056892232,9.879445291871054,14.373162505480856));
#4197=CARTESIAN_POINT('',(-0.795844217538759,9.868360891813396,14.218369344834327));
#4198=CARTESIAN_POINT('',(-0.872790138731506,9.861585336316807,14.105979267950266));
#4199=CARTESIAN_POINT('',(-0.974870368808634,9.852017851555173,13.859625492272944));
#4200=CARTESIAN_POINT('',(-0.999999999999988,9.849365461794987,13.725654455839686));
#4201=CARTESIAN_POINT('',(-0.999999999999988,9.849365461794987,13.600000000000009));
#4202=CARTESIAN_POINT('',(-0.999999999999988,9.849365461794987,13.474345544160329));
#4203=CARTESIAN_POINT('',(-0.974870368808634,9.852017851555173,13.34037450772707));
#4204=CARTESIAN_POINT('',(-0.872790138731506,9.861585336316807,13.094020732049749));
#4205=CARTESIAN_POINT('',(-0.795844217538758,9.868360891813396,12.981630655165688));
#4206=CARTESIAN_POINT('',(-0.641051056892226,9.879445291871054,12.826837494519157));
#4207=CARTESIAN_POINT('',(-0.56205692423332,9.884416442529323,12.767005916605708));
#4208=CARTESIAN_POINT('',(-0.474999999999948,9.888598232307752,12.720014204660091));
#4209=B_SPLINE_CURVE_WITH_KNOTS('',3,(#4194,#4195,#4196,#4197,#4198,#4199,#4200,#4201,#4202,#4203,#4204,#4205,#4206,#4207,#4208),.UNSPECIFIED.,.F.,.U.,(4,2,2,3,2,2,4),(0.499686672496994,0.527747645742892,0.565443982494796,0.6031403192467,0.640836655998604,0.678532992750507,0.706593965996407),.UNSPECIFIED.);
#4210=EDGE_CURVE('',#4193,#4185,#4209,.T.);
#4211=ORIENTED_EDGE('',*,*,#4210,.F.);
#4212=CARTESIAN_POINT('',(-0.475000000000005,10.599999999999991,14.479985795339909));
#4213=VERTEX_POINT('',#4212);
#4214=CARTESIAN_POINT('',(-0.475000000000005,10.599999999999991,14.479985795339909));
#4215=DIRECTION('',(0.0,-1.0,0.0));
#4216=VECTOR('',#4215,0.711401767692246);
#4217=LINE('',#4214,#4216);
#4218=EDGE_CURVE('',#4213,#4193,#4217,.T.);
#4219=ORIENTED_EDGE('',*,*,#4218,.F.);
#4220=CARTESIAN_POINT('',(0.0,10.599999999999991,14.599999999999991));
#4221=VERTEX_POINT('',#4220);
#4222=CARTESIAN_POINT('',(0.0,10.599999999999991,13.600000000000009));
#4223=DIRECTION('',(0.0,-1.0,0.0));
#4224=DIRECTION('',(1.0,0.0,0.0));
#4225=AXIS2_PLACEMENT_3D('',#4222,#4223,#4224);
#4226=CIRCLE('',#4225,0.999999999999988);
#4227=EDGE_CURVE('',#4221,#4213,#4226,.T.);
#4228=ORIENTED_EDGE('',*,*,#4227,.F.);
#4229=CARTESIAN_POINT('',(0.47499999999998,10.599999999999991,14.479985795339909));
#4230=VERTEX_POINT('',#4229);
#4231=CARTESIAN_POINT('',(0.0,10.599999999999991,13.600000000000009));
#4232=DIRECTION('',(0.0,-1.0,0.0));
#4233=DIRECTION('',(1.0,0.0,0.0));
#4234=AXIS2_PLACEMENT_3D('',#4231,#4232,#4233);
#4235=CIRCLE('',#4234,0.999999999999988);
#4236=EDGE_CURVE('',#4230,#4221,#4235,.T.);
#4237=ORIENTED_EDGE('',*,*,#4236,.F.);
#4238=CARTESIAN_POINT('',(0.474999999999954,9.888598232307745,14.479985795339932));
#4239=VERTEX_POINT('',#4238);
#4240=CARTESIAN_POINT('',(0.474999999999954,9.888598232307745,14.479985795339932));
#4241=DIRECTION('',(0.0,1.0,0.0));
#4242=VECTOR('',#4241,0.711401767692246);
#4243=LINE('',#4240,#4242);
#4244=EDGE_CURVE('',#4239,#4230,#4243,.T.);
#4245=ORIENTED_EDGE('',*,*,#4244,.F.);
#4246=CARTESIAN_POINT('',(0.999999999999988,9.849365461794987,13.600000000000009));
#4247=CARTESIAN_POINT('',(0.999999999999988,9.849365461794987,13.725654455839686));
#4248=CARTESIAN_POINT('',(0.974870368808634,9.852017851555173,13.859625492272944));
#4249=CARTESIAN_POINT('',(0.872790138731506,9.861585336316807,14.105979267950266));
#4250=CARTESIAN_POINT('',(0.795844217538758,9.868360891813396,14.218369344834327));
#4251=CARTESIAN_POINT('',(0.641051056892227,9.879445291871054,14.373162505480861));
#4252=CARTESIAN_POINT('',(0.562056924233322,9.884416442529323,14.432994083394306));
#4253=CARTESIAN_POINT('',(0.474999999999951,9.888598232307752,14.479985795339923));
#4254=B_SPLINE_CURVE_WITH_KNOTS('',3,(#4246,#4247,#4248,#4249,#4250,#4251,#4252,#4253),.UNSPECIFIED.,.F.,.U.,(4,2,2,4),(0.30157015962335,0.339266496375254,0.376962833127158,0.405023806373057),.UNSPECIFIED.);
#4255=EDGE_CURVE('',#4155,#4239,#4254,.T.);
#4256=ORIENTED_EDGE('',*,*,#4255,.F.);
#4257=EDGE_LOOP('',(#4166,#4174,#4183,#4191,#4211,#4219,#4228,#4237,#4245,#4256));
#4258=FACE_OUTER_BOUND('',#4257,.T.);
#4259=CARTESIAN_POINT('',(0.999999999999988,8.03803458564343,13.600000000000009));
#4260=VERTEX_POINT('',#4259);
#4261=CARTESIAN_POINT('',(0.999999999999988,8.038034585643445,13.600000000000005));
#4262=CARTESIAN_POINT('',(0.999999999999988,8.038034585643445,13.474299498476249));
#4263=CARTESIAN_POINT('',(0.974852438508751,8.041287386644694,13.34030897548789));
#4264=CARTESIAN_POINT('',(0.872759112300123,8.053007613675087,13.09396812599234));
#4265=CARTESIAN_POINT('',(0.795820306678146,8.061302659369453,12.981606744305076));
#4266=CARTESIAN_POINT('',(0.618393960633954,8.076850828750926,12.804180398260883));
#4267=CARTESIAN_POINT('',(0.506032272333739,8.085118205154805,12.727241040440298));
#4268=CARTESIAN_POINT('',(0.259690385251422,8.096775034255142,12.625147308898079));
#4269=CARTESIAN_POINT('',(0.125699502677321,8.100000000000009,12.600000000000019));
#4270=CARTESIAN_POINT('',(-0.125699502677321,8.100000000000009,12.600000000000019));
#4271=CARTESIAN_POINT('',(-0.259690385251421,8.096775034255142,12.625147308898079));
#4272=CARTESIAN_POINT('',(-0.50603227233374,8.085118205154805,12.727241040440298));
#4273=CARTESIAN_POINT('',(-0.618393960633955,8.076850828750926,12.804180398260884));
#4274=CARTESIAN_POINT('',(-0.795820306678146,8.061302659369453,12.981606744305076));
#4275=CARTESIAN_POINT('',(-0.872759112300123,8.053007613675087,13.09396812599234));
#4276=CARTESIAN_POINT('',(-0.974852438508751,8.041287386644694,13.34030897548789));
#4277=CARTESIAN_POINT('',(-0.999999999999988,8.038034585643445,13.474299498476253));
#4278=CARTESIAN_POINT('',(-0.999999999999988,8.038034585643445,13.725700501523763));
#4279=CARTESIAN_POINT('',(-0.974852438508749,8.041287386644694,13.859691024512131));
#4280=CARTESIAN_POINT('',(-0.87275911230012,8.053007613675089,14.106031874007678));
#4281=CARTESIAN_POINT('',(-0.795820306678146,8.061302659369453,14.218393255694938));
#4282=CARTESIAN_POINT('',(-0.618393960633955,8.076850828750926,14.395819601739133));
#4283=CARTESIAN_POINT('',(-0.506032272333739,8.085118205154805,14.472758959559718));
#4284=CARTESIAN_POINT('',(-0.259690385251422,8.096775034255142,14.574852691101936));
#4285=CARTESIAN_POINT('',(-0.125699502677321,8.100000000000009,14.599999999999994));
#4286=CARTESIAN_POINT('',(0.125699502677321,8.100000000000009,14.599999999999994));
#4287=CARTESIAN_POINT('',(0.259690385251422,8.096775034255142,14.574852691101936));
#4288=CARTESIAN_POINT('',(0.506032272333739,8.085118205154805,14.472758959559718));
#4289=CARTESIAN_POINT('',(0.618393960633954,8.076850828750926,14.395819601739133));
#4290=CARTESIAN_POINT('',(0.795820306678146,8.061302659369453,14.218393255694938));
#4291=CARTESIAN_POINT('',(0.872759112300123,8.053007613675087,14.106031874007673));
#4292=CARTESIAN_POINT('',(0.974852438508751,8.041287386644694,13.859691024512127));
#4293=CARTESIAN_POINT('',(0.999999999999988,8.038034585643445,13.725700501523763));
#4294=CARTESIAN_POINT('',(0.999999999999988,8.038034585643445,13.600000000000009));
#4295=B_SPLINE_CURVE_WITH_KNOTS('',3,(#4261,#4262,#4263,#4264,#4265,#4266,#4267,#4268,#4269,#4270,#4271,#4272,#4273,#4274,#4275,#4276,#4277,#4278,#4279,#4280,#4281,#4282,#4283,#4284,#4285,#4286,#4287,#4288,#4289,#4290,#4291,#4292,#4293,#4294),.UNSPECIFIED.,.T.,.U.,(4,2,2,2,2,2,2,2,2,2,2,2,2,2,2,2,4),(-0.603360010082584,-0.565649859625457,-0.52793970916833,-0.490229858365134,-0.452520007561938,-0.414810156758741,-0.377100305955545,-0.339390155498419,-0.301680005041292,-0.263969854584165,-0.226259704127038,-0.188549853323842,-0.150840002520646,-0.11313015171745,-0.075420300914254,-0.037710150457127,0.0),.UNSPECIFIED.);
#4296=EDGE_CURVE('',#4260,#4260,#4295,.T.);
#4297=ORIENTED_EDGE('',*,*,#4296,.F.);
#4298=EDGE_LOOP('',(#4297));
#4299=FACE_BOUND('',#4298,.T.);
#4300=ADVANCED_FACE('',(#4258,#4299),#4151,.F.);
#4301=CARTESIAN_POINT('',(-0.47499999999998,-10.635570088384616,14.473985085106909));
#4302=DIRECTION('',(-1.0,0.0,0.0));
#4303=DIRECTION('',(0.0,0.0,1.0));
#4304=AXIS2_PLACEMENT_3D('',#4301,#4302,#4303);
#4305=PLANE('',#4304);
#4306=ORIENTED_EDGE('',*,*,#4086,.T.);
#4307=CARTESIAN_POINT('',(-0.47499999999998,-10.599999999999991,14.599999999999991));
#4308=VERTEX_POINT('',#4307);
#4309=CARTESIAN_POINT('',(-0.47499999999998,-10.599999999999991,14.479985795339909));
#4310=DIRECTION('',(0.0,0.0,1.0));
#4311=VECTOR('',#4310,0.120014204660082);
#4312=LINE('',#4309,#4311);
#4313=EDGE_CURVE('',#4072,#4308,#4312,.T.);
#4314=ORIENTED_EDGE('',*,*,#4313,.T.);
#4315=CARTESIAN_POINT('',(-0.47499999999998,-9.888598232307745,14.599999999999991));
#4316=VERTEX_POINT('',#4315);
#4317=CARTESIAN_POINT('',(-0.47499999999998,-9.888598232307745,14.599999999999991));
#4318=DIRECTION('',(0.0,-1.0,0.0));
#4319=VECTOR('',#4318,0.711401767692246);
#4320=LINE('',#4317,#4319);
#4321=EDGE_CURVE('',#4316,#4308,#4320,.T.);
#4322=ORIENTED_EDGE('',*,*,#4321,.F.);
#4323=CARTESIAN_POINT('',(-0.47499999999998,-9.888598232307745,14.479985795339909));
#4324=DIRECTION('',(0.0,0.0,1.0));
#4325=VECTOR('',#4324,0.120014204660082);
#4326=LINE('',#4323,#4325);
#4327=EDGE_CURVE('',#4081,#4316,#4326,.T.);
#4328=ORIENTED_EDGE('',*,*,#4327,.F.);
#4329=EDGE_LOOP('',(#4306,#4314,#4322,#4328));
#4330=FACE_OUTER_BOUND('',#4329,.T.);
#4331=ADVANCED_FACE('',(#4330),#4305,.T.);
#4332=CARTESIAN_POINT('',(-0.023750000000007,-10.599999999999991,14.606000710232991));
#4333=DIRECTION('',(0.0,-1.0,0.0));
#4334=DIRECTION('',(0.0,0.0,-1.0));
#4335=AXIS2_PLACEMENT_3D('',#4332,#4333,#4334);
#4336=PLANE('',#4335);
#4337=ORIENTED_EDGE('',*,*,#4069,.T.);
#4338=CARTESIAN_POINT('',(0.475000000000005,-10.599999999999991,14.599999999999991));
#4339=VERTEX_POINT('',#4338);
#4340=CARTESIAN_POINT('',(0.475000000000005,-10.599999999999991,14.479985795339909));
#4341=DIRECTION('',(0.0,0.0,1.0));
#4342=VECTOR('',#4341,0.120014204660082);
#4343=LINE('',#4340,#4342);
#4344=EDGE_CURVE('',#4055,#4339,#4343,.T.);
#4345=ORIENTED_EDGE('',*,*,#4344,.T.);
#4346=CARTESIAN_POINT('',(0.0,-10.599999999999991,14.599999999999991));
#4347=DIRECTION('',(1.0,0.0,0.0));
#4348=VECTOR('',#4347,0.475000000000005);
#4349=LINE('',#4346,#4348);
#4350=EDGE_CURVE('',#4063,#4339,#4349,.T.);
#4351=ORIENTED_EDGE('',*,*,#4350,.F.);
#4352=EDGE_LOOP('',(#4337,#4345,#4351));
#4353=FACE_OUTER_BOUND('',#4352,.T.);
#4354=ADVANCED_FACE('',(#4353),#4336,.T.);
#4355=CARTESIAN_POINT('',(-0.498749999999986,-10.599999999999991,14.606000710232991));
#4356=DIRECTION('',(0.0,-1.0,0.0));
#4357=DIRECTION('',(0.0,0.0,-1.0));
#4358=AXIS2_PLACEMENT_3D('',#4355,#4356,#4357);
#4359=PLANE('',#4358);
#4360=ORIENTED_EDGE('',*,*,#4078,.T.);
#4361=CARTESIAN_POINT('',(-0.47499999999998,-10.599999999999991,14.599999999999991));
#4362=DIRECTION('',(1.0,0.0,0.0));
#4363=VECTOR('',#4362,0.47499999999998);
#4364=LINE('',#4361,#4363);
#4365=EDGE_CURVE('',#4308,#4063,#4364,.T.);
#4366=ORIENTED_EDGE('',*,*,#4365,.F.);
#4367=ORIENTED_EDGE('',*,*,#4313,.F.);
#4368=EDGE_LOOP('',(#4360,#4366,#4367));
#4369=FACE_OUTER_BOUND('',#4368,.T.);
#4370=ADVANCED_FACE('',(#4369),#4359,.T.);
#4371=CARTESIAN_POINT('',(0.475000000000005,-10.635570088384616,14.606000710232991));
#4372=DIRECTION('',(1.0,0.0,0.0));
#4373=DIRECTION('',(0.0,0.0,-1.0));
#4374=AXIS2_PLACEMENT_3D('',#4371,#4372,#4373);
#4375=PLANE('',#4374);
#4376=ORIENTED_EDGE('',*,*,#4060,.T.);
#4377=CARTESIAN_POINT('',(0.475000000000005,-9.888598232307745,14.599999999999991));
#4378=VERTEX_POINT('',#4377);
#4379=CARTESIAN_POINT('',(0.475000000000005,-9.888598232307745,14.599999999999991));
#4380=DIRECTION('',(-4.019457E-013,1.480122E-014,-1.0));
#4381=VECTOR('',#4380,0.120014204660059);
#4382=LINE('',#4379,#4381);
#4383=EDGE_CURVE('',#4378,#4040,#4382,.T.);
#4384=ORIENTED_EDGE('',*,*,#4383,.F.);
#4385=CARTESIAN_POINT('',(0.475000000000005,-10.599999999999991,14.599999999999991));
#4386=DIRECTION('',(0.0,1.0,0.0));
#4387=VECTOR('',#4386,0.711401767692246);
#4388=LINE('',#4385,#4387);
#4389=EDGE_CURVE('',#4339,#4378,#4388,.T.);
#4390=ORIENTED_EDGE('',*,*,#4389,.F.);
#4391=ORIENTED_EDGE('',*,*,#4344,.F.);
#4392=EDGE_LOOP('',(#4376,#4384,#4390,#4391));
#4393=FACE_OUTER_BOUND('',#4392,.T.);
#4394=ADVANCED_FACE('',(#4393),#4375,.T.);
#4395=CARTESIAN_POINT('',(-0.475000000000005,9.853028143923122,14.473985085106909));
#4396=DIRECTION('',(-1.0,0.0,0.0));
#4397=DIRECTION('',(0.0,0.0,1.0));
#4398=AXIS2_PLACEMENT_3D('',#4395,#4396,#4397);
#4399=PLANE('',#4398);
#4400=ORIENTED_EDGE('',*,*,#4218,.T.);
#4401=CARTESIAN_POINT('',(-0.475000000000005,9.888598232307745,14.599999999999991));
#4402=VERTEX_POINT('',#4401);
#4403=CARTESIAN_POINT('',(-0.475000000000005,9.888598232307745,14.599999999999991));
#4404=DIRECTION('',(3.265520E-013,-1.480122E-014,-1.0));
#4405=VECTOR('',#4404,0.120014204660059);
#4406=LINE('',#4403,#4405);
#4407=EDGE_CURVE('',#4402,#4193,#4406,.T.);
#4408=ORIENTED_EDGE('',*,*,#4407,.F.);
#4409=CARTESIAN_POINT('',(-0.475000000000005,10.599999999999991,14.599999999999991));
#4410=VERTEX_POINT('',#4409);
#4411=CARTESIAN_POINT('',(-0.475000000000005,10.599999999999991,14.599999999999991));
#4412=DIRECTION('',(0.0,-1.0,0.0));
#4413=VECTOR('',#4412,0.711401767692246);
#4414=LINE('',#4411,#4413);
#4415=EDGE_CURVE('',#4410,#4402,#4414,.T.);
#4416=ORIENTED_EDGE('',*,*,#4415,.F.);
#4417=CARTESIAN_POINT('',(-0.475000000000005,10.599999999999991,14.479985795339909));
#4418=DIRECTION('',(0.0,0.0,1.0));
#4419=VECTOR('',#4418,0.120014204660082);
#4420=LINE('',#4417,#4419);
#4421=EDGE_CURVE('',#4213,#4410,#4420,.T.);
#4422=ORIENTED_EDGE('',*,*,#4421,.F.);
#4423=EDGE_LOOP('',(#4400,#4408,#4416,#4422));
#4424=FACE_OUTER_BOUND('',#4423,.T.);
#4425=ADVANCED_FACE('',(#4424),#4399,.T.);
#4426=CARTESIAN_POINT('',(-0.475000000000005,9.853028143923122,2.51399928976698));
#4427=DIRECTION('',(-1.0,0.0,0.0));
#4428=DIRECTION('',(0.0,0.0,1.0));
#4429=AXIS2_PLACEMENT_3D('',#4426,#4427,#4428);
#4430=PLANE('',#4429);
#4431=ORIENTED_EDGE('',*,*,#4190,.T.);
#4432=CARTESIAN_POINT('',(-0.475000000000005,10.599999999999991,2.999999999999989));
#4433=VERTEX_POINT('',#4432);
#4434=CARTESIAN_POINT('',(-0.475000000000005,10.599999999999991,2.999999999999989));
#4435=DIRECTION('',(0.0,0.0,1.0));
#4436=VECTOR('',#4435,9.720014204660114);
#4437=LINE('',#4434,#4436);
#4438=EDGE_CURVE('',#4433,#4176,#4437,.T.);
#4439=ORIENTED_EDGE('',*,*,#4438,.F.);
#4440=CARTESIAN_POINT('',(-0.47499999999998,9.888598232307745,2.999999999999989));
#4441=VERTEX_POINT('',#4440);
#4442=CARTESIAN_POINT('',(-0.475000000000005,10.599999999999991,2.999999999999989));
#4443=DIRECTION('',(0.0,-1.0,0.0));
#4444=VECTOR('',#4443,0.711401767692246);
#4445=LINE('',#4442,#4444);
#4446=EDGE_CURVE('',#4433,#4441,#4445,.T.);
#4447=ORIENTED_EDGE('',*,*,#4446,.T.);
#4448=CARTESIAN_POINT('',(-0.474999999999954,9.888598232307745,12.72001420466008));
#4449=DIRECTION('',(0.0,0.0,-1.0));
#4450=VECTOR('',#4449,9.720014204660091);
#4451=LINE('',#4448,#4450);
#4452=EDGE_CURVE('',#4185,#4441,#4451,.T.);
#4453=ORIENTED_EDGE('',*,*,#4452,.F.);
#4454=EDGE_LOOP('',(#4431,#4439,#4447,#4453));
#4455=FACE_OUTER_BOUND('',#4454,.T.);
#4456=ADVANCED_FACE('',(#4455),#4430,.T.);
#4457=CARTESIAN_POINT('',(12.649999999999997,-12.649999999999997,14.599999999999991));
#4458=DIRECTION('',(0.0,0.0,-1.0));
#4459=DIRECTION('',(-1.0,0.0,0.0));
#4460=AXIS2_PLACEMENT_3D('',#4457,#4458,#4459);
#4461=PLANE('',#4460);
#4462=CARTESIAN_POINT('',(0.0,-11.5,14.599999999999991));
#4463=VERTEX_POINT('',#4462);
#4464=CARTESIAN_POINT('',(0.0,0.0,14.599999999999991));
#4465=DIRECTION('',(0.0,0.0,-1.0));
#4466=DIRECTION('',(-1.0,0.0,0.0));
#4467=AXIS2_PLACEMENT_3D('',#4464,#4465,#4466);
#4468=CIRCLE('',#4467,11.5);
#4469=EDGE_CURVE('',#4463,#4463,#4468,.T.);
#4470=ORIENTED_EDGE('',*,*,#4469,.T.);
#4471=EDGE_LOOP('',(#4470));
#4472=FACE_OUTER_BOUND('',#4471,.T.);
#4473=ORIENTED_EDGE('',*,*,#4350,.T.);
#4474=ORIENTED_EDGE('',*,*,#4389,.T.);
#4475=CARTESIAN_POINT('',(8.94999999999999,-4.231725416422943,14.599999999999991));
#4476=VERTEX_POINT('',#4475);
#4477=CARTESIAN_POINT('',(0.0,0.0,14.599999999999991));
#4478=DIRECTION('',(0.0,0.0,-1.0));
#4479=DIRECTION('',(-1.0,0.0,0.0));
#4480=AXIS2_PLACEMENT_3D('',#4477,#4478,#4479);
#4481=CIRCLE('',#4480,9.899999999999999);
#4482=EDGE_CURVE('',#4476,#4378,#4481,.T.);
#4483=ORIENTED_EDGE('',*,*,#4482,.F.);
#4484=CARTESIAN_POINT('',(8.950000000000014,4.231725416422943,14.599999999999991));
#4485=VERTEX_POINT('',#4484);
#4486=CARTESIAN_POINT('',(8.950000000000014,-4.231725416422943,14.599999999999991));
#4487=DIRECTION('',(0.0,1.0,0.0));
#4488=VECTOR('',#4487,8.463450832845886);
#4489=LINE('',#4486,#4488);
#4490=EDGE_CURVE('',#4476,#4485,#4489,.T.);
#4491=ORIENTED_EDGE('',*,*,#4490,.T.);
#4492=CARTESIAN_POINT('',(0.475000000000005,9.888598232307745,14.599999999999991));
#4493=VERTEX_POINT('',#4492);
#4494=CARTESIAN_POINT('',(0.0,0.0,14.599999999999991));
#4495=DIRECTION('',(0.0,0.0,-1.0));
#4496=DIRECTION('',(-1.0,0.0,0.0));
#4497=AXIS2_PLACEMENT_3D('',#4494,#4495,#4496);
#4498=CIRCLE('',#4497,9.899999999999999);
#4499=EDGE_CURVE('',#4493,#4485,#4498,.T.);
#4500=ORIENTED_EDGE('',*,*,#4499,.F.);
#4501=CARTESIAN_POINT('',(0.475000000000005,10.599999999999991,14.599999999999991));
#4502=VERTEX_POINT('',#4501);
#4503=CARTESIAN_POINT('',(0.475000000000005,9.888598232307745,14.599999999999991));
#4504=DIRECTION('',(0.0,1.0,0.0));
#4505=VECTOR('',#4504,0.711401767692246);
#4506=LINE('',#4503,#4505);
#4507=EDGE_CURVE('',#4493,#4502,#4506,.T.);
#4508=ORIENTED_EDGE('',*,*,#4507,.T.);
#4509=CARTESIAN_POINT('',(0.475000000000005,10.599999999999991,14.599999999999991));
#4510=DIRECTION('',(-1.0,0.0,0.0));
#4511=VECTOR('',#4510,0.475000000000005);
#4512=LINE('',#4509,#4511);
#4513=EDGE_CURVE('',#4502,#4221,#4512,.T.);
#4514=ORIENTED_EDGE('',*,*,#4513,.T.);
#4515=CARTESIAN_POINT('',(0.0,10.599999999999991,14.599999999999991));
#4516=DIRECTION('',(-1.0,0.0,0.0));
#4517=VECTOR('',#4516,0.475000000000005);
#4518=LINE('',#4515,#4517);
#4519=EDGE_CURVE('',#4221,#4410,#4518,.T.);
#4520=ORIENTED_EDGE('',*,*,#4519,.T.);
#4521=ORIENTED_EDGE('',*,*,#4415,.T.);
#4522=CARTESIAN_POINT('',(-8.94999999999999,4.231725416422943,14.599999999999991));
#4523=VERTEX_POINT('',#4522);
#4524=CARTESIAN_POINT('',(0.0,0.0,14.599999999999991));
#4525=DIRECTION('',(0.0,0.0,-1.0));
#4526=DIRECTION('',(-1.0,0.0,0.0));
#4527=AXIS2_PLACEMENT_3D('',#4524,#4525,#4526);
#4528=CIRCLE('',#4527,9.899999999999999);
#4529=EDGE_CURVE('',#4523,#4402,#4528,.T.);
#4530=ORIENTED_EDGE('',*,*,#4529,.F.);
#4531=CARTESIAN_POINT('',(-8.950000000000014,-4.231725416422943,14.599999999999991));
#4532=VERTEX_POINT('',#4531);
#4533=CARTESIAN_POINT('',(-8.950000000000014,4.231725416422943,14.599999999999991));
#4534=DIRECTION('',(0.0,-1.0,0.0));
#4535=VECTOR('',#4534,8.463450832845886);
#4536=LINE('',#4533,#4535);
#4537=EDGE_CURVE('',#4523,#4532,#4536,.T.);
#4538=ORIENTED_EDGE('',*,*,#4537,.T.);
#4539=CARTESIAN_POINT('',(0.0,0.0,14.599999999999991));
#4540=DIRECTION('',(0.0,0.0,-1.0));
#4541=DIRECTION('',(-1.0,0.0,0.0));
#4542=AXIS2_PLACEMENT_3D('',#4539,#4540,#4541);
#4543=CIRCLE('',#4542,9.899999999999999);
#4544=EDGE_CURVE('',#4316,#4532,#4543,.T.);
#4545=ORIENTED_EDGE('',*,*,#4544,.F.);
#4546=ORIENTED_EDGE('',*,*,#4321,.T.);
#4547=ORIENTED_EDGE('',*,*,#4365,.T.);
#4548=EDGE_LOOP('',(#4473,#4474,#4483,#4491,#4500,#4508,#4514,#4520,#4521,#4530,#4538,#4545,#4546,#4547));
#4549=FACE_BOUND('',#4548,.T.);
#4550=CARTESIAN_POINT('',(-9.963810042237267,-1.949999999999998,14.599999999999991));
#4551=VERTEX_POINT('',#4550);
#4552=CARTESIAN_POINT('',(-9.615182614392552,-1.949999999999998,14.599999999999991));
#4553=VERTEX_POINT('',#4552);
#4554=CARTESIAN_POINT('',(-9.963810042237267,-1.949999999999998,14.599999999999991));
#4555=DIRECTION('',(1.0,0.0,0.0));
#4556=VECTOR('',#4555,0.348627427844715);
#4557=LINE('',#4554,#4556);
#4558=EDGE_CURVE('',#4551,#4553,#4557,.T.);
#4559=ORIENTED_EDGE('',*,*,#4558,.T.);
#4560=CARTESIAN_POINT('',(-9.615182614392552,1.949999999999998,14.599999999999991));
#4561=VERTEX_POINT('',#4560);
#4562=CARTESIAN_POINT('',(-9.615182614392552,-1.949999999999998,14.599999999999991));
#4563=DIRECTION('',(0.0,1.0,0.0));
#4564=VECTOR('',#4563,3.899999999999995);
#4565=LINE('',#4562,#4564);
#4566=EDGE_CURVE('',#4553,#4561,#4565,.T.);
#4567=ORIENTED_EDGE('',*,*,#4566,.T.);
#4568=CARTESIAN_POINT('',(-9.963810042237267,1.949999999999998,14.599999999999991));
#4569=VERTEX_POINT('',#4568);
#4570=CARTESIAN_POINT('',(-9.615182614392552,1.949999999999998,14.599999999999991));
#4571=DIRECTION('',(-1.0,0.0,0.0));
#4572=VECTOR('',#4571,0.348627427844715);
#4573=LINE('',#4570,#4572);
#4574=EDGE_CURVE('',#4561,#4569,#4573,.T.);
#4575=ORIENTED_EDGE('',*,*,#4574,.T.);
#4576=CARTESIAN_POINT('',(-9.963810042237267,1.949999999999998,14.599999999999991));
#4577=DIRECTION('',(0.0,-1.0,0.0));
#4578=VECTOR('',#4577,3.899999999999995);
#4579=LINE('',#4576,#4578);
#4580=EDGE_CURVE('',#4569,#4551,#4579,.T.);
#4581=ORIENTED_EDGE('',*,*,#4580,.T.);
#4582=EDGE_LOOP('',(#4559,#4567,#4575,#4581));
#4583=FACE_BOUND('',#4582,.T.);
#4584=CARTESIAN_POINT('',(9.615182614392552,-1.949999999999998,14.599999999999991));
#4585=VERTEX_POINT('',#4584);
#4586=CARTESIAN_POINT('',(9.963810042237267,-1.949999999999998,14.599999999999991));
#4587=VERTEX_POINT('',#4586);
#4588=CARTESIAN_POINT('',(9.615182614392552,-1.949999999999998,14.599999999999991));
#4589=DIRECTION('',(1.0,0.0,0.0));
#4590=VECTOR('',#4589,0.348627427844715);
#4591=LINE('',#4588,#4590);
#4592=EDGE_CURVE('',#4585,#4587,#4591,.T.);
#4593=ORIENTED_EDGE('',*,*,#4592,.T.);
#4594=CARTESIAN_POINT('',(9.963810042237267,1.949999999999998,14.599999999999991));
#4595=VERTEX_POINT('',#4594);
#4596=CARTESIAN_POINT('',(9.963810042237267,-1.949999999999998,14.599999999999991));
#4597=DIRECTION('',(0.0,1.0,0.0));
#4598=VECTOR('',#4597,3.899999999999995);
#4599=LINE('',#4596,#4598);
#4600=EDGE_CURVE('',#4587,#4595,#4599,.T.);
#4601=ORIENTED_EDGE('',*,*,#4600,.T.);
#4602=CARTESIAN_POINT('',(9.615182614392552,1.949999999999998,14.599999999999991));
#4603=VERTEX_POINT('',#4602);
#4604=CARTESIAN_POINT('',(9.963810042237267,1.949999999999998,14.599999999999991));
#4605=DIRECTION('',(-1.0,0.0,0.0));
#4606=VECTOR('',#4605,0.348627427844715);
#4607=LINE('',#4604,#4606);
#4608=EDGE_CURVE('',#4595,#4603,#4607,.T.);
#4609=ORIENTED_EDGE('',*,*,#4608,.T.);
#4610=CARTESIAN_POINT('',(9.615182614392552,1.949999999999998,14.599999999999991));
#4611=DIRECTION('',(0.0,-1.0,0.0));
#4612=VECTOR('',#4611,3.899999999999995);
#4613=LINE('',#4610,#4612);
#4614=EDGE_CURVE('',#4603,#4585,#4613,.T.);
#4615=ORIENTED_EDGE('',*,*,#4614,.T.);
#4616=EDGE_LOOP('',(#4593,#4601,#4609,#4615));
#4617=FACE_BOUND('',#4616,.T.);
#4618=ADVANCED_FACE('',(#4472,#4549,#4583,#4617),#4461,.T.);
#4619=CARTESIAN_POINT('',(-0.475000000000005,10.599999999999991,2.999999999999989));
#4620=DIRECTION('',(0.0,1.0,0.0));
#4621=DIRECTION('',(0.0,0.0,1.0));
#4622=AXIS2_PLACEMENT_3D('',#4619,#4620,#4621);
#4623=PLANE('',#4622);
#4624=ORIENTED_EDGE('',*,*,#4236,.T.);
#4625=ORIENTED_EDGE('',*,*,#4513,.F.);
#4626=CARTESIAN_POINT('',(0.475000000000005,10.599999999999991,14.479985795339909));
#4627=DIRECTION('',(0.0,0.0,1.0));
#4628=VECTOR('',#4627,0.120014204660082);
#4629=LINE('',#4626,#4628);
#4630=EDGE_CURVE('',#4230,#4502,#4629,.T.);
#4631=ORIENTED_EDGE('',*,*,#4630,.F.);
#4632=EDGE_LOOP('',(#4624,#4625,#4631));
#4633=FACE_OUTER_BOUND('',#4632,.T.);
#4634=ADVANCED_FACE('',(#4633),#4623,.T.);
#4635=CARTESIAN_POINT('',(-0.498750000000012,10.599999999999991,14.473985085106884));
#4636=DIRECTION('',(0.0,1.0,0.0));
#4637=DIRECTION('',(0.0,0.0,1.0));
#4638=AXIS2_PLACEMENT_3D('',#4635,#4636,#4637);
#4639=PLANE('',#4638);
#4640=ORIENTED_EDGE('',*,*,#4227,.T.);
#4641=ORIENTED_EDGE('',*,*,#4421,.T.);
#4642=ORIENTED_EDGE('',*,*,#4519,.F.);
#4643=EDGE_LOOP('',(#4640,#4641,#4642));
#4644=FACE_OUTER_BOUND('',#4643,.T.);
#4645=ADVANCED_FACE('',(#4644),#4639,.T.);
#4646=CARTESIAN_POINT('',(-0.522500000000018,10.599999999999991,2.51399928976698));
#4647=DIRECTION('',(0.0,1.0,0.0));
#4648=DIRECTION('',(0.0,0.0,1.0));
#4649=AXIS2_PLACEMENT_3D('',#4646,#4647,#4648);
#4650=PLANE('',#4649);
#4651=ORIENTED_EDGE('',*,*,#4182,.T.);
#4652=CARTESIAN_POINT('',(0.475000000000005,10.599999999999991,2.999999999999989));
#4653=VERTEX_POINT('',#4652);
#4654=CARTESIAN_POINT('',(0.475000000000005,10.599999999999991,2.999999999999989));
#4655=DIRECTION('',(0.0,0.0,1.0));
#4656=VECTOR('',#4655,9.720014204660114);
#4657=LINE('',#4654,#4656);
#4658=EDGE_CURVE('',#4653,#4168,#4657,.T.);
#4659=ORIENTED_EDGE('',*,*,#4658,.F.);
#4660=CARTESIAN_POINT('',(0.475000000000005,10.599999999999991,2.999999999999989));
#4661=DIRECTION('',(-1.0,0.0,0.0));
#4662=VECTOR('',#4661,0.95000000000001);
#4663=LINE('',#4660,#4662);
#4664=EDGE_CURVE('',#4653,#4433,#4663,.T.);
#4665=ORIENTED_EDGE('',*,*,#4664,.T.);
#4666=ORIENTED_EDGE('',*,*,#4438,.T.);
#4667=EDGE_LOOP('',(#4651,#4659,#4665,#4666));
#4668=FACE_OUTER_BOUND('',#4667,.T.);
#4669=ADVANCED_FACE('',(#4668),#4650,.T.);
#4670=CARTESIAN_POINT('',(0.0,0.0,0.0));
#4671=DIRECTION('',(0.0,0.0,1.0));
#4672=DIRECTION('',(0.0,1.0,0.0));
#4673=AXIS2_PLACEMENT_3D('',#4670,#4671,#4672);
#4674=CYLINDRICAL_SURFACE('',#4673,9.899999999999999);
#4675=ORIENTED_EDGE('',*,*,#4106,.T.);
#4676=ORIENTED_EDGE('',*,*,#4327,.T.);
#4677=ORIENTED_EDGE('',*,*,#4544,.T.);
#4678=CARTESIAN_POINT('',(-8.94999999999999,-4.231725416422943,10.999999999999993));
#4679=VERTEX_POINT('',#4678);
#4680=CARTESIAN_POINT('',(-8.950000000000014,-4.231725416422943,14.599999999999991));
#4681=DIRECTION('',(0.0,0.0,-1.0));
#4682=VECTOR('',#4681,3.599999999999998);
#4683=LINE('',#4680,#4682);
#4684=EDGE_CURVE('',#4532,#4679,#4683,.T.);
#4685=ORIENTED_EDGE('',*,*,#4684,.T.);
#4686=CARTESIAN_POINT('',(-8.299999999999999,-5.39629502529281,10.999999999999993));
#4687=VERTEX_POINT('',#4686);
#4688=CARTESIAN_POINT('',(0.0,0.0,10.999999999999993));
#4689=DIRECTION('',(0.0,0.0,1.0));
#4690=DIRECTION('',(-1.0,0.0,0.0));
#4691=AXIS2_PLACEMENT_3D('',#4688,#4689,#4690);
#4692=CIRCLE('',#4691,9.899999999999999);
#4693=EDGE_CURVE('',#4679,#4687,#4692,.T.);
#4694=ORIENTED_EDGE('',*,*,#4693,.T.);
#4695=CARTESIAN_POINT('',(-8.299999999999999,-5.39629502529281,2.999999999999989));
#4696=VERTEX_POINT('',#4695);
#4697=CARTESIAN_POINT('',(-8.299999999999999,-5.39629502529281,10.999999999999993));
#4698=DIRECTION('',(0.0,0.0,-1.0));
#4699=VECTOR('',#4698,8.000000000000004);
#4700=LINE('',#4697,#4699);
#4701=EDGE_CURVE('',#4687,#4696,#4700,.T.);
#4702=ORIENTED_EDGE('',*,*,#4701,.T.);
#4703=CARTESIAN_POINT('',(-8.299999999999999,5.39629502529281,2.999999999999989));
#4704=VERTEX_POINT('',#4703);
#4705=CARTESIAN_POINT('',(0.0,0.0,2.999999999999989));
#4706=DIRECTION('',(0.0,0.0,-1.0));
#4707=DIRECTION('',(-1.0,0.0,0.0));
#4708=AXIS2_PLACEMENT_3D('',#4705,#4706,#4707);
#4709=CIRCLE('',#4708,9.899999999999999);
#4710=EDGE_CURVE('',#4696,#4704,#4709,.T.);
#4711=ORIENTED_EDGE('',*,*,#4710,.T.);
#4712=CARTESIAN_POINT('',(-8.299999999999999,5.39629502529281,10.999999999999993));
#4713=VERTEX_POINT('',#4712);
#4714=CARTESIAN_POINT('',(-8.299999999999999,5.39629502529281,2.999999999999989));
#4715=DIRECTION('',(0.0,0.0,1.0));
#4716=VECTOR('',#4715,8.000000000000004);
#4717=LINE('',#4714,#4716);
#4718=EDGE_CURVE('',#4704,#4713,#4717,.T.);
#4719=ORIENTED_EDGE('',*,*,#4718,.T.);
#4720=CARTESIAN_POINT('',(-8.94999999999999,4.231725416422943,10.999999999999993));
#4721=VERTEX_POINT('',#4720);
#4722=CARTESIAN_POINT('',(0.0,0.0,10.999999999999993));
#4723=DIRECTION('',(0.0,0.0,1.0));
#4724=DIRECTION('',(-1.0,0.0,0.0));
#4725=AXIS2_PLACEMENT_3D('',#4722,#4723,#4724);
#4726=CIRCLE('',#4725,9.899999999999999);
#4727=EDGE_CURVE('',#4713,#4721,#4726,.T.);
#4728=ORIENTED_EDGE('',*,*,#4727,.T.);
#4729=CARTESIAN_POINT('',(-8.94999999999999,4.231725416422943,10.999999999999993));
#4730=DIRECTION('',(0.0,0.0,1.0));
#4731=VECTOR('',#4730,3.599999999999998);
#4732=LINE('',#4729,#4731);
#4733=EDGE_CURVE('',#4721,#4523,#4732,.T.);
#4734=ORIENTED_EDGE('',*,*,#4733,.T.);
#4735=ORIENTED_EDGE('',*,*,#4529,.T.);
#4736=ORIENTED_EDGE('',*,*,#4407,.T.);
#4737=ORIENTED_EDGE('',*,*,#4210,.T.);
#4738=ORIENTED_EDGE('',*,*,#4452,.T.);
#4739=CARTESIAN_POINT('',(-0.999999999999988,9.849365461794985,2.999999999999989));
#4740=VERTEX_POINT('',#4739);
#4741=CARTESIAN_POINT('',(0.0,0.0,2.999999999999989));
#4742=DIRECTION('',(0.0,0.0,1.0));
#4743=DIRECTION('',(-1.0,0.0,0.0));
#4744=AXIS2_PLACEMENT_3D('',#4741,#4742,#4743);
#4745=CIRCLE('',#4744,9.899999999999999);
#4746=EDGE_CURVE('',#4441,#4740,#4745,.T.);
#4747=ORIENTED_EDGE('',*,*,#4746,.T.);
#4748=CARTESIAN_POINT('',(-0.999999999999988,9.849365461794985,2.900000000000007));
#4749=VERTEX_POINT('',#4748);
#4750=CARTESIAN_POINT('',(-0.999999999999988,9.849365461794985,2.999999999999989));
#4751=DIRECTION('',(0.0,0.0,-1.0));
#4752=VECTOR('',#4751,0.099999999999982);
#4753=LINE('',#4750,#4752);
#4754=EDGE_CURVE('',#4740,#4749,#4753,.T.);
#4755=ORIENTED_EDGE('',*,*,#4754,.T.);
#4756=CARTESIAN_POINT('',(0.999999999999988,9.849365461794985,2.900000000000007));
#4757=VERTEX_POINT('',#4756);
#4758=CARTESIAN_POINT('',(0.0,0.0,2.900000000000007));
#4759=DIRECTION('',(0.0,0.0,-1.0));
#4760=DIRECTION('',(-1.0,0.0,0.0));
#4761=AXIS2_PLACEMENT_3D('',#4758,#4759,#4760);
#4762=CIRCLE('',#4761,9.899999999999999);
#4763=EDGE_CURVE('',#4757,#4749,#4762,.T.);
#4764=ORIENTED_EDGE('',*,*,#4763,.F.);
#4765=CARTESIAN_POINT('',(0.999999999999988,9.849365461794985,2.999999999999989));
#4766=VERTEX_POINT('',#4765);
#4767=CARTESIAN_POINT('',(0.999999999999988,9.849365461794985,2.900000000000007));
#4768=DIRECTION('',(0.0,0.0,1.0));
#4769=VECTOR('',#4768,0.099999999999982);
#4770=LINE('',#4767,#4769);
#4771=EDGE_CURVE('',#4757,#4766,#4770,.T.);
#4772=ORIENTED_EDGE('',*,*,#4771,.T.);
#4773=CARTESIAN_POINT('',(0.475000000000005,9.888598232307745,2.999999999999989));
#4774=VERTEX_POINT('',#4773);
#4775=CARTESIAN_POINT('',(0.0,0.0,2.999999999999989));
#4776=DIRECTION('',(0.0,0.0,1.0));
#4777=DIRECTION('',(-1.0,0.0,0.0));
#4778=AXIS2_PLACEMENT_3D('',#4775,#4776,#4777);
#4779=CIRCLE('',#4778,9.899999999999999);
#4780=EDGE_CURVE('',#4766,#4774,#4779,.T.);
#4781=ORIENTED_EDGE('',*,*,#4780,.T.);
#4782=CARTESIAN_POINT('',(0.475000000000005,9.888598232307745,2.999999999999989));
#4783=DIRECTION('',(0.0,0.0,1.0));
#4784=VECTOR('',#4783,9.720014204660091);
#4785=LINE('',#4782,#4784);
#4786=EDGE_CURVE('',#4774,#4153,#4785,.T.);
#4787=ORIENTED_EDGE('',*,*,#4786,.T.);
#4788=ORIENTED_EDGE('',*,*,#4165,.T.);
#4789=ORIENTED_EDGE('',*,*,#4255,.T.);
#4790=CARTESIAN_POINT('',(0.474999999999954,9.888598232307745,14.479985795339932));
#4791=DIRECTION('',(3.279396E-013,1.480122E-014,1.0));
#4792=VECTOR('',#4791,0.120014204660059);
#4793=LINE('',#4790,#4792);
#4794=EDGE_CURVE('',#4239,#4493,#4793,.T.);
#4795=ORIENTED_EDGE('',*,*,#4794,.T.);
#4796=ORIENTED_EDGE('',*,*,#4499,.T.);
#4797=CARTESIAN_POINT('',(8.94999999999999,4.23172541642297,10.999999999999993));
#4798=VERTEX_POINT('',#4797);
#4799=CARTESIAN_POINT('',(8.950000000000014,4.231725416422943,14.599999999999991));
#4800=DIRECTION('',(0.0,0.0,-1.0));
#4801=VECTOR('',#4800,3.599999999999998);
#4802=LINE('',#4799,#4801);
#4803=EDGE_CURVE('',#4485,#4798,#4802,.T.);
#4804=ORIENTED_EDGE('',*,*,#4803,.T.);
#4805=CARTESIAN_POINT('',(8.299999999999999,5.39629502529281,10.999999999999993));
#4806=VERTEX_POINT('',#4805);
#4807=CARTESIAN_POINT('',(0.0,0.0,10.999999999999993));
#4808=DIRECTION('',(0.0,0.0,1.0));
#4809=DIRECTION('',(-1.0,0.0,0.0));
#4810=AXIS2_PLACEMENT_3D('',#4807,#4808,#4809);
#4811=CIRCLE('',#4810,9.899999999999999);
#4812=EDGE_CURVE('',#4798,#4806,#4811,.T.);
#4813=ORIENTED_EDGE('',*,*,#4812,.T.);
#4814=CARTESIAN_POINT('',(8.299999999999999,5.396295025292835,2.999999999999989));
#4815=VERTEX_POINT('',#4814);
#4816=CARTESIAN_POINT('',(8.299999999999999,5.39629502529281,10.999999999999993));
#4817=DIRECTION('',(0.0,0.0,-1.0));
#4818=VECTOR('',#4817,8.000000000000004);
#4819=LINE('',#4816,#4818);
#4820=EDGE_CURVE('',#4806,#4815,#4819,.T.);
#4821=ORIENTED_EDGE('',*,*,#4820,.T.);
#4822=CARTESIAN_POINT('',(8.299999999999999,-5.396295025292835,2.999999999999989));
#4823=VERTEX_POINT('',#4822);
#4824=CARTESIAN_POINT('',(0.0,0.0,2.999999999999989));
#4825=DIRECTION('',(0.0,0.0,-1.0));
#4826=DIRECTION('',(-1.0,0.0,0.0));
#4827=AXIS2_PLACEMENT_3D('',#4824,#4825,#4826);
#4828=CIRCLE('',#4827,9.899999999999999);
#4829=EDGE_CURVE('',#4815,#4823,#4828,.T.);
#4830=ORIENTED_EDGE('',*,*,#4829,.T.);
#4831=CARTESIAN_POINT('',(8.299999999999999,-5.39629502529281,10.999999999999993));
#4832=VERTEX_POINT('',#4831);
#4833=CARTESIAN_POINT('',(8.299999999999999,-5.396295025292835,2.999999999999989));
#4834=DIRECTION('',(0.0,0.0,1.0));
#4835=VECTOR('',#4834,8.000000000000004);
#4836=LINE('',#4833,#4835);
#4837=EDGE_CURVE('',#4823,#4832,#4836,.T.);
#4838=ORIENTED_EDGE('',*,*,#4837,.T.);
#4839=CARTESIAN_POINT('',(8.94999999999999,-4.23172541642297,10.999999999999993));
#4840=VERTEX_POINT('',#4839);
#4841=CARTESIAN_POINT('',(0.0,0.0,10.999999999999993));
#4842=DIRECTION('',(0.0,0.0,1.0));
#4843=DIRECTION('',(-1.0,0.0,0.0));
#4844=AXIS2_PLACEMENT_3D('',#4841,#4842,#4843);
#4845=CIRCLE('',#4844,9.899999999999999);
#4846=EDGE_CURVE('',#4832,#4840,#4845,.T.);
#4847=ORIENTED_EDGE('',*,*,#4846,.T.);
#4848=CARTESIAN_POINT('',(8.94999999999999,-4.23172541642297,10.999999999999993));
#4849=DIRECTION('',(0.0,0.0,1.0));
#4850=VECTOR('',#4849,3.599999999999998);
#4851=LINE('',#4848,#4850);
#4852=EDGE_CURVE('',#4840,#4476,#4851,.T.);
#4853=ORIENTED_EDGE('',*,*,#4852,.T.);
#4854=ORIENTED_EDGE('',*,*,#4482,.T.);
#4855=ORIENTED_EDGE('',*,*,#4383,.T.);
#4856=ORIENTED_EDGE('',*,*,#4052,.T.);
#4857=ORIENTED_EDGE('',*,*,#4142,.T.);
#4858=CARTESIAN_POINT('',(0.47499999999998,-9.888598232307745,2.999999999999989));
#4859=VERTEX_POINT('',#4858);
#4860=CARTESIAN_POINT('',(0.474999999999954,-9.888598232307745,12.72001420466008));
#4861=DIRECTION('',(0.0,0.0,-1.0));
#4862=VECTOR('',#4861,9.720014204660091);
#4863=LINE('',#4860,#4862);
#4864=EDGE_CURVE('',#4126,#4859,#4863,.T.);
#4865=ORIENTED_EDGE('',*,*,#4864,.T.);
#4866=CARTESIAN_POINT('',(-0.47499999999998,-9.888598232307745,2.999999999999989));
#4867=VERTEX_POINT('',#4866);
#4868=CARTESIAN_POINT('',(0.0,0.0,2.999999999999989));
#4869=DIRECTION('',(0.0,0.0,-1.0));
#4870=DIRECTION('',(-1.0,0.0,0.0));
#4871=AXIS2_PLACEMENT_3D('',#4868,#4869,#4870);
#4872=CIRCLE('',#4871,9.899999999999999);
#4873=EDGE_CURVE('',#4859,#4867,#4872,.T.);
#4874=ORIENTED_EDGE('',*,*,#4873,.T.);
#4875=CARTESIAN_POINT('',(-0.47499999999998,-9.888598232307745,2.999999999999989));
#4876=DIRECTION('',(0.0,0.0,1.0));
#4877=VECTOR('',#4876,9.720014204660114);
#4878=LINE('',#4875,#4877);
#4879=EDGE_CURVE('',#4867,#4089,#4878,.T.);
#4880=ORIENTED_EDGE('',*,*,#4879,.T.);
#4881=EDGE_LOOP('',(#4675,#4676,#4677,#4685,#4694,#4702,#4711,#4719,#4728,#4734,#4735,#4736,#4737,#4738,#4747,#4755,#4764,#4772,#4781,#4787,#4788,#4789,#4795,#4796,#4804,#4813,#4821,#4830,#4838,#4847,#4853,#4854,#4855,#4856,#4857,#4865,#4874,#4880));
#4882=FACE_OUTER_BOUND('',#4881,.T.);
#4883=ADVANCED_FACE('',(#4882),#4674,.T.);
#4884=CARTESIAN_POINT('',(0.475000000000005,9.853028143923122,14.606000710232991));
#4885=DIRECTION('',(1.0,0.0,0.0));
#4886=DIRECTION('',(0.0,0.0,-1.0));
#4887=AXIS2_PLACEMENT_3D('',#4884,#4885,#4886);
#4888=PLANE('',#4887);
#4889=ORIENTED_EDGE('',*,*,#4244,.T.);
#4890=ORIENTED_EDGE('',*,*,#4630,.T.);
#4891=ORIENTED_EDGE('',*,*,#4507,.F.);
#4892=ORIENTED_EDGE('',*,*,#4794,.F.);
#4893=EDGE_LOOP('',(#4889,#4890,#4891,#4892));
#4894=FACE_OUTER_BOUND('',#4893,.T.);
#4895=ADVANCED_FACE('',(#4894),#4888,.T.);
#4896=CARTESIAN_POINT('',(0.475000000000005,9.853028143923122,13.206014914893114));
#4897=DIRECTION('',(1.0,0.0,0.0));
#4898=DIRECTION('',(0.0,0.0,-1.0));
#4899=AXIS2_PLACEMENT_3D('',#4896,#4897,#4898);
#4900=PLANE('',#4899);
#4901=ORIENTED_EDGE('',*,*,#4173,.T.);
#4902=ORIENTED_EDGE('',*,*,#4786,.F.);
#4903=CARTESIAN_POINT('',(0.475000000000005,9.888598232307745,2.999999999999989));
#4904=DIRECTION('',(0.0,1.0,0.0));
#4905=VECTOR('',#4904,0.711401767692246);
#4906=LINE('',#4903,#4905);
#4907=EDGE_CURVE('',#4774,#4653,#4906,.T.);
#4908=ORIENTED_EDGE('',*,*,#4907,.T.);
#4909=ORIENTED_EDGE('',*,*,#4658,.T.);
#4910=EDGE_LOOP('',(#4901,#4902,#4908,#4909));
#4911=FACE_OUTER_BOUND('',#4910,.T.);
#4912=ADVANCED_FACE('',(#4911),#4900,.T.);
#4913=CARTESIAN_POINT('',(-0.522499999999993,-10.635570088384616,2.999999999999989));
#4914=DIRECTION('',(0.0,0.0,1.0));
#4915=DIRECTION('',(1.0,0.0,0.0));
#4916=AXIS2_PLACEMENT_3D('',#4913,#4914,#4915);
#4917=PLANE('',#4916);
#4918=ORIENTED_EDGE('',*,*,#4873,.F.);
#4919=CARTESIAN_POINT('',(0.475000000000005,-10.599999999999991,2.999999999999989));
#4920=VERTEX_POINT('',#4919);
#4921=CARTESIAN_POINT('',(0.475000000000005,-10.599999999999991,2.999999999999989));
#4922=DIRECTION('',(0.0,1.0,0.0));
#4923=VECTOR('',#4922,0.711401767692246);
#4924=LINE('',#4921,#4923);
#4925=EDGE_CURVE('',#4920,#4859,#4924,.T.);
#4926=ORIENTED_EDGE('',*,*,#4925,.F.);
#4927=CARTESIAN_POINT('',(-0.47499999999998,-10.599999999999991,2.999999999999989));
#4928=VERTEX_POINT('',#4927);
#4929=CARTESIAN_POINT('',(-0.47499999999998,-10.599999999999991,2.999999999999989));
#4930=DIRECTION('',(1.0,0.0,0.0));
#4931=VECTOR('',#4930,0.949999999999985);
#4932=LINE('',#4929,#4931);
#4933=EDGE_CURVE('',#4928,#4920,#4932,.T.);
#4934=ORIENTED_EDGE('',*,*,#4933,.F.);
#4935=CARTESIAN_POINT('',(-0.47499999999998,-9.888598232307745,2.999999999999989));
#4936=DIRECTION('',(0.0,-1.0,0.0));
#4937=VECTOR('',#4936,0.711401767692246);
#4938=LINE('',#4935,#4937);
#4939=EDGE_CURVE('',#4867,#4928,#4938,.T.);
#4940=ORIENTED_EDGE('',*,*,#4939,.F.);
#4941=EDGE_LOOP('',(#4918,#4926,#4934,#4940));
#4942=FACE_OUTER_BOUND('',#4941,.T.);
#4943=ADVANCED_FACE('',(#4942),#4917,.F.);
#4944=CARTESIAN_POINT('',(-0.47499999999998,-10.635570088384616,2.51399928976698));
#4945=DIRECTION('',(-1.0,0.0,0.0));
#4946=DIRECTION('',(0.0,0.0,1.0));
#4947=AXIS2_PLACEMENT_3D('',#4944,#4945,#4946);
#4948=PLANE('',#4947);
#4949=ORIENTED_EDGE('',*,*,#4114,.T.);
#4950=ORIENTED_EDGE('',*,*,#4879,.F.);
#4951=ORIENTED_EDGE('',*,*,#4939,.T.);
#4952=CARTESIAN_POINT('',(-0.47499999999998,-10.599999999999991,2.999999999999989));
#4953=DIRECTION('',(0.0,0.0,1.0));
#4954=VECTOR('',#4953,9.720014204660114);
#4955=LINE('',#4952,#4954);
#4956=EDGE_CURVE('',#4928,#4109,#4955,.T.);
#4957=ORIENTED_EDGE('',*,*,#4956,.T.);
#4958=EDGE_LOOP('',(#4949,#4950,#4951,#4957));
#4959=FACE_OUTER_BOUND('',#4958,.T.);
#4960=ADVANCED_FACE('',(#4959),#4948,.T.);
#4961=CARTESIAN_POINT('',(0.475000000000005,-10.635570088384616,13.206014914893114));
#4962=DIRECTION('',(1.0,0.0,0.0));
#4963=DIRECTION('',(0.0,0.0,-1.0));
#4964=AXIS2_PLACEMENT_3D('',#4961,#4962,#4963);
#4965=PLANE('',#4964);
#4966=ORIENTED_EDGE('',*,*,#4131,.T.);
#4967=CARTESIAN_POINT('',(0.475000000000005,-10.599999999999991,2.999999999999989));
#4968=DIRECTION('',(0.0,0.0,1.0));
#4969=VECTOR('',#4968,9.720014204660114);
#4970=LINE('',#4967,#4969);
#4971=EDGE_CURVE('',#4920,#4117,#4970,.T.);
#4972=ORIENTED_EDGE('',*,*,#4971,.F.);
#4973=ORIENTED_EDGE('',*,*,#4925,.T.);
#4974=ORIENTED_EDGE('',*,*,#4864,.F.);
#4975=EDGE_LOOP('',(#4966,#4972,#4973,#4974));
#4976=FACE_OUTER_BOUND('',#4975,.T.);
#4977=ADVANCED_FACE('',(#4976),#4965,.T.);
#4978=CARTESIAN_POINT('',(-0.522499999999967,-10.599999999999991,13.206014914893114));
#4979=DIRECTION('',(0.0,-1.0,0.0));
#4980=DIRECTION('',(0.0,0.0,-1.0));
#4981=AXIS2_PLACEMENT_3D('',#4978,#4979,#4980);
#4982=PLANE('',#4981);
#4983=ORIENTED_EDGE('',*,*,#4123,.T.);
#4984=ORIENTED_EDGE('',*,*,#4956,.F.);
#4985=ORIENTED_EDGE('',*,*,#4933,.T.);
#4986=ORIENTED_EDGE('',*,*,#4971,.T.);
#4987=EDGE_LOOP('',(#4983,#4984,#4985,#4986));
#4988=FACE_OUTER_BOUND('',#4987,.T.);
#4989=ADVANCED_FACE('',(#4988),#4982,.T.);
#4990=CARTESIAN_POINT('',(-0.999999999999988,8.957531726910242,-0.15000000000001));
#4991=DIRECTION('',(-1.0,0.0,0.0));
#4992=DIRECTION('',(0.0,0.0,1.0));
#4993=AXIS2_PLACEMENT_3D('',#4990,#4991,#4992);
#4994=PLANE('',#4993);
#4995=ORIENTED_EDGE('',*,*,#4754,.F.);
#4996=CARTESIAN_POINT('',(-0.999999999999988,8.999999999999993,2.999999999999989));
#4997=VERTEX_POINT('',#4996);
#4998=CARTESIAN_POINT('',(-0.999999999999988,8.999999999999993,2.999999999999989));
#4999=DIRECTION('',(0.0,1.0,0.0));
#5000=VECTOR('',#4999,0.849365461794992);
#5001=LINE('',#4998,#5000);
#5002=EDGE_CURVE('',#4997,#4740,#5001,.T.);
#5003=ORIENTED_EDGE('',*,*,#5002,.F.);
#5004=CARTESIAN_POINT('',(-0.999999999999988,8.999999999999993,0.0));
#5005=VERTEX_POINT('',#5004);
#5006=CARTESIAN_POINT('',(-0.999999999999988,8.999999999999993,0.0));
#5007=DIRECTION('',(0.0,0.0,1.0));
#5008=VECTOR('',#5007,2.999999999999989);
#5009=LINE('',#5006,#5008);
#5010=EDGE_CURVE('',#5005,#4997,#5009,.T.);
#5011=ORIENTED_EDGE('',*,*,#5010,.F.);
#5012=CARTESIAN_POINT('',(-0.999999999999988,9.547774609824019,0.0));
#5013=VERTEX_POINT('',#5012);
#5014=CARTESIAN_POINT('',(-0.999999999999988,9.547774609824019,0.0));
#5015=DIRECTION('',(0.0,-1.0,0.0));
#5016=VECTOR('',#5015,0.547774609824026);
#5017=LINE('',#5014,#5016);
#5018=EDGE_CURVE('',#5013,#5005,#5017,.T.);
#5019=ORIENTED_EDGE('',*,*,#5018,.F.);
#5020=CARTESIAN_POINT('',(-0.999999999999988,9.849365461794633,2.900000000000043));
#5021=CARTESIAN_POINT('',(-0.999999999999988,9.696250105565472,1.427455086256958));
#5022=CARTESIAN_POINT('',(-0.999999999999988,9.547774609824529,1.963880E-012));
#5030=(BOUNDED_CURVE()B_SPLINE_CURVE(2,(#5020,#5021,#5022),.UNSPECIFIED.,.F.,.U.)B_SPLINE_CURVE_WITH_KNOTS((3,3),(0.101472884852069,0.216276002072534),.UNSPECIFIED.)CURVE()GEOMETRIC_REPRESENTATION_ITEM()RATIONAL_B_SPLINE_CURVE((1.000402367446382,1.000524204091545,1.000406697541451))REPRESENTATION_ITEM(''));
#5031=EDGE_CURVE('',#4749,#5013,#5030,.T.);
#5032=ORIENTED_EDGE('',*,*,#5031,.F.);
#5033=EDGE_LOOP('',(#4995,#5003,#5011,#5019,#5032));
#5034=FACE_OUTER_BOUND('',#5033,.T.);
#5035=ADVANCED_FACE('',(#5034),#4994,.F.);
#5036=CARTESIAN_POINT('',(0.999999999999988,8.957531726910242,3.149999999999999));
#5037=DIRECTION('',(1.0,0.0,0.0));
#5038=DIRECTION('',(0.0,0.0,-1.0));
#5039=AXIS2_PLACEMENT_3D('',#5036,#5037,#5038);
#5040=PLANE('',#5039);
#5041=ORIENTED_EDGE('',*,*,#4771,.F.);
#5042=CARTESIAN_POINT('',(0.999999999999988,9.547774609824019,0.0));
#5043=VERTEX_POINT('',#5042);
#5044=CARTESIAN_POINT('',(0.999999999999988,9.547774609824323,-3.079616E-014));
#5045=CARTESIAN_POINT('',(0.999999999999988,9.696250105565369,1.42745508625593));
#5046=CARTESIAN_POINT('',(0.999999999999988,9.849365461794637,2.900000000000043));
#5054=(BOUNDED_CURVE()B_SPLINE_CURVE(2,(#5044,#5045,#5046),.UNSPECIFIED.,.F.,.U.)B_SPLINE_CURVE_WITH_KNOTS((3,3),(0.103549853913908,0.218352971134453),.UNSPECIFIED.)CURVE()GEOMETRIC_REPRESENTATION_ITEM()RATIONAL_B_SPLINE_CURVE((1.000406697541451,1.000524204091545,1.000402367446382))REPRESENTATION_ITEM(''));
#5055=EDGE_CURVE('',#5043,#4757,#5054,.T.);
#5056=ORIENTED_EDGE('',*,*,#5055,.F.);
#5057=CARTESIAN_POINT('',(0.999999999999988,8.999999999999993,0.0));
#5058=VERTEX_POINT('',#5057);
#5059=CARTESIAN_POINT('',(0.999999999999988,8.999999999999993,0.0));
#5060=DIRECTION('',(0.0,1.0,0.0));
#5061=VECTOR('',#5060,0.547774609824026);
#5062=LINE('',#5059,#5061);
#5063=EDGE_CURVE('',#5058,#5043,#5062,.T.);
#5064=ORIENTED_EDGE('',*,*,#5063,.F.);
#5065=CARTESIAN_POINT('',(0.999999999999988,8.999999999999993,2.999999999999989));
#5066=VERTEX_POINT('',#5065);
#5067=CARTESIAN_POINT('',(0.999999999999988,8.999999999999993,0.0));
#5068=DIRECTION('',(0.0,0.0,1.0));
#5069=VECTOR('',#5068,2.999999999999989);
#5070=LINE('',#5067,#5069);
#5071=EDGE_CURVE('',#5058,#5066,#5070,.T.);
#5072=ORIENTED_EDGE('',*,*,#5071,.T.);
#5073=CARTESIAN_POINT('',(0.999999999999988,9.849365461794985,2.999999999999989));
#5074=DIRECTION('',(0.0,-1.0,0.0));
#5075=VECTOR('',#5074,0.849365461794992);
#5076=LINE('',#5073,#5075);
#5077=EDGE_CURVE('',#4766,#5066,#5076,.T.);
#5078=ORIENTED_EDGE('',*,*,#5077,.F.);
#5079=EDGE_LOOP('',(#5041,#5056,#5064,#5072,#5078));
#5080=FACE_OUTER_BOUND('',#5079,.T.);
#5081=ADVANCED_FACE('',(#5080),#5040,.F.);
#5082=CARTESIAN_POINT('',(-1.099999999999994,8.999999999999993,3.149999999999999));
#5083=DIRECTION('',(0.0,-1.0,0.0));
#5084=DIRECTION('',(0.0,0.0,-1.0));
#5085=AXIS2_PLACEMENT_3D('',#5082,#5083,#5084);
#5086=PLANE('',#5085);
#5087=CARTESIAN_POINT('',(0.999999999999988,8.999999999999993,2.999999999999989));
#5088=DIRECTION('',(-1.0,0.0,0.0));
#5089=VECTOR('',#5088,1.999999999999976);
#5090=LINE('',#5087,#5089);
#5091=EDGE_CURVE('',#5066,#4997,#5090,.T.);
#5092=ORIENTED_EDGE('',*,*,#5091,.F.);
#5093=ORIENTED_EDGE('',*,*,#5071,.F.);
#5094=CARTESIAN_POINT('',(-0.999999999999988,8.999999999999993,0.0));
#5095=DIRECTION('',(1.0,0.0,0.0));
#5096=VECTOR('',#5095,1.999999999999976);
#5097=LINE('',#5094,#5096);
#5098=EDGE_CURVE('',#5005,#5058,#5097,.T.);
#5099=ORIENTED_EDGE('',*,*,#5098,.F.);
#5100=ORIENTED_EDGE('',*,*,#5010,.T.);
#5101=EDGE_LOOP('',(#5092,#5093,#5099,#5100));
#5102=FACE_OUTER_BOUND('',#5101,.T.);
#5103=ADVANCED_FACE('',(#5102),#5086,.F.);
#5104=CARTESIAN_POINT('',(-1.099999999999994,8.91999999999998,2.999999999999989));
#5105=DIRECTION('',(0.0,0.0,1.0));
#5106=DIRECTION('',(1.0,0.0,0.0));
#5107=AXIS2_PLACEMENT_3D('',#5104,#5105,#5106);
#5108=PLANE('',#5107);
#5109=ORIENTED_EDGE('',*,*,#4780,.F.);
#5110=ORIENTED_EDGE('',*,*,#5077,.T.);
#5111=ORIENTED_EDGE('',*,*,#5091,.T.);
#5112=ORIENTED_EDGE('',*,*,#5002,.T.);
#5113=ORIENTED_EDGE('',*,*,#4746,.F.);
#5114=ORIENTED_EDGE('',*,*,#4446,.F.);
#5115=ORIENTED_EDGE('',*,*,#4664,.F.);
#5116=ORIENTED_EDGE('',*,*,#4907,.F.);
#5117=EDGE_LOOP('',(#5109,#5110,#5111,#5112,#5113,#5114,#5115,#5116));
#5118=FACE_OUTER_BOUND('',#5117,.T.);
#5119=ADVANCED_FACE('',(#5118),#5108,.F.);
#5120=CARTESIAN_POINT('',(0.0,0.0,152.73333333333326));
#5121=DIRECTION('',(0.0,0.0,1.0));
#5122=DIRECTION('',(0.0,1.0,0.0));
#5123=AXIS2_PLACEMENT_3D('',#5120,#5121,#5122);
#5124=CONICAL_SURFACE('',#5123,25.399999999999999,5.906141113770507);
#5125=ORIENTED_EDGE('',*,*,#5031,.T.);
#5126=CARTESIAN_POINT('',(0.0,0.0,0.0));
#5127=DIRECTION('',(0.0,0.0,1.0));
#5128=DIRECTION('',(-1.0,0.0,0.0));
#5129=AXIS2_PLACEMENT_3D('',#5126,#5127,#5128);
#5130=CIRCLE('',#5129,9.600000000000005);
#5131=EDGE_CURVE('',#5013,#5043,#5130,.T.);
#5132=ORIENTED_EDGE('',*,*,#5131,.T.);
#5133=ORIENTED_EDGE('',*,*,#5055,.T.);
#5134=ORIENTED_EDGE('',*,*,#4763,.T.);
#5135=EDGE_LOOP('',(#5125,#5132,#5133,#5134));
#5136=FACE_OUTER_BOUND('',#5135,.T.);
#5137=ADVANCED_FACE('',(#5136),#5124,.T.);
#5138=CARTESIAN_POINT('',(10.545628237988387,-10.557388730491207,0.0));
#5139=DIRECTION('',(0.0,0.0,-1.0));
#5140=DIRECTION('',(-1.0,0.0,0.0));
#5141=AXIS2_PLACEMENT_3D('',#5138,#5139,#5140);
#5142=PLANE('',#5141);
#5143=ORIENTED_EDGE('',*,*,#5018,.T.);
#5144=ORIENTED_EDGE('',*,*,#5098,.T.);
#5145=ORIENTED_EDGE('',*,*,#5063,.T.);
#5146=ORIENTED_EDGE('',*,*,#5131,.F.);
#5147=EDGE_LOOP('',(#5143,#5144,#5145,#5146));
#5148=FACE_OUTER_BOUND('',#5147,.T.);
#5149=ORIENTED_EDGE('',*,*,#2128,.T.);
#5150=ORIENTED_EDGE('',*,*,#2376,.T.);
#5151=ORIENTED_EDGE('',*,*,#2354,.T.);
#5152=ORIENTED_EDGE('',*,*,#2325,.T.);
#5153=ORIENTED_EDGE('',*,*,#2301,.T.);
#5154=ORIENTED_EDGE('',*,*,#2277,.T.);
#5155=ORIENTED_EDGE('',*,*,#2253,.T.);
#5156=ORIENTED_EDGE('',*,*,#2229,.T.);
#5157=ORIENTED_EDGE('',*,*,#2205,.T.);
#5158=ORIENTED_EDGE('',*,*,#2181,.T.);
#5159=ORIENTED_EDGE('',*,*,#2157,.T.);
#5160=EDGE_LOOP('',(#5149,#5150,#5151,#5152,#5153,#5154,#5155,#5156,#5157,#5158,#5159));
#5161=FACE_BOUND('',#5160,.T.);
#5162=ORIENTED_EDGE('',*,*,#2560,.T.);
#5163=ORIENTED_EDGE('',*,*,#2999,.T.);
#5164=ORIENTED_EDGE('',*,*,#2977,.T.);
#5165=ORIENTED_EDGE('',*,*,#2953,.T.);
#5166=ORIENTED_EDGE('',*,*,#2924,.T.);
#5167=ORIENTED_EDGE('',*,*,#2895,.T.);
#5168=ORIENTED_EDGE('',*,*,#2866,.T.);
#5169=ORIENTED_EDGE('',*,*,#2837,.T.);
#5170=ORIENTED_EDGE('',*,*,#2808,.T.);
#5171=ORIENTED_EDGE('',*,*,#2784,.T.);
#5172=ORIENTED_EDGE('',*,*,#2760,.T.);
#5173=ORIENTED_EDGE('',*,*,#2736,.T.);
#5174=ORIENTED_EDGE('',*,*,#2712,.T.);
#5175=ORIENTED_EDGE('',*,*,#2683,.T.);
#5176=ORIENTED_EDGE('',*,*,#2654,.T.);
#5177=ORIENTED_EDGE('',*,*,#2625,.T.);
#5178=ORIENTED_EDGE('',*,*,#2594,.T.);
#5179=EDGE_LOOP('',(#5162,#5163,#5164,#5165,#5166,#5167,#5168,#5169,#5170,#5171,#5172,#5173,#5174,#5175,#5176,#5177,#5178));
#5180=FACE_BOUND('',#5179,.T.);
#5181=ORIENTED_EDGE('',*,*,#3025,.T.);
#5182=ORIENTED_EDGE('',*,*,#3064,.T.);
#5183=ORIENTED_EDGE('',*,*,#3095,.T.);
#5184=ORIENTED_EDGE('',*,*,#3131,.T.);
#5185=ORIENTED_EDGE('',*,*,#3168,.T.);
#5186=ORIENTED_EDGE('',*,*,#3205,.T.);
#5187=ORIENTED_EDGE('',*,*,#3242,.T.);
#5188=ORIENTED_EDGE('',*,*,#3279,.T.);
#5189=ORIENTED_EDGE('',*,*,#3311,.T.);
#5190=ORIENTED_EDGE('',*,*,#3342,.T.);
#5191=ORIENTED_EDGE('',*,*,#3373,.T.);
#5192=ORIENTED_EDGE('',*,*,#3409,.T.);
#5193=ORIENTED_EDGE('',*,*,#3446,.T.);
#5194=ORIENTED_EDGE('',*,*,#3483,.T.);
#5195=ORIENTED_EDGE('',*,*,#3520,.T.);
#5196=ORIENTED_EDGE('',*,*,#3557,.T.);
#5197=ORIENTED_EDGE('',*,*,#3589,.T.);
#5198=ORIENTED_EDGE('',*,*,#3620,.T.);
#5199=ORIENTED_EDGE('',*,*,#3656,.T.);
#5200=ORIENTED_EDGE('',*,*,#3693,.T.);
#5201=ORIENTED_EDGE('',*,*,#3730,.T.);
#5202=ORIENTED_EDGE('',*,*,#3767,.T.);
#5203=ORIENTED_EDGE('',*,*,#3799,.T.);
#5204=ORIENTED_EDGE('',*,*,#3835,.T.);
#5205=ORIENTED_EDGE('',*,*,#3872,.T.);
#5206=ORIENTED_EDGE('',*,*,#3909,.T.);
#5207=ORIENTED_EDGE('',*,*,#3944,.T.);
#5208=EDGE_LOOP('',(#5181,#5182,#5183,#5184,#5185,#5186,#5187,#5188,#5189,#5190,#5191,#5192,#5193,#5194,#5195,#5196,#5197,#5198,#5199,#5200,#5201,#5202,#5203,#5204,#5205,#5206,#5207));
#5209=FACE_BOUND('',#5208,.T.);
#5210=CARTESIAN_POINT('',(5.39999999999999,-2.000000000000001,0.0));
#5211=VERTEX_POINT('',#5210);
#5212=CARTESIAN_POINT('',(6.699999999999998,-2.000000000000001,0.0));
#5213=VERTEX_POINT('',#5212);
#5214=CARTESIAN_POINT('',(5.39999999999999,-2.000000000000001,0.0));
#5215=DIRECTION('',(1.0,0.0,0.0));
#5216=VECTOR('',#5215,1.300000000000008);
#5217=LINE('',#5214,#5216);
#5218=EDGE_CURVE('',#5211,#5213,#5217,.T.);
#5219=ORIENTED_EDGE('',*,*,#5218,.T.);
#5220=CARTESIAN_POINT('',(6.699999999999998,-3.149999999999999,0.0));
#5221=VERTEX_POINT('',#5220);
#5222=CARTESIAN_POINT('',(6.699999999999998,-2.000000000000001,0.0));
#5223=DIRECTION('',(0.0,-1.0,0.0));
#5224=VECTOR('',#5223,1.149999999999998);
#5225=LINE('',#5222,#5224);
#5226=EDGE_CURVE('',#5213,#5221,#5225,.T.);
#5227=ORIENTED_EDGE('',*,*,#5226,.T.);
#5228=CARTESIAN_POINT('',(7.499999999999996,-3.149999999999999,0.0));
#5229=VERTEX_POINT('',#5228);
#5230=CARTESIAN_POINT('',(6.699999999999998,-3.149999999999999,0.0));
#5231=DIRECTION('',(1.0,0.0,0.0));
#5232=VECTOR('',#5231,0.8);
#5233=LINE('',#5230,#5232);
#5234=EDGE_CURVE('',#5221,#5229,#5233,.T.);
#5235=ORIENTED_EDGE('',*,*,#5234,.T.);
#5236=CARTESIAN_POINT('',(7.499999999999996,-2.000000000000001,0.0));
#5237=VERTEX_POINT('',#5236);
#5238=CARTESIAN_POINT('',(7.499999999999996,-3.149999999999999,0.0));
#5239=DIRECTION('',(0.0,1.0,0.0));
#5240=VECTOR('',#5239,1.149999999999998);
#5241=LINE('',#5238,#5240);
#5242=EDGE_CURVE('',#5229,#5237,#5241,.T.);
#5243=ORIENTED_EDGE('',*,*,#5242,.T.);
#5244=CARTESIAN_POINT('',(8.800000000000004,-2.000000000000001,0.0));
#5245=VERTEX_POINT('',#5244);
#5246=CARTESIAN_POINT('',(7.499999999999996,-2.000000000000001,0.0));
#5247=DIRECTION('',(1.0,0.0,0.0));
#5248=VECTOR('',#5247,1.300000000000008);
#5249=LINE('',#5246,#5248);
#5250=EDGE_CURVE('',#5237,#5245,#5249,.T.);
#5251=ORIENTED_EDGE('',*,*,#5250,.T.);
#5252=CARTESIAN_POINT('',(8.800000000000004,2.000000000000001,0.0));
#5253=VERTEX_POINT('',#5252);
#5254=CARTESIAN_POINT('',(8.800000000000004,-2.000000000000001,0.0));
#5255=DIRECTION('',(0.0,1.0,0.0));
#5256=VECTOR('',#5255,4.000000000000002);
#5257=LINE('',#5254,#5256);
#5258=EDGE_CURVE('',#5245,#5253,#5257,.T.);
#5259=ORIENTED_EDGE('',*,*,#5258,.T.);
#5260=CARTESIAN_POINT('',(7.499999999999996,2.000000000000001,0.0));
#5261=VERTEX_POINT('',#5260);
#5262=CARTESIAN_POINT('',(8.800000000000004,2.000000000000001,0.0));
#5263=DIRECTION('',(-1.0,0.0,0.0));
#5264=VECTOR('',#5263,1.300000000000008);
#5265=LINE('',#5262,#5264);
#5266=EDGE_CURVE('',#5253,#5261,#5265,.T.);
#5267=ORIENTED_EDGE('',*,*,#5266,.T.);
#5268=CARTESIAN_POINT('',(7.499999999999996,3.149999999999999,0.0));
#5269=VERTEX_POINT('',#5268);
#5270=CARTESIAN_POINT('',(7.499999999999996,2.000000000000001,0.0));
#5271=DIRECTION('',(0.0,1.0,0.0));
#5272=VECTOR('',#5271,1.149999999999998);
#5273=LINE('',#5270,#5272);
#5274=EDGE_CURVE('',#5261,#5269,#5273,.T.);
#5275=ORIENTED_EDGE('',*,*,#5274,.T.);
#5276=CARTESIAN_POINT('',(6.699999999999998,3.149999999999999,0.0));
#5277=VERTEX_POINT('',#5276);
#5278=CARTESIAN_POINT('',(7.499999999999996,3.149999999999999,0.0));
#5279=DIRECTION('',(-1.0,0.0,0.0));
#5280=VECTOR('',#5279,0.8);
#5281=LINE('',#5278,#5280);
#5282=EDGE_CURVE('',#5269,#5277,#5281,.T.);
#5283=ORIENTED_EDGE('',*,*,#5282,.T.);
#5284=CARTESIAN_POINT('',(6.699999999999998,2.000000000000001,0.0));
#5285=VERTEX_POINT('',#5284);
#5286=CARTESIAN_POINT('',(6.699999999999998,3.149999999999999,0.0));
#5287=DIRECTION('',(0.0,-1.0,0.0));
#5288=VECTOR('',#5287,1.149999999999998);
#5289=LINE('',#5286,#5288);
#5290=EDGE_CURVE('',#5277,#5285,#5289,.T.);
#5291=ORIENTED_EDGE('',*,*,#5290,.T.);
#5292=CARTESIAN_POINT('',(5.39999999999999,2.000000000000001,0.0));
#5293=VERTEX_POINT('',#5292);
#5294=CARTESIAN_POINT('',(6.699999999999998,2.000000000000001,0.0));
#5295=DIRECTION('',(-1.0,0.0,0.0));
#5296=VECTOR('',#5295,1.300000000000008);
#5297=LINE('',#5294,#5296);
#5298=EDGE_CURVE('',#5285,#5293,#5297,.T.);
#5299=ORIENTED_EDGE('',*,*,#5298,.T.);
#5300=CARTESIAN_POINT('',(5.39999999999999,2.000000000000001,0.0));
#5301=DIRECTION('',(0.0,-1.0,0.0));
#5302=VECTOR('',#5301,4.000000000000002);
#5303=LINE('',#5300,#5302);
#5304=EDGE_CURVE('',#5293,#5211,#5303,.T.);
#5305=ORIENTED_EDGE('',*,*,#5304,.T.);
#5306=EDGE_LOOP('',(#5219,#5227,#5235,#5243,#5251,#5259,#5267,#5275,#5283,#5291,#5299,#5305));
#5307=FACE_BOUND('',#5306,.T.);
#5308=CARTESIAN_POINT('',(-1.700000000000007,-2.000000000000001,0.0));
#5309=VERTEX_POINT('',#5308);
#5310=CARTESIAN_POINT('',(-1.700000000000007,-2.000000000000001,0.0));
#5311=DIRECTION('',(1.0,0.0,0.0));
#5312=VECTOR('',#5311,1.300000000000007);
#5313=LINE('',#5310,#5312);
#5314=EDGE_CURVE('',#5309,#738,#5313,.T.);
#5315=ORIENTED_EDGE('',*,*,#5314,.T.);
#5316=ORIENTED_EDGE('',*,*,#745,.T.);
#5317=ORIENTED_EDGE('',*,*,#1328,.T.);
#5318=ORIENTED_EDGE('',*,*,#981,.T.);
#5319=CARTESIAN_POINT('',(1.700000000000007,-2.000000000000001,0.0));
#5320=VERTEX_POINT('',#5319);
#5321=CARTESIAN_POINT('',(0.4,-2.000000000000001,0.0));
#5322=DIRECTION('',(1.0,0.0,0.0));
#5323=VECTOR('',#5322,1.300000000000007);
#5324=LINE('',#5321,#5323);
#5325=EDGE_CURVE('',#976,#5320,#5324,.T.);
#5326=ORIENTED_EDGE('',*,*,#5325,.T.);
#5327=CARTESIAN_POINT('',(1.700000000000007,2.000000000000001,0.0));
#5328=VERTEX_POINT('',#5327);
#5329=CARTESIAN_POINT('',(1.700000000000007,-2.000000000000001,0.0));
#5330=DIRECTION('',(0.0,1.0,0.0));
#5331=VECTOR('',#5330,4.000000000000002);
#5332=LINE('',#5329,#5331);
#5333=EDGE_CURVE('',#5320,#5328,#5332,.T.);
#5334=ORIENTED_EDGE('',*,*,#5333,.T.);
#5335=CARTESIAN_POINT('',(1.700000000000007,2.000000000000001,0.0));
#5336=DIRECTION('',(-1.0,0.0,0.0));
#5337=VECTOR('',#5336,1.300000000000007);
#5338=LINE('',#5335,#5337);
#5339=EDGE_CURVE('',#5328,#1081,#5338,.T.);
#5340=ORIENTED_EDGE('',*,*,#5339,.T.);
#5341=ORIENTED_EDGE('',*,*,#1086,.T.);
#5342=ORIENTED_EDGE('',*,*,#1304,.T.);
#5343=ORIENTED_EDGE('',*,*,#777,.T.);
#5344=CARTESIAN_POINT('',(-1.700000000000007,2.000000000000001,0.0));
#5345=VERTEX_POINT('',#5344);
#5346=CARTESIAN_POINT('',(-0.4,2.000000000000001,0.0));
#5347=DIRECTION('',(-1.0,0.0,0.0));
#5348=VECTOR('',#5347,1.300000000000007);
#5349=LINE('',#5346,#5348);
#5350=EDGE_CURVE('',#764,#5345,#5349,.T.);
#5351=ORIENTED_EDGE('',*,*,#5350,.T.);
#5352=CARTESIAN_POINT('',(-1.700000000000007,2.000000000000001,0.0));
#5353=DIRECTION('',(0.0,-1.0,0.0));
#5354=VECTOR('',#5353,4.000000000000002);
#5355=LINE('',#5352,#5354);
#5356=EDGE_CURVE('',#5345,#5309,#5355,.T.);
#5357=ORIENTED_EDGE('',*,*,#5356,.T.);
#5358=EDGE_LOOP('',(#5315,#5316,#5317,#5318,#5326,#5334,#5340,#5341,#5342,#5343,#5351,#5357));
#5359=FACE_BOUND('',#5358,.T.);
#5360=CARTESIAN_POINT('',(-8.800000000000004,2.000000000000001,0.0));
#5361=VERTEX_POINT('',#5360);
#5362=CARTESIAN_POINT('',(-7.499999999999996,2.000000000000001,0.0));
#5363=DIRECTION('',(-1.0,0.0,0.0));
#5364=VECTOR('',#5363,1.300000000000008);
#5365=LINE('',#5362,#5364);
#5366=EDGE_CURVE('',#100,#5361,#5365,.T.);
#5367=ORIENTED_EDGE('',*,*,#5366,.T.);
#5368=CARTESIAN_POINT('',(-8.800000000000004,-2.000000000000001,0.0));
#5369=VERTEX_POINT('',#5368);
#5370=CARTESIAN_POINT('',(-8.800000000000004,2.000000000000001,0.0));
#5371=DIRECTION('',(0.0,-1.0,0.0));
#5372=VECTOR('',#5371,4.000000000000002);
#5373=LINE('',#5370,#5372);
#5374=EDGE_CURVE('',#5361,#5369,#5373,.T.);
#5375=ORIENTED_EDGE('',*,*,#5374,.T.);
#5376=CARTESIAN_POINT('',(-8.800000000000004,-2.000000000000001,0.0));
#5377=DIRECTION('',(1.0,0.0,0.0));
#5378=VECTOR('',#5377,1.300000000000008);
#5379=LINE('',#5376,#5378);
#5380=EDGE_CURVE('',#5369,#74,#5379,.T.);
#5381=ORIENTED_EDGE('',*,*,#5380,.T.);
#5382=ORIENTED_EDGE('',*,*,#81,.T.);
#5383=ORIENTED_EDGE('',*,*,#664,.T.);
#5384=ORIENTED_EDGE('',*,*,#317,.T.);
#5385=CARTESIAN_POINT('',(-5.39999999999999,-2.000000000000001,0.0));
#5386=VERTEX_POINT('',#5385);
#5387=CARTESIAN_POINT('',(-6.699999999999998,-2.000000000000001,0.0));
#5388=DIRECTION('',(1.0,0.0,0.0));
#5389=VECTOR('',#5388,1.300000000000008);
#5390=LINE('',#5387,#5389);
#5391=EDGE_CURVE('',#312,#5386,#5390,.T.);
#5392=ORIENTED_EDGE('',*,*,#5391,.T.);
#5393=CARTESIAN_POINT('',(-5.39999999999999,2.000000000000001,0.0));
#5394=VERTEX_POINT('',#5393);
#5395=CARTESIAN_POINT('',(-5.39999999999999,-2.000000000000001,0.0));
#5396=DIRECTION('',(0.0,1.0,0.0));
#5397=VECTOR('',#5396,4.000000000000002);
#5398=LINE('',#5395,#5397);
#5399=EDGE_CURVE('',#5386,#5394,#5398,.T.);
#5400=ORIENTED_EDGE('',*,*,#5399,.T.);
#5401=CARTESIAN_POINT('',(-5.39999999999999,2.000000000000001,0.0));
#5402=DIRECTION('',(-1.0,0.0,0.0));
#5403=VECTOR('',#5402,1.300000000000008);
#5404=LINE('',#5401,#5403);
#5405=EDGE_CURVE('',#5394,#417,#5404,.T.);
#5406=ORIENTED_EDGE('',*,*,#5405,.T.);
#5407=ORIENTED_EDGE('',*,*,#422,.T.);
#5408=ORIENTED_EDGE('',*,*,#640,.T.);
#5409=ORIENTED_EDGE('',*,*,#113,.T.);
#5410=EDGE_LOOP('',(#5367,#5375,#5381,#5382,#5383,#5384,#5392,#5400,#5406,#5407,#5408,#5409));
#5411=FACE_BOUND('',#5410,.T.);
#5412=ADVANCED_FACE('',(#5148,#5161,#5180,#5209,#5307,#5359,#5411),#5142,.T.);
#5413=CARTESIAN_POINT('',(5.39999999999999,-2.199999999999988,-1.049999999999991));
#5414=DIRECTION('',(-1.0,0.0,0.0));
#5415=DIRECTION('',(0.0,0.0,1.0));
#5416=AXIS2_PLACEMENT_3D('',#5413,#5414,#5415);
#5417=PLANE('',#5416);
#5418=CARTESIAN_POINT('',(5.39999999999999,2.000000000000001,-0.999999999999988));
#5419=VERTEX_POINT('',#5418);
#5420=CARTESIAN_POINT('',(5.39999999999999,-2.000000000000001,-0.999999999999988));
#5421=VERTEX_POINT('',#5420);
#5422=CARTESIAN_POINT('',(5.39999999999999,2.000000000000001,-0.999999999999988));
#5423=DIRECTION('',(0.0,-1.0,0.0));
#5424=VECTOR('',#5423,4.000000000000002);
#5425=LINE('',#5422,#5424);
#5426=EDGE_CURVE('',#5419,#5421,#5425,.T.);
#5427=ORIENTED_EDGE('',*,*,#5426,.T.);
#5428=CARTESIAN_POINT('',(5.39999999999999,-2.000000000000001,0.0));
#5429=DIRECTION('',(0.0,0.0,-1.0));
#5430=VECTOR('',#5429,0.999999999999988);
#5431=LINE('',#5428,#5430);
#5432=EDGE_CURVE('',#5211,#5421,#5431,.T.);
#5433=ORIENTED_EDGE('',*,*,#5432,.F.);
#5434=ORIENTED_EDGE('',*,*,#5304,.F.);
#5435=CARTESIAN_POINT('',(5.39999999999999,2.000000000000001,0.0));
#5436=DIRECTION('',(0.0,0.0,-1.0));
#5437=VECTOR('',#5436,0.999999999999988);
#5438=LINE('',#5435,#5437);
#5439=EDGE_CURVE('',#5293,#5419,#5438,.T.);
#5440=ORIENTED_EDGE('',*,*,#5439,.T.);
#5441=EDGE_LOOP('',(#5427,#5433,#5434,#5440));
#5442=FACE_OUTER_BOUND('',#5441,.T.);
#5443=ADVANCED_FACE('',(#5442),#5417,.T.);
#5444=CARTESIAN_POINT('',(5.334999999999996,-2.000000000000001,0.050000000000003));
#5445=DIRECTION('',(0.0,-1.0,0.0));
#5446=DIRECTION('',(0.0,0.0,-1.0));
#5447=AXIS2_PLACEMENT_3D('',#5444,#5445,#5446);
#5448=PLANE('',#5447);
#5449=CARTESIAN_POINT('',(6.699999999999998,-2.000000000000001,-0.999999999999988));
#5450=VERTEX_POINT('',#5449);
#5451=CARTESIAN_POINT('',(5.39999999999999,-2.000000000000001,-0.999999999999988));
#5452=DIRECTION('',(1.0,0.0,0.0));
#5453=VECTOR('',#5452,1.300000000000008);
#5454=LINE('',#5451,#5453);
#5455=EDGE_CURVE('',#5421,#5450,#5454,.T.);
#5456=ORIENTED_EDGE('',*,*,#5455,.T.);
#5457=CARTESIAN_POINT('',(6.699999999999998,-2.000000000000001,0.0));
#5458=DIRECTION('',(0.0,0.0,-1.0));
#5459=VECTOR('',#5458,0.999999999999988);
#5460=LINE('',#5457,#5459);
#5461=EDGE_CURVE('',#5213,#5450,#5460,.T.);
#5462=ORIENTED_EDGE('',*,*,#5461,.F.);
#5463=ORIENTED_EDGE('',*,*,#5218,.F.);
#5464=ORIENTED_EDGE('',*,*,#5432,.T.);
#5465=EDGE_LOOP('',(#5456,#5462,#5463,#5464));
#5466=FACE_OUTER_BOUND('',#5465,.T.);
#5467=ADVANCED_FACE('',(#5466),#5448,.T.);
#5468=CARTESIAN_POINT('',(5.334999999999996,2.000000000000001,-1.049999999999991));
#5469=DIRECTION('',(0.0,1.0,0.0));
#5470=DIRECTION('',(0.0,0.0,1.0));
#5471=AXIS2_PLACEMENT_3D('',#5468,#5469,#5470);
#5472=PLANE('',#5471);
#5473=CARTESIAN_POINT('',(6.699999999999998,2.000000000000001,-0.999999999999988));
#5474=VERTEX_POINT('',#5473);
#5475=CARTESIAN_POINT('',(6.699999999999998,2.000000000000001,-0.999999999999988));
#5476=DIRECTION('',(-1.0,0.0,0.0));
#5477=VECTOR('',#5476,1.300000000000008);
#5478=LINE('',#5475,#5477);
#5479=EDGE_CURVE('',#5474,#5419,#5478,.T.);
#5480=ORIENTED_EDGE('',*,*,#5479,.T.);
#5481=ORIENTED_EDGE('',*,*,#5439,.F.);
#5482=ORIENTED_EDGE('',*,*,#5298,.F.);
#5483=CARTESIAN_POINT('',(6.699999999999998,2.000000000000001,0.0));
#5484=DIRECTION('',(0.0,0.0,-1.0));
#5485=VECTOR('',#5484,0.999999999999988);
#5486=LINE('',#5483,#5485);
#5487=EDGE_CURVE('',#5285,#5474,#5486,.T.);
#5488=ORIENTED_EDGE('',*,*,#5487,.T.);
#5489=EDGE_LOOP('',(#5480,#5481,#5482,#5488));
#5490=FACE_OUTER_BOUND('',#5489,.T.);
#5491=ADVANCED_FACE('',(#5490),#5472,.T.);
#5492=CARTESIAN_POINT('',(5.334999999999996,-2.199999999999988,-0.999999999999988));
#5493=DIRECTION('',(0.0,0.0,1.0));
#5494=DIRECTION('',(1.0,0.0,0.0));
#5495=AXIS2_PLACEMENT_3D('',#5492,#5493,#5494);
#5496=PLANE('',#5495);
#5497=ORIENTED_EDGE('',*,*,#5426,.F.);
#5498=ORIENTED_EDGE('',*,*,#5479,.F.);
#5499=CARTESIAN_POINT('',(6.699999999999998,-2.000000000000001,-0.999999999999988));
#5500=DIRECTION('',(0.0,1.0,0.0));
#5501=VECTOR('',#5500,4.000000000000002);
#5502=LINE('',#5499,#5501);
#5503=EDGE_CURVE('',#5450,#5474,#5502,.T.);
#5504=ORIENTED_EDGE('',*,*,#5503,.F.);
#5505=ORIENTED_EDGE('',*,*,#5455,.F.);
#5506=EDGE_LOOP('',(#5497,#5498,#5504,#5505));
#5507=FACE_OUTER_BOUND('',#5506,.T.);
#5508=ADVANCED_FACE('',(#5507),#5496,.F.);
#5509=CARTESIAN_POINT('',(7.435000000000004,2.000000000000001,-1.049999999999991));
#5510=DIRECTION('',(0.0,1.0,0.0));
#5511=DIRECTION('',(0.0,0.0,1.0));
#5512=AXIS2_PLACEMENT_3D('',#5509,#5510,#5511);
#5513=PLANE('',#5512);
#5514=CARTESIAN_POINT('',(8.800000000000004,2.000000000000001,-0.999999999999988));
#5515=VERTEX_POINT('',#5514);
#5516=CARTESIAN_POINT('',(7.499999999999996,2.000000000000001,-0.999999999999988));
#5517=VERTEX_POINT('',#5516);
#5518=CARTESIAN_POINT('',(8.800000000000004,2.000000000000001,-0.999999999999988));
#5519=DIRECTION('',(-1.0,0.0,0.0));
#5520=VECTOR('',#5519,1.300000000000008);
#5521=LINE('',#5518,#5520);
#5522=EDGE_CURVE('',#5515,#5517,#5521,.T.);
#5523=ORIENTED_EDGE('',*,*,#5522,.T.);
#5524=CARTESIAN_POINT('',(7.499999999999996,2.000000000000001,0.0));
#5525=DIRECTION('',(0.0,0.0,-1.0));
#5526=VECTOR('',#5525,0.999999999999988);
#5527=LINE('',#5524,#5526);
#5528=EDGE_CURVE('',#5261,#5517,#5527,.T.);
#5529=ORIENTED_EDGE('',*,*,#5528,.F.);
#5530=ORIENTED_EDGE('',*,*,#5266,.F.);
#5531=CARTESIAN_POINT('',(8.800000000000004,2.000000000000001,0.0));
#5532=DIRECTION('',(0.0,0.0,-1.0));
#5533=VECTOR('',#5532,0.999999999999988);
#5534=LINE('',#5531,#5533);
#5535=EDGE_CURVE('',#5253,#5515,#5534,.T.);
#5536=ORIENTED_EDGE('',*,*,#5535,.T.);
#5537=EDGE_LOOP('',(#5523,#5529,#5530,#5536));
#5538=FACE_OUTER_BOUND('',#5537,.T.);
#5539=ADVANCED_FACE('',(#5538),#5513,.T.);
#5540=CARTESIAN_POINT('',(7.435000000000004,-2.000000000000001,0.050000000000003));
#5541=DIRECTION('',(0.0,-1.0,0.0));
#5542=DIRECTION('',(0.0,0.0,-1.0));
#5543=AXIS2_PLACEMENT_3D('',#5540,#5541,#5542);
#5544=PLANE('',#5543);
#5545=CARTESIAN_POINT('',(7.499999999999996,-2.000000000000001,-0.999999999999988));
#5546=VERTEX_POINT('',#5545);
#5547=CARTESIAN_POINT('',(8.800000000000004,-2.000000000000001,-0.999999999999988));
#5548=VERTEX_POINT('',#5547);
#5549=CARTESIAN_POINT('',(7.499999999999996,-2.000000000000001,-0.999999999999988));
#5550=DIRECTION('',(1.0,0.0,0.0));
#5551=VECTOR('',#5550,1.300000000000008);
#5552=LINE('',#5549,#5551);
#5553=EDGE_CURVE('',#5546,#5548,#5552,.T.);
#5554=ORIENTED_EDGE('',*,*,#5553,.T.);
#5555=CARTESIAN_POINT('',(8.800000000000004,-2.000000000000001,0.0));
#5556=DIRECTION('',(0.0,0.0,-1.0));
#5557=VECTOR('',#5556,0.999999999999988);
#5558=LINE('',#5555,#5557);
#5559=EDGE_CURVE('',#5245,#5548,#5558,.T.);
#5560=ORIENTED_EDGE('',*,*,#5559,.F.);
#5561=ORIENTED_EDGE('',*,*,#5250,.F.);
#5562=CARTESIAN_POINT('',(7.499999999999996,-2.000000000000001,0.0));
#5563=DIRECTION('',(0.0,0.0,-1.0));
#5564=VECTOR('',#5563,0.999999999999988);
#5565=LINE('',#5562,#5564);
#5566=EDGE_CURVE('',#5237,#5546,#5565,.T.);
#5567=ORIENTED_EDGE('',*,*,#5566,.T.);
#5568=EDGE_LOOP('',(#5554,#5560,#5561,#5567));
#5569=FACE_OUTER_BOUND('',#5568,.T.);
#5570=ADVANCED_FACE('',(#5569),#5544,.T.);
#5571=CARTESIAN_POINT('',(8.800000000000004,-2.199999999999988,0.050000000000003));
#5572=DIRECTION('',(1.0,0.0,0.0));
#5573=DIRECTION('',(0.0,0.0,-1.0));
#5574=AXIS2_PLACEMENT_3D('',#5571,#5572,#5573);
#5575=PLANE('',#5574);
#5576=CARTESIAN_POINT('',(8.800000000000004,-2.000000000000001,-0.999999999999988));
#5577=DIRECTION('',(0.0,1.0,0.0));
#5578=VECTOR('',#5577,4.000000000000002);
#5579=LINE('',#5576,#5578);
#5580=EDGE_CURVE('',#5548,#5515,#5579,.T.);
#5581=ORIENTED_EDGE('',*,*,#5580,.T.);
#5582=ORIENTED_EDGE('',*,*,#5535,.F.);
#5583=ORIENTED_EDGE('',*,*,#5258,.F.);
#5584=ORIENTED_EDGE('',*,*,#5559,.T.);
#5585=EDGE_LOOP('',(#5581,#5582,#5583,#5584));
#5586=FACE_OUTER_BOUND('',#5585,.T.);
#5587=ADVANCED_FACE('',(#5586),#5575,.T.);
#5588=CARTESIAN_POINT('',(7.435000000000004,-2.199999999999988,-0.999999999999988));
#5589=DIRECTION('',(0.0,0.0,1.0));
#5590=DIRECTION('',(1.0,0.0,0.0));
#5591=AXIS2_PLACEMENT_3D('',#5588,#5589,#5590);
#5592=PLANE('',#5591);
#5593=ORIENTED_EDGE('',*,*,#5522,.F.);
#5594=ORIENTED_EDGE('',*,*,#5580,.F.);
#5595=ORIENTED_EDGE('',*,*,#5553,.F.);
#5596=CARTESIAN_POINT('',(7.499999999999996,2.000000000000001,-0.999999999999988));
#5597=DIRECTION('',(0.0,-1.0,0.0));
#5598=VECTOR('',#5597,4.000000000000002);
#5599=LINE('',#5596,#5598);
#5600=EDGE_CURVE('',#5517,#5546,#5599,.T.);
#5601=ORIENTED_EDGE('',*,*,#5600,.F.);
#5602=EDGE_LOOP('',(#5593,#5594,#5595,#5601));
#5603=FACE_OUTER_BOUND('',#5602,.T.);
#5604=ADVANCED_FACE('',(#5603),#5592,.F.);
#5605=CARTESIAN_POINT('',(-1.700000000000007,-2.199999999999988,-1.049999999999991));
#5606=DIRECTION('',(-1.0,0.0,0.0));
#5607=DIRECTION('',(0.0,0.0,1.0));
#5608=AXIS2_PLACEMENT_3D('',#5605,#5606,#5607);
#5609=PLANE('',#5608);
#5610=CARTESIAN_POINT('',(-1.700000000000007,2.000000000000001,-0.999999999999988));
#5611=VERTEX_POINT('',#5610);
#5612=CARTESIAN_POINT('',(-1.700000000000007,-2.000000000000001,-0.999999999999988));
#5613=VERTEX_POINT('',#5612);
#5614=CARTESIAN_POINT('',(-1.700000000000007,2.000000000000001,-0.999999999999988));
#5615=DIRECTION('',(0.0,-1.0,0.0));
#5616=VECTOR('',#5615,4.000000000000002);
#5617=LINE('',#5614,#5616);
#5618=EDGE_CURVE('',#5611,#5613,#5617,.T.);
#5619=ORIENTED_EDGE('',*,*,#5618,.T.);
#5620=CARTESIAN_POINT('',(-1.700000000000007,-2.000000000000001,0.0));
#5621=DIRECTION('',(0.0,0.0,-1.0));
#5622=VECTOR('',#5621,0.999999999999988);
#5623=LINE('',#5620,#5622);
#5624=EDGE_CURVE('',#5309,#5613,#5623,.T.);
#5625=ORIENTED_EDGE('',*,*,#5624,.F.);
#5626=ORIENTED_EDGE('',*,*,#5356,.F.);
#5627=CARTESIAN_POINT('',(-1.700000000000007,2.000000000000001,0.0));
#5628=DIRECTION('',(0.0,0.0,-1.0));
#5629=VECTOR('',#5628,0.999999999999988);
#5630=LINE('',#5627,#5629);
#5631=EDGE_CURVE('',#5345,#5611,#5630,.T.);
#5632=ORIENTED_EDGE('',*,*,#5631,.T.);
#5633=EDGE_LOOP('',(#5619,#5625,#5626,#5632));
#5634=FACE_OUTER_BOUND('',#5633,.T.);
#5635=ADVANCED_FACE('',(#5634),#5609,.T.);
#5636=CARTESIAN_POINT('',(-1.765000000000001,-2.000000000000001,0.050000000000003));
#5637=DIRECTION('',(0.0,-1.0,0.0));
#5638=DIRECTION('',(0.0,0.0,-1.0));
#5639=AXIS2_PLACEMENT_3D('',#5636,#5637,#5638);
#5640=PLANE('',#5639);
#5641=CARTESIAN_POINT('',(-1.700000000000007,-2.000000000000001,-0.999999999999988));
#5642=DIRECTION('',(1.0,0.0,0.0));
#5643=VECTOR('',#5642,1.300000000000007);
#5644=LINE('',#5641,#5643);
#5645=EDGE_CURVE('',#5613,#748,#5644,.T.);
#5646=ORIENTED_EDGE('',*,*,#5645,.T.);
#5647=ORIENTED_EDGE('',*,*,#753,.F.);
#5648=ORIENTED_EDGE('',*,*,#5314,.F.);
#5649=ORIENTED_EDGE('',*,*,#5624,.T.);
#5650=EDGE_LOOP('',(#5646,#5647,#5648,#5649));
#5651=FACE_OUTER_BOUND('',#5650,.T.);
#5652=ADVANCED_FACE('',(#5651),#5640,.T.);
#5653=CARTESIAN_POINT('',(-1.765000000000001,2.000000000000001,-1.049999999999991));
#5654=DIRECTION('',(0.0,1.0,0.0));
#5655=DIRECTION('',(0.0,0.0,1.0));
#5656=AXIS2_PLACEMENT_3D('',#5653,#5654,#5655);
#5657=PLANE('',#5656);
#5658=CARTESIAN_POINT('',(-0.4,2.000000000000001,-0.999999999999988));
#5659=DIRECTION('',(-1.0,0.0,0.0));
#5660=VECTOR('',#5659,1.300000000000007);
#5661=LINE('',#5658,#5660);
#5662=EDGE_CURVE('',#756,#5611,#5661,.T.);
#5663=ORIENTED_EDGE('',*,*,#5662,.T.);
#5664=ORIENTED_EDGE('',*,*,#5631,.F.);
#5665=ORIENTED_EDGE('',*,*,#5350,.F.);
#5666=ORIENTED_EDGE('',*,*,#769,.T.);
#5667=EDGE_LOOP('',(#5663,#5664,#5665,#5666));
#5668=FACE_OUTER_BOUND('',#5667,.T.);
#5669=ADVANCED_FACE('',(#5668),#5657,.T.);
#5670=CARTESIAN_POINT('',(-1.765000000000001,-2.199999999999988,-0.999999999999988));
#5671=DIRECTION('',(0.0,0.0,1.0));
#5672=DIRECTION('',(1.0,0.0,0.0));
#5673=AXIS2_PLACEMENT_3D('',#5670,#5671,#5672);
#5674=PLANE('',#5673);
#5675=ORIENTED_EDGE('',*,*,#5618,.F.);
#5676=ORIENTED_EDGE('',*,*,#5662,.F.);
#5677=ORIENTED_EDGE('',*,*,#761,.F.);
#5678=ORIENTED_EDGE('',*,*,#5645,.F.);
#5679=EDGE_LOOP('',(#5675,#5676,#5677,#5678));
#5680=FACE_OUTER_BOUND('',#5679,.T.);
#5681=ADVANCED_FACE('',(#5680),#5674,.F.);
#5682=CARTESIAN_POINT('',(0.335000000000006,2.000000000000001,-1.049999999999991));
#5683=DIRECTION('',(0.0,1.0,0.0));
#5684=DIRECTION('',(0.0,0.0,1.0));
#5685=AXIS2_PLACEMENT_3D('',#5682,#5683,#5684);
#5686=PLANE('',#5685);
#5687=CARTESIAN_POINT('',(1.700000000000007,2.000000000000001,-0.999999999999988));
#5688=VERTEX_POINT('',#5687);
#5689=CARTESIAN_POINT('',(1.700000000000007,2.000000000000001,-0.999999999999988));
#5690=DIRECTION('',(-1.0,0.0,0.0));
#5691=VECTOR('',#5690,1.300000000000007);
#5692=LINE('',#5689,#5691);
#5693=EDGE_CURVE('',#5688,#1089,#5692,.T.);
#5694=ORIENTED_EDGE('',*,*,#5693,.T.);
#5695=ORIENTED_EDGE('',*,*,#1094,.F.);
#5696=ORIENTED_EDGE('',*,*,#5339,.F.);
#5697=CARTESIAN_POINT('',(1.700000000000007,2.000000000000001,0.0));
#5698=DIRECTION('',(0.0,0.0,-1.0));
#5699=VECTOR('',#5698,0.999999999999988);
#5700=LINE('',#5697,#5699);
#5701=EDGE_CURVE('',#5328,#5688,#5700,.T.);
#5702=ORIENTED_EDGE('',*,*,#5701,.T.);
#5703=EDGE_LOOP('',(#5694,#5695,#5696,#5702));
#5704=FACE_OUTER_BOUND('',#5703,.T.);
#5705=ADVANCED_FACE('',(#5704),#5686,.T.);
#5706=CARTESIAN_POINT('',(0.335000000000006,-2.000000000000001,0.050000000000003));
#5707=DIRECTION('',(0.0,-1.0,0.0));
#5708=DIRECTION('',(0.0,0.0,-1.0));
#5709=AXIS2_PLACEMENT_3D('',#5706,#5707,#5708);
#5710=PLANE('',#5709);
#5711=CARTESIAN_POINT('',(1.700000000000007,-2.000000000000001,-0.999999999999988));
#5712=VERTEX_POINT('',#5711);
#5713=CARTESIAN_POINT('',(0.4,-2.000000000000001,-0.999999999999988));
#5714=DIRECTION('',(1.0,0.0,0.0));
#5715=VECTOR('',#5714,1.300000000000007);
#5716=LINE('',#5713,#5715);
#5717=EDGE_CURVE('',#1097,#5712,#5716,.T.);
#5718=ORIENTED_EDGE('',*,*,#5717,.T.);
#5719=CARTESIAN_POINT('',(1.700000000000007,-2.000000000000001,0.0));
#5720=DIRECTION('',(0.0,0.0,-1.0));
#5721=VECTOR('',#5720,0.999999999999988);
#5722=LINE('',#5719,#5721);
#5723=EDGE_CURVE('',#5320,#5712,#5722,.T.);
#5724=ORIENTED_EDGE('',*,*,#5723,.F.);
#5725=ORIENTED_EDGE('',*,*,#5325,.F.);
#5726=ORIENTED_EDGE('',*,*,#1108,.T.);
#5727=EDGE_LOOP('',(#5718,#5724,#5725,#5726));
#5728=FACE_OUTER_BOUND('',#5727,.T.);
#5729=ADVANCED_FACE('',(#5728),#5710,.T.);
#5730=CARTESIAN_POINT('',(1.700000000000007,-2.199999999999988,0.050000000000003));
#5731=DIRECTION('',(1.0,0.0,0.0));
#5732=DIRECTION('',(0.0,0.0,-1.0));
#5733=AXIS2_PLACEMENT_3D('',#5730,#5731,#5732);
#5734=PLANE('',#5733);
#5735=CARTESIAN_POINT('',(1.700000000000007,-2.000000000000001,-0.999999999999988));
#5736=DIRECTION('',(0.0,1.0,0.0));
#5737=VECTOR('',#5736,4.000000000000002);
#5738=LINE('',#5735,#5737);
#5739=EDGE_CURVE('',#5712,#5688,#5738,.T.);
#5740=ORIENTED_EDGE('',*,*,#5739,.T.);
#5741=ORIENTED_EDGE('',*,*,#5701,.F.);
#5742=ORIENTED_EDGE('',*,*,#5333,.F.);
#5743=ORIENTED_EDGE('',*,*,#5723,.T.);
#5744=EDGE_LOOP('',(#5740,#5741,#5742,#5743));
#5745=FACE_OUTER_BOUND('',#5744,.T.);
#5746=ADVANCED_FACE('',(#5745),#5734,.T.);
#5747=CARTESIAN_POINT('',(0.335000000000006,-2.199999999999988,-0.999999999999988));
#5748=DIRECTION('',(0.0,0.0,1.0));
#5749=DIRECTION('',(1.0,0.0,0.0));
#5750=AXIS2_PLACEMENT_3D('',#5747,#5748,#5749);
#5751=PLANE('',#5750);
#5752=ORIENTED_EDGE('',*,*,#5693,.F.);
#5753=ORIENTED_EDGE('',*,*,#5739,.F.);
#5754=ORIENTED_EDGE('',*,*,#5717,.F.);
#5755=ORIENTED_EDGE('',*,*,#1102,.F.);
#5756=EDGE_LOOP('',(#5752,#5753,#5754,#5755));
#5757=FACE_OUTER_BOUND('',#5756,.T.);
#5758=ADVANCED_FACE('',(#5757),#5751,.F.);
#5759=CARTESIAN_POINT('',(-8.864999999999997,2.000000000000001,-1.049999999999991));
#5760=DIRECTION('',(0.0,1.0,0.0));
#5761=DIRECTION('',(0.0,0.0,1.0));
#5762=AXIS2_PLACEMENT_3D('',#5759,#5760,#5761);
#5763=PLANE('',#5762);
#5764=CARTESIAN_POINT('',(-8.800000000000004,2.000000000000001,-0.999999999999988));
#5765=VERTEX_POINT('',#5764);
#5766=CARTESIAN_POINT('',(-7.499999999999996,2.000000000000001,-0.999999999999988));
#5767=DIRECTION('',(-1.0,0.0,0.0));
#5768=VECTOR('',#5767,1.300000000000008);
#5769=LINE('',#5766,#5768);
#5770=EDGE_CURVE('',#92,#5765,#5769,.T.);
#5771=ORIENTED_EDGE('',*,*,#5770,.T.);
#5772=CARTESIAN_POINT('',(-8.800000000000004,2.000000000000001,0.0));
#5773=DIRECTION('',(0.0,0.0,-1.0));
#5774=VECTOR('',#5773,0.999999999999988);
#5775=LINE('',#5772,#5774);
#5776=EDGE_CURVE('',#5361,#5765,#5775,.T.);
#5777=ORIENTED_EDGE('',*,*,#5776,.F.);
#5778=ORIENTED_EDGE('',*,*,#5366,.F.);
#5779=ORIENTED_EDGE('',*,*,#105,.T.);
#5780=EDGE_LOOP('',(#5771,#5777,#5778,#5779));
#5781=FACE_OUTER_BOUND('',#5780,.T.);
#5782=ADVANCED_FACE('',(#5781),#5763,.T.);
#5783=CARTESIAN_POINT('',(-8.800000000000004,-2.199999999999988,-1.049999999999991));
#5784=DIRECTION('',(-1.0,0.0,0.0));
#5785=DIRECTION('',(0.0,0.0,1.0));
#5786=AXIS2_PLACEMENT_3D('',#5783,#5784,#5785);
#5787=PLANE('',#5786);
#5788=CARTESIAN_POINT('',(-8.800000000000004,-2.000000000000001,-0.999999999999988));
#5789=VERTEX_POINT('',#5788);
#5790=CARTESIAN_POINT('',(-8.800000000000004,2.000000000000001,-0.999999999999988));
#5791=DIRECTION('',(0.0,-1.0,0.0));
#5792=VECTOR('',#5791,4.000000000000002);
#5793=LINE('',#5790,#5792);
#5794=EDGE_CURVE('',#5765,#5789,#5793,.T.);
#5795=ORIENTED_EDGE('',*,*,#5794,.T.);
#5796=CARTESIAN_POINT('',(-8.800000000000004,-2.000000000000001,0.0));
#5797=DIRECTION('',(0.0,0.0,-1.0));
#5798=VECTOR('',#5797,0.999999999999988);
#5799=LINE('',#5796,#5798);
#5800=EDGE_CURVE('',#5369,#5789,#5799,.T.);
#5801=ORIENTED_EDGE('',*,*,#5800,.F.);
#5802=ORIENTED_EDGE('',*,*,#5374,.F.);
#5803=ORIENTED_EDGE('',*,*,#5776,.T.);
#5804=EDGE_LOOP('',(#5795,#5801,#5802,#5803));
#5805=FACE_OUTER_BOUND('',#5804,.T.);
#5806=ADVANCED_FACE('',(#5805),#5787,.T.);
#5807=CARTESIAN_POINT('',(-8.864999999999997,-2.000000000000001,0.050000000000003));
#5808=DIRECTION('',(0.0,-1.0,0.0));
#5809=DIRECTION('',(0.0,0.0,-1.0));
#5810=AXIS2_PLACEMENT_3D('',#5807,#5808,#5809);
#5811=PLANE('',#5810);
#5812=CARTESIAN_POINT('',(-8.800000000000004,-2.000000000000001,-0.999999999999988));
#5813=DIRECTION('',(1.0,0.0,0.0));
#5814=VECTOR('',#5813,1.300000000000008);
#5815=LINE('',#5812,#5814);
#5816=EDGE_CURVE('',#5789,#84,#5815,.T.);
#5817=ORIENTED_EDGE('',*,*,#5816,.T.);
#5818=ORIENTED_EDGE('',*,*,#89,.F.);
#5819=ORIENTED_EDGE('',*,*,#5380,.F.);
#5820=ORIENTED_EDGE('',*,*,#5800,.T.);
#5821=EDGE_LOOP('',(#5817,#5818,#5819,#5820));
#5822=FACE_OUTER_BOUND('',#5821,.T.);
#5823=ADVANCED_FACE('',(#5822),#5811,.T.);
#5824=CARTESIAN_POINT('',(-8.864999999999997,-2.199999999999988,-0.999999999999988));
#5825=DIRECTION('',(0.0,0.0,1.0));
#5826=DIRECTION('',(1.0,0.0,0.0));
#5827=AXIS2_PLACEMENT_3D('',#5824,#5825,#5826);
#5828=PLANE('',#5827);
#5829=ORIENTED_EDGE('',*,*,#97,.F.);
#5830=ORIENTED_EDGE('',*,*,#5816,.F.);
#5831=ORIENTED_EDGE('',*,*,#5794,.F.);
#5832=ORIENTED_EDGE('',*,*,#5770,.F.);
#5833=EDGE_LOOP('',(#5829,#5830,#5831,#5832));
#5834=FACE_OUTER_BOUND('',#5833,.T.);
#5835=ADVANCED_FACE('',(#5834),#5828,.F.);
#5836=CARTESIAN_POINT('',(-6.764999999999991,-2.000000000000001,0.050000000000003));
#5837=DIRECTION('',(0.0,-1.0,0.0));
#5838=DIRECTION('',(0.0,0.0,-1.0));
#5839=AXIS2_PLACEMENT_3D('',#5836,#5837,#5838);
#5840=PLANE('',#5839);
#5841=CARTESIAN_POINT('',(-5.39999999999999,-2.000000000000001,-0.999999999999988));
#5842=VERTEX_POINT('',#5841);
#5843=CARTESIAN_POINT('',(-6.699999999999998,-2.000000000000001,-0.999999999999988));
#5844=DIRECTION('',(1.0,0.0,0.0));
#5845=VECTOR('',#5844,1.300000000000008);
#5846=LINE('',#5843,#5845);
#5847=EDGE_CURVE('',#433,#5842,#5846,.T.);
#5848=ORIENTED_EDGE('',*,*,#5847,.T.);
#5849=CARTESIAN_POINT('',(-5.39999999999999,-2.000000000000001,0.0));
#5850=DIRECTION('',(0.0,0.0,-1.0));
#5851=VECTOR('',#5850,0.999999999999988);
#5852=LINE('',#5849,#5851);
#5853=EDGE_CURVE('',#5386,#5842,#5852,.T.);
#5854=ORIENTED_EDGE('',*,*,#5853,.F.);
#5855=ORIENTED_EDGE('',*,*,#5391,.F.);
#5856=ORIENTED_EDGE('',*,*,#444,.T.);
#5857=EDGE_LOOP('',(#5848,#5854,#5855,#5856));
#5858=FACE_OUTER_BOUND('',#5857,.T.);
#5859=ADVANCED_FACE('',(#5858),#5840,.T.);
#5860=CARTESIAN_POINT('',(-5.39999999999999,-2.199999999999988,0.050000000000003));
#5861=DIRECTION('',(1.0,0.0,0.0));
#5862=DIRECTION('',(0.0,0.0,-1.0));
#5863=AXIS2_PLACEMENT_3D('',#5860,#5861,#5862);
#5864=PLANE('',#5863);
#5865=CARTESIAN_POINT('',(-5.39999999999999,2.000000000000001,-0.999999999999988));
#5866=VERTEX_POINT('',#5865);
#5867=CARTESIAN_POINT('',(-5.39999999999999,-2.000000000000001,-0.999999999999988));
#5868=DIRECTION('',(0.0,1.0,0.0));
#5869=VECTOR('',#5868,4.000000000000002);
#5870=LINE('',#5867,#5869);
#5871=EDGE_CURVE('',#5842,#5866,#5870,.T.);
#5872=ORIENTED_EDGE('',*,*,#5871,.T.);
#5873=CARTESIAN_POINT('',(-5.39999999999999,2.000000000000001,0.0));
#5874=DIRECTION('',(0.0,0.0,-1.0));
#5875=VECTOR('',#5874,0.999999999999988);
#5876=LINE('',#5873,#5875);
#5877=EDGE_CURVE('',#5394,#5866,#5876,.T.);
#5878=ORIENTED_EDGE('',*,*,#5877,.F.);
#5879=ORIENTED_EDGE('',*,*,#5399,.F.);
#5880=ORIENTED_EDGE('',*,*,#5853,.T.);
#5881=EDGE_LOOP('',(#5872,#5878,#5879,#5880));
#5882=FACE_OUTER_BOUND('',#5881,.T.);
#5883=ADVANCED_FACE('',(#5882),#5864,.T.);
#5884=CARTESIAN_POINT('',(-6.764999999999991,2.000000000000001,-1.049999999999991));
#5885=DIRECTION('',(0.0,1.0,0.0));
#5886=DIRECTION('',(0.0,0.0,1.0));
#5887=AXIS2_PLACEMENT_3D('',#5884,#5885,#5886);
#5888=PLANE('',#5887);
#5889=CARTESIAN_POINT('',(-5.39999999999999,2.000000000000001,-0.999999999999988));
#5890=DIRECTION('',(-1.0,0.0,0.0));
#5891=VECTOR('',#5890,1.300000000000008);
#5892=LINE('',#5889,#5891);
#5893=EDGE_CURVE('',#5866,#425,#5892,.T.);
#5894=ORIENTED_EDGE('',*,*,#5893,.T.);
#5895=ORIENTED_EDGE('',*,*,#430,.F.);
#5896=ORIENTED_EDGE('',*,*,#5405,.F.);
#5897=ORIENTED_EDGE('',*,*,#5877,.T.);
#5898=EDGE_LOOP('',(#5894,#5895,#5896,#5897));
#5899=FACE_OUTER_BOUND('',#5898,.T.);
#5900=ADVANCED_FACE('',(#5899),#5888,.T.);
#5901=CARTESIAN_POINT('',(-6.764999999999991,-2.199999999999988,-0.999999999999988));
#5902=DIRECTION('',(0.0,0.0,1.0));
#5903=DIRECTION('',(1.0,0.0,0.0));
#5904=AXIS2_PLACEMENT_3D('',#5901,#5902,#5903);
#5905=PLANE('',#5904);
#5906=ORIENTED_EDGE('',*,*,#5847,.F.);
#5907=ORIENTED_EDGE('',*,*,#438,.F.);
#5908=ORIENTED_EDGE('',*,*,#5893,.F.);
#5909=ORIENTED_EDGE('',*,*,#5871,.F.);
#5910=EDGE_LOOP('',(#5906,#5907,#5908,#5909));
#5911=FACE_OUTER_BOUND('',#5910,.T.);
#5912=ADVANCED_FACE('',(#5911),#5905,.F.);
#5913=CARTESIAN_POINT('',(6.699999999999998,-3.465000000000009,-1.099999999999994));
#5914=DIRECTION('',(-1.0,0.0,0.0));
#5915=DIRECTION('',(0.0,0.0,1.0));
#5916=AXIS2_PLACEMENT_3D('',#5913,#5914,#5915);
#5917=PLANE('',#5916);
#5918=CARTESIAN_POINT('',(6.699999999999998,-3.149999999999999,0.999999999999988));
#5919=VERTEX_POINT('',#5918);
#5920=CARTESIAN_POINT('',(6.699999999999998,3.149999999999999,0.999999999999988));
#5921=VERTEX_POINT('',#5920);
#5922=CARTESIAN_POINT('',(6.699999999999998,-3.149999999999999,0.999999999999988));
#5923=DIRECTION('',(0.0,1.0,0.0));
#5924=VECTOR('',#5923,6.299999999999998);
#5925=LINE('',#5922,#5924);
#5926=EDGE_CURVE('',#5919,#5921,#5925,.T.);
#5927=ORIENTED_EDGE('',*,*,#5926,.F.);
#5928=CARTESIAN_POINT('',(6.699999999999998,-3.149999999999999,0.0));
#5929=DIRECTION('',(0.0,0.0,1.0));
#5930=VECTOR('',#5929,0.999999999999988);
#5931=LINE('',#5928,#5930);
#5932=EDGE_CURVE('',#5221,#5919,#5931,.T.);
#5933=ORIENTED_EDGE('',*,*,#5932,.F.);
#5934=ORIENTED_EDGE('',*,*,#5226,.F.);
#5935=ORIENTED_EDGE('',*,*,#5461,.T.);
#5936=ORIENTED_EDGE('',*,*,#5503,.T.);
#5937=ORIENTED_EDGE('',*,*,#5487,.F.);
#5938=ORIENTED_EDGE('',*,*,#5290,.F.);
#5939=CARTESIAN_POINT('',(6.699999999999998,3.149999999999999,0.0));
#5940=DIRECTION('',(0.0,0.0,1.0));
#5941=VECTOR('',#5940,0.999999999999988);
#5942=LINE('',#5939,#5941);
#5943=EDGE_CURVE('',#5277,#5921,#5942,.T.);
#5944=ORIENTED_EDGE('',*,*,#5943,.T.);
#5945=EDGE_LOOP('',(#5927,#5933,#5934,#5935,#5936,#5937,#5938,#5944));
#5946=FACE_OUTER_BOUND('',#5945,.T.);
#5947=ADVANCED_FACE('',(#5946),#5917,.F.);
#5948=CARTESIAN_POINT('',(6.660000000000004,3.149999999999999,-0.050000000000003));
#5949=DIRECTION('',(0.0,1.0,0.0));
#5950=DIRECTION('',(0.0,0.0,1.0));
#5951=AXIS2_PLACEMENT_3D('',#5948,#5949,#5950);
#5952=PLANE('',#5951);
#5953=CARTESIAN_POINT('',(7.499999999999996,3.149999999999999,0.999999999999988));
#5954=VERTEX_POINT('',#5953);
#5955=CARTESIAN_POINT('',(6.699999999999998,3.149999999999999,0.999999999999988));
#5956=DIRECTION('',(1.0,0.0,0.0));
#5957=VECTOR('',#5956,0.8);
#5958=LINE('',#5955,#5957);
#5959=EDGE_CURVE('',#5921,#5954,#5958,.T.);
#5960=ORIENTED_EDGE('',*,*,#5959,.F.);
#5961=ORIENTED_EDGE('',*,*,#5943,.F.);
#5962=ORIENTED_EDGE('',*,*,#5282,.F.);
#5963=CARTESIAN_POINT('',(7.499999999999996,3.149999999999999,0.0));
#5964=DIRECTION('',(0.0,0.0,1.0));
#5965=VECTOR('',#5964,0.999999999999988);
#5966=LINE('',#5963,#5965);
#5967=EDGE_CURVE('',#5269,#5954,#5966,.T.);
#5968=ORIENTED_EDGE('',*,*,#5967,.T.);
#5969=EDGE_LOOP('',(#5960,#5961,#5962,#5968));
#5970=FACE_OUTER_BOUND('',#5969,.T.);
#5971=ADVANCED_FACE('',(#5970),#5952,.F.);
#5972=CARTESIAN_POINT('',(7.499999999999996,-3.465000000000009,1.099999999999994));
#5973=DIRECTION('',(1.0,0.0,0.0));
#5974=DIRECTION('',(0.0,0.0,-1.0));
#5975=AXIS2_PLACEMENT_3D('',#5972,#5973,#5974);
#5976=PLANE('',#5975);
#5977=CARTESIAN_POINT('',(7.499999999999996,-3.149999999999999,0.999999999999988));
#5978=VERTEX_POINT('',#5977);
#5979=CARTESIAN_POINT('',(7.499999999999996,3.149999999999999,0.999999999999988));
#5980=DIRECTION('',(0.0,-1.0,0.0));
#5981=VECTOR('',#5980,6.299999999999998);
#5982=LINE('',#5979,#5981);
#5983=EDGE_CURVE('',#5954,#5978,#5982,.T.);
#5984=ORIENTED_EDGE('',*,*,#5983,.F.);
#5985=ORIENTED_EDGE('',*,*,#5967,.F.);
#5986=ORIENTED_EDGE('',*,*,#5274,.F.);
#5987=ORIENTED_EDGE('',*,*,#5528,.T.);
#5988=ORIENTED_EDGE('',*,*,#5600,.T.);
#5989=ORIENTED_EDGE('',*,*,#5566,.F.);
#5990=ORIENTED_EDGE('',*,*,#5242,.F.);
#5991=CARTESIAN_POINT('',(7.499999999999996,-3.149999999999999,0.0));
#5992=DIRECTION('',(0.0,0.0,1.0));
#5993=VECTOR('',#5992,0.999999999999988);
#5994=LINE('',#5991,#5993);
#5995=EDGE_CURVE('',#5229,#5978,#5994,.T.);
#5996=ORIENTED_EDGE('',*,*,#5995,.T.);
#5997=EDGE_LOOP('',(#5984,#5985,#5986,#5987,#5988,#5989,#5990,#5996));
#5998=FACE_OUTER_BOUND('',#5997,.T.);
#5999=ADVANCED_FACE('',(#5998),#5976,.F.);
#6000=CARTESIAN_POINT('',(6.660000000000004,-3.149999999999999,1.049999999999991));
#6001=DIRECTION('',(0.0,-1.0,0.0));
#6002=DIRECTION('',(0.0,0.0,-1.0));
#6003=AXIS2_PLACEMENT_3D('',#6000,#6001,#6002);
#6004=PLANE('',#6003);
#6005=CARTESIAN_POINT('',(7.499999999999996,-3.149999999999999,0.999999999999988));
#6006=DIRECTION('',(-1.0,0.0,0.0));
#6007=VECTOR('',#6006,0.8);
#6008=LINE('',#6005,#6007);
#6009=EDGE_CURVE('',#5978,#5919,#6008,.T.);
#6010=ORIENTED_EDGE('',*,*,#6009,.F.);
#6011=ORIENTED_EDGE('',*,*,#5995,.F.);
#6012=ORIENTED_EDGE('',*,*,#5234,.F.);
#6013=ORIENTED_EDGE('',*,*,#5932,.T.);
#6014=EDGE_LOOP('',(#6010,#6011,#6012,#6013));
#6015=FACE_OUTER_BOUND('',#6014,.T.);
#6016=ADVANCED_FACE('',(#6015),#6004,.F.);
#6017=CARTESIAN_POINT('',(6.660000000000004,-3.465000000000009,0.999999999999988));
#6018=DIRECTION('',(0.0,0.0,1.0));
#6019=DIRECTION('',(1.0,0.0,0.0));
#6020=AXIS2_PLACEMENT_3D('',#6017,#6018,#6019);
#6021=PLANE('',#6020);
#6022=ORIENTED_EDGE('',*,*,#5926,.T.);
#6023=ORIENTED_EDGE('',*,*,#5959,.T.);
#6024=ORIENTED_EDGE('',*,*,#5983,.T.);
#6025=ORIENTED_EDGE('',*,*,#6009,.T.);
#6026=EDGE_LOOP('',(#6022,#6023,#6024,#6025));
#6027=FACE_OUTER_BOUND('',#6026,.T.);
#6028=ADVANCED_FACE('',(#6027),#6021,.F.);
#6029=CARTESIAN_POINT('',(-11.512530639113905,-1.949999999999998,2.419999999999997));
#6030=DIRECTION('',(0.0,1.0,0.0));
#6031=DIRECTION('',(0.0,0.0,1.0));
#6032=AXIS2_PLACEMENT_3D('',#6029,#6030,#6031);
#6033=PLANE('',#6032);
#6034=CARTESIAN_POINT('',(-9.149387217722369,-1.949999999999998,2.999999999999989));
#6035=VERTEX_POINT('',#6034);
#6036=CARTESIAN_POINT('',(-9.660798700499644,-1.949999999999998,2.999999999999989));
#6037=VERTEX_POINT('',#6036);
#6038=CARTESIAN_POINT('',(-9.149387217722369,-1.949999999999998,2.999999999999989));
#6039=DIRECTION('',(-1.0,0.0,0.0));
#6040=VECTOR('',#6039,0.511411482777275);
#6041=LINE('',#6038,#6040);
#6042=EDGE_CURVE('',#6035,#6037,#6041,.T.);
#6043=ORIENTED_EDGE('',*,*,#6042,.F.);
#6044=CARTESIAN_POINT('',(-10.839651457364599,-1.949999999999998,10.866646377106985));
#6045=VERTEX_POINT('',#6044);
#6046=CARTESIAN_POINT('',(-10.839651457364599,-1.949999999999998,10.866646377106985));
#6047=DIRECTION('',(0.21007022688233,0.0,-0.977686299268639));
#6048=VECTOR('',#6047,8.046186576401516);
#6049=LINE('',#6046,#6048);
#6050=EDGE_CURVE('',#6045,#6035,#6049,.T.);
#6051=ORIENTED_EDGE('',*,*,#6050,.F.);
#6052=CARTESIAN_POINT('',(-9.615182614392527,-1.949999999999998,13.994478333960281));
#6053=VERTEX_POINT('',#6052);
#6054=CARTESIAN_POINT('',(-9.615182614392527,-1.949999999999998,13.994478333960281));
#6055=DIRECTION('',(-0.364537366566854,0.0,-0.931188760873166));
#6056=VECTOR('',#6055,3.358966611581912);
#6057=LINE('',#6054,#6056);
#6058=EDGE_CURVE('',#6053,#6045,#6057,.T.);
#6059=ORIENTED_EDGE('',*,*,#6058,.F.);
#6060=CARTESIAN_POINT('',(-9.615182614392552,-1.949999999999998,14.599999999999991));
#6061=DIRECTION('',(0.0,0.0,-1.0));
#6062=VECTOR('',#6061,0.60552166603971);
#6063=LINE('',#6060,#6062);
#6064=EDGE_CURVE('',#4553,#6053,#6063,.T.);
#6065=ORIENTED_EDGE('',*,*,#6064,.F.);
#6066=ORIENTED_EDGE('',*,*,#4558,.F.);
#6067=CARTESIAN_POINT('',(-9.963810042237267,-1.949999999999998,14.238970388465717));
#6068=VERTEX_POINT('',#6067);
#6069=CARTESIAN_POINT('',(-9.963810042237267,-1.949999999999998,14.238970388465717));
#6070=DIRECTION('',(0.0,0.0,1.0));
#6071=VECTOR('',#6070,0.361029611534274);
#6072=LINE('',#6069,#6071);
#6073=EDGE_CURVE('',#6068,#4551,#6072,.T.);
#6074=ORIENTED_EDGE('',*,*,#6073,.F.);
#6075=CARTESIAN_POINT('',(-10.168980036203363,-1.949999999999998,14.238970388465717));
#6076=VERTEX_POINT('',#6075);
#6077=CARTESIAN_POINT('',(-10.168980036203363,-1.949999999999998,14.238970388465717));
#6078=DIRECTION('',(1.0,0.0,0.0));
#6079=VECTOR('',#6078,0.205169993966097);
#6080=LINE('',#6077,#6079);
#6081=EDGE_CURVE('',#6076,#6068,#6080,.T.);
#6082=ORIENTED_EDGE('',*,*,#6081,.F.);
#6083=CARTESIAN_POINT('',(-10.168980036203363,-1.949999999999998,13.714875988352651));
#6084=VERTEX_POINT('',#6083);
#6085=CARTESIAN_POINT('',(-10.168980036203363,-1.949999999999998,13.714875988352651));
#6086=DIRECTION('',(0.0,0.0,1.0));
#6087=VECTOR('',#6086,0.524094400113066);
#6088=LINE('',#6085,#6087);
#6089=EDGE_CURVE('',#6084,#6076,#6088,.T.);
#6090=ORIENTED_EDGE('',*,*,#6089,.F.);
#6091=CARTESIAN_POINT('',(-10.374150030169467,-1.949999999999998,13.714875988352651));
#6092=VERTEX_POINT('',#6091);
#6093=CARTESIAN_POINT('',(-10.374150030169467,-1.949999999999998,13.714875988352651));
#6094=DIRECTION('',(1.0,0.0,0.0));
#6095=VECTOR('',#6094,0.205169993966104);
#6096=LINE('',#6093,#6095);
#6097=EDGE_CURVE('',#6092,#6084,#6096,.T.);
#6098=ORIENTED_EDGE('',*,*,#6097,.F.);
#6099=CARTESIAN_POINT('',(-10.374150030169467,-1.949999999999998,13.19078158823956));
#6100=VERTEX_POINT('',#6099);
#6101=CARTESIAN_POINT('',(-10.374150030169467,-1.949999999999998,13.19078158823956));
#6102=DIRECTION('',(0.0,0.0,1.0));
#6103=VECTOR('',#6102,0.524094400113091);
#6104=LINE('',#6101,#6103);
#6105=EDGE_CURVE('',#6100,#6092,#6104,.T.);
#6106=ORIENTED_EDGE('',*,*,#6105,.F.);
#6107=CARTESIAN_POINT('',(-10.579320024135592,-1.949999999999998,13.19078158823956));
#6108=VERTEX_POINT('',#6107);
#6109=CARTESIAN_POINT('',(-10.579320024135592,-1.949999999999998,13.19078158823956));
#6110=DIRECTION('',(1.0,0.0,0.0));
#6111=VECTOR('',#6110,0.205169993966125);
#6112=LINE('',#6109,#6111);
#6113=EDGE_CURVE('',#6108,#6100,#6112,.T.);
#6114=ORIENTED_EDGE('',*,*,#6113,.F.);
#6115=CARTESIAN_POINT('',(-10.579320024135566,-1.949999999999998,12.666687188126494));
#6116=VERTEX_POINT('',#6115);
#6117=CARTESIAN_POINT('',(-10.579320024135566,-1.949999999999998,12.666687188126494));
#6118=DIRECTION('',(0.0,0.0,1.0));
#6119=VECTOR('',#6118,0.524094400113066);
#6120=LINE('',#6117,#6119);
#6121=EDGE_CURVE('',#6116,#6108,#6120,.T.);
#6122=ORIENTED_EDGE('',*,*,#6121,.F.);
#6123=CARTESIAN_POINT('',(-10.784490018101692,-1.949999999999998,12.666687188126494));
#6124=VERTEX_POINT('',#6123);
#6125=CARTESIAN_POINT('',(-10.784490018101692,-1.949999999999998,12.666687188126494));
#6126=DIRECTION('',(1.0,0.0,0.0));
#6127=VECTOR('',#6126,0.205169993966127);
#6128=LINE('',#6125,#6127);
#6129=EDGE_CURVE('',#6124,#6116,#6128,.T.);
#6130=ORIENTED_EDGE('',*,*,#6129,.F.);
#6131=CARTESIAN_POINT('',(-10.784490018101692,-1.949999999999998,12.142592788013427));
#6132=VERTEX_POINT('',#6131);
#6133=CARTESIAN_POINT('',(-10.784490018101692,-1.949999999999998,12.142592788013427));
#6134=DIRECTION('',(0.0,0.0,1.0));
#6135=VECTOR('',#6134,0.524094400113066);
#6136=LINE('',#6133,#6135);
#6137=EDGE_CURVE('',#6132,#6124,#6136,.T.);
#6138=ORIENTED_EDGE('',*,*,#6137,.F.);
#6139=CARTESIAN_POINT('',(-10.989660012067795,-1.949999999999998,12.142592788013427));
#6140=VERTEX_POINT('',#6139);
#6141=CARTESIAN_POINT('',(-10.989660012067795,-1.949999999999998,12.142592788013427));
#6142=DIRECTION('',(1.0,0.0,0.0));
#6143=VECTOR('',#6142,0.205169993966102);
#6144=LINE('',#6141,#6143);
#6145=EDGE_CURVE('',#6140,#6132,#6144,.T.);
#6146=ORIENTED_EDGE('',*,*,#6145,.F.);
#6147=CARTESIAN_POINT('',(-10.989660012067795,-1.949999999999998,11.618498387900365));
#6148=VERTEX_POINT('',#6147);
#6149=CARTESIAN_POINT('',(-10.989660012067795,-1.949999999999998,11.618498387900365));
#6150=DIRECTION('',(0.0,0.0,1.0));
#6151=VECTOR('',#6150,0.524094400113063);
#6152=LINE('',#6149,#6151);
#6153=EDGE_CURVE('',#6148,#6140,#6152,.T.);
#6154=ORIENTED_EDGE('',*,*,#6153,.F.);
#6155=CARTESIAN_POINT('',(-11.194830006033893,-1.949999999999998,11.618498387900365));
#6156=VERTEX_POINT('',#6155);
#6157=CARTESIAN_POINT('',(-11.194830006033893,-1.949999999999998,11.618498387900365));
#6158=DIRECTION('',(1.0,0.0,0.0));
#6159=VECTOR('',#6158,0.205169993966098);
#6160=LINE('',#6157,#6159);
#6161=EDGE_CURVE('',#6156,#6148,#6160,.T.);
#6162=ORIENTED_EDGE('',*,*,#6161,.F.);
#6163=CARTESIAN_POINT('',(-11.194830006033893,-1.949999999999998,11.094403987787295));
#6164=VERTEX_POINT('',#6163);
#6165=CARTESIAN_POINT('',(-11.194830006033893,-1.949999999999998,11.094403987787295));
#6166=DIRECTION('',(0.0,0.0,1.0));
#6167=VECTOR('',#6166,0.524094400113068);
#6168=LINE('',#6165,#6167);
#6169=EDGE_CURVE('',#6164,#6156,#6168,.T.);
#6170=ORIENTED_EDGE('',*,*,#6169,.F.);
#6171=CARTESIAN_POINT('',(-11.399999999999995,-1.949999999999998,11.094403987787295));
#6172=VERTEX_POINT('',#6171);
#6173=CARTESIAN_POINT('',(-11.399999999999995,-1.949999999999998,11.094403987787295));
#6174=DIRECTION('',(1.0,0.0,0.0));
#6175=VECTOR('',#6174,0.205169993966102);
#6176=LINE('',#6173,#6175);
#6177=EDGE_CURVE('',#6172,#6164,#6176,.T.);
#6178=ORIENTED_EDGE('',*,*,#6177,.F.);
#6179=CARTESIAN_POINT('',(-9.660798700499644,-1.949999999999998,2.999999999999989));
#6180=DIRECTION('',(-0.210070226882331,0.0,0.977686299268639));
#6181=VECTOR('',#6180,8.279142291185167);
#6182=LINE('',#6179,#6181);
#6183=EDGE_CURVE('',#6037,#6172,#6182,.T.);
#6184=ORIENTED_EDGE('',*,*,#6183,.F.);
#6185=EDGE_LOOP('',(#6043,#6051,#6059,#6065,#6066,#6074,#6082,#6090,#6098,#6106,#6114,#6122,#6130,#6138,#6146,#6154,#6162,#6170,#6178,#6184));
#6186=FACE_OUTER_BOUND('',#6185,.T.);
#6187=ADVANCED_FACE('',(#6186),#6033,.F.);
#6188=CARTESIAN_POINT('',(-9.553959172243921,-2.145000000000005,14.15086993180295));
#6189=DIRECTION('',(0.931188760873166,0.0,-0.364537366566855));
#6190=DIRECTION('',(-0.364537366566855,0.0,-0.931188760873166));
#6191=AXIS2_PLACEMENT_3D('',#6188,#6189,#6190);
#6192=PLANE('',#6191);
#6193=CARTESIAN_POINT('',(-10.839651457364599,1.949999999999998,10.866646377106985));
#6194=VERTEX_POINT('',#6193);
#6195=CARTESIAN_POINT('',(-9.615182614392527,1.949999999999998,13.994478333960281));
#6196=VERTEX_POINT('',#6195);
#6197=CARTESIAN_POINT('',(-10.839651457364599,1.949999999999998,10.866646377106985));
#6198=DIRECTION('',(0.364537366566854,0.0,0.931188760873166));
#6199=VECTOR('',#6198,3.358966611581912);
#6200=LINE('',#6197,#6199);
#6201=EDGE_CURVE('',#6194,#6196,#6200,.T.);
#6202=ORIENTED_EDGE('',*,*,#6201,.T.);
#6203=CARTESIAN_POINT('',(-9.615182614392527,-1.949999999999998,13.994478333960281));
#6204=DIRECTION('',(0.0,1.0,0.0));
#6205=VECTOR('',#6204,3.899999999999995);
#6206=LINE('',#6203,#6205);
#6207=EDGE_CURVE('',#6053,#6196,#6206,.T.);
#6208=ORIENTED_EDGE('',*,*,#6207,.F.);
#6209=ORIENTED_EDGE('',*,*,#6058,.T.);
#6210=CARTESIAN_POINT('',(-10.839651457364599,1.949999999999998,10.866646377106985));
#6211=DIRECTION('',(0.0,-1.0,0.0));
#6212=VECTOR('',#6211,3.899999999999995);
#6213=LINE('',#6210,#6212);
#6214=EDGE_CURVE('',#6194,#6045,#6213,.T.);
#6215=ORIENTED_EDGE('',*,*,#6214,.F.);
#6216=EDGE_LOOP('',(#6202,#6208,#6209,#6215));
#6217=FACE_OUTER_BOUND('',#6216,.T.);
#6218=ADVANCED_FACE('',(#6217),#6192,.T.);
#6219=CARTESIAN_POINT('',(-9.615182614392527,-2.145000000000005,14.630276083301988));
#6220=DIRECTION('',(1.0,0.0,0.0));
#6221=DIRECTION('',(0.0,0.0,-1.0));
#6222=AXIS2_PLACEMENT_3D('',#6219,#6220,#6221);
#6223=PLANE('',#6222);
#6224=CARTESIAN_POINT('',(-9.615182614392527,1.949999999999998,13.994478333960281));
#6225=DIRECTION('',(0.0,0.0,1.0));
#6226=VECTOR('',#6225,0.60552166603971);
#6227=LINE('',#6224,#6226);
#6228=EDGE_CURVE('',#6196,#4561,#6227,.T.);
#6229=ORIENTED_EDGE('',*,*,#6228,.T.);
#6230=ORIENTED_EDGE('',*,*,#4566,.F.);
#6231=ORIENTED_EDGE('',*,*,#6064,.T.);
#6232=ORIENTED_EDGE('',*,*,#6207,.T.);
#6233=EDGE_LOOP('',(#6229,#6230,#6231,#6232));
#6234=FACE_OUTER_BOUND('',#6233,.T.);
#6235=ADVANCED_FACE('',(#6234),#6223,.T.);
#6236=CARTESIAN_POINT('',(-9.963810042237267,-2.145000000000005,14.220918907888997));
#6237=DIRECTION('',(-1.0,0.0,0.0));
#6238=DIRECTION('',(0.0,0.0,1.0));
#6239=AXIS2_PLACEMENT_3D('',#6236,#6237,#6238);
#6240=PLANE('',#6239);
#6241=CARTESIAN_POINT('',(-9.963810042237267,1.949999999999998,14.238970388465717));
#6242=VERTEX_POINT('',#6241);
#6243=CARTESIAN_POINT('',(-9.963810042237267,1.949999999999998,14.599999999999991));
#6244=DIRECTION('',(0.0,0.0,-1.0));
#6245=VECTOR('',#6244,0.361029611534274);
#6246=LINE('',#6243,#6245);
#6247=EDGE_CURVE('',#4569,#6242,#6246,.T.);
#6248=ORIENTED_EDGE('',*,*,#6247,.T.);
#6249=CARTESIAN_POINT('',(-9.963810042237267,-1.949999999999998,14.238970388465717));
#6250=DIRECTION('',(0.0,1.0,0.0));
#6251=VECTOR('',#6250,3.899999999999995);
#6252=LINE('',#6249,#6251);
#6253=EDGE_CURVE('',#6068,#6242,#6252,.T.);
#6254=ORIENTED_EDGE('',*,*,#6253,.F.);
#6255=ORIENTED_EDGE('',*,*,#6073,.T.);
#6256=ORIENTED_EDGE('',*,*,#4580,.F.);
#6257=EDGE_LOOP('',(#6248,#6254,#6255,#6256));
#6258=FACE_OUTER_BOUND('',#6257,.T.);
#6259=ADVANCED_FACE('',(#6258),#6240,.T.);
#6260=CARTESIAN_POINT('',(-10.179238535901668,-2.145000000000005,14.238970388465717));
#6261=DIRECTION('',(0.0,0.0,1.0));
#6262=DIRECTION('',(1.0,0.0,0.0));
#6263=AXIS2_PLACEMENT_3D('',#6260,#6261,#6262);
#6264=PLANE('',#6263);
#6265=CARTESIAN_POINT('',(-10.168980036203363,1.949999999999998,14.238970388465717));
#6266=VERTEX_POINT('',#6265);
#6267=CARTESIAN_POINT('',(-9.963810042237267,1.949999999999998,14.238970388465717));
#6268=DIRECTION('',(-1.0,0.0,0.0));
#6269=VECTOR('',#6268,0.205169993966097);
#6270=LINE('',#6267,#6269);
#6271=EDGE_CURVE('',#6242,#6266,#6270,.T.);
#6272=ORIENTED_EDGE('',*,*,#6271,.T.);
#6273=CARTESIAN_POINT('',(-10.168980036203363,-1.949999999999998,14.238970388465717));
#6274=DIRECTION('',(0.0,1.0,0.0));
#6275=VECTOR('',#6274,3.899999999999995);
#6276=LINE('',#6273,#6275);
#6277=EDGE_CURVE('',#6076,#6266,#6276,.T.);
#6278=ORIENTED_EDGE('',*,*,#6277,.F.);
#6279=ORIENTED_EDGE('',*,*,#6081,.T.);
#6280=ORIENTED_EDGE('',*,*,#6253,.T.);
#6281=EDGE_LOOP('',(#6272,#6278,#6279,#6280));
#6282=FACE_OUTER_BOUND('',#6281,.T.);
#6283=ADVANCED_FACE('',(#6282),#6264,.T.);
#6284=CARTESIAN_POINT('',(-10.168980036203363,-2.145000000000005,13.688671268347008));
#6285=DIRECTION('',(-1.0,0.0,0.0));
#6286=DIRECTION('',(0.0,0.0,1.0));
#6287=AXIS2_PLACEMENT_3D('',#6284,#6285,#6286);
#6288=PLANE('',#6287);
#6289=CARTESIAN_POINT('',(-10.168980036203363,1.949999999999998,13.714875988352651));
#6290=VERTEX_POINT('',#6289);
#6291=CARTESIAN_POINT('',(-10.168980036203363,1.949999999999998,14.238970388465717));
#6292=DIRECTION('',(0.0,0.0,-1.0));
#6293=VECTOR('',#6292,0.524094400113066);
#6294=LINE('',#6291,#6293);
#6295=EDGE_CURVE('',#6266,#6290,#6294,.T.);
#6296=ORIENTED_EDGE('',*,*,#6295,.T.);
#6297=CARTESIAN_POINT('',(-10.168980036203363,-1.949999999999998,13.714875988352651));
#6298=DIRECTION('',(0.0,1.0,0.0));
#6299=VECTOR('',#6298,3.899999999999995);
#6300=LINE('',#6297,#6299);
#6301=EDGE_CURVE('',#6084,#6290,#6300,.T.);
#6302=ORIENTED_EDGE('',*,*,#6301,.F.);
#6303=ORIENTED_EDGE('',*,*,#6089,.T.);
#6304=ORIENTED_EDGE('',*,*,#6277,.T.);
#6305=EDGE_LOOP('',(#6296,#6302,#6303,#6304));
#6306=FACE_OUTER_BOUND('',#6305,.T.);
#6307=ADVANCED_FACE('',(#6306),#6288,.T.);
#6308=CARTESIAN_POINT('',(-10.384408529867768,-2.145000000000005,13.714875988352651));
#6309=DIRECTION('',(0.0,0.0,1.0));
#6310=DIRECTION('',(1.0,0.0,0.0));
#6311=AXIS2_PLACEMENT_3D('',#6308,#6309,#6310);
#6312=PLANE('',#6311);
#6313=CARTESIAN_POINT('',(-10.374150030169467,1.949999999999998,13.714875988352651));
#6314=VERTEX_POINT('',#6313);
#6315=CARTESIAN_POINT('',(-10.168980036203363,1.949999999999998,13.714875988352651));
#6316=DIRECTION('',(-1.0,0.0,0.0));
#6317=VECTOR('',#6316,0.205169993966104);
#6318=LINE('',#6315,#6317);
#6319=EDGE_CURVE('',#6290,#6314,#6318,.T.);
#6320=ORIENTED_EDGE('',*,*,#6319,.T.);
#6321=CARTESIAN_POINT('',(-10.374150030169467,-1.949999999999998,13.714875988352651));
#6322=DIRECTION('',(0.0,1.0,0.0));
#6323=VECTOR('',#6322,3.899999999999995);
#6324=LINE('',#6321,#6323);
#6325=EDGE_CURVE('',#6092,#6314,#6324,.T.);
#6326=ORIENTED_EDGE('',*,*,#6325,.F.);
#6327=ORIENTED_EDGE('',*,*,#6097,.T.);
#6328=ORIENTED_EDGE('',*,*,#6301,.T.);
#6329=EDGE_LOOP('',(#6320,#6326,#6327,#6328));
#6330=FACE_OUTER_BOUND('',#6329,.T.);
#6331=ADVANCED_FACE('',(#6330),#6312,.T.);
#6332=CARTESIAN_POINT('',(-10.374150030169467,-2.145000000000005,13.164576868233915));
#6333=DIRECTION('',(-1.0,0.0,0.0));
#6334=DIRECTION('',(0.0,0.0,1.0));
#6335=AXIS2_PLACEMENT_3D('',#6332,#6333,#6334);
#6336=PLANE('',#6335);
#6337=CARTESIAN_POINT('',(-10.374150030169467,1.949999999999998,13.19078158823956));
#6338=VERTEX_POINT('',#6337);
#6339=CARTESIAN_POINT('',(-10.374150030169467,1.949999999999998,13.714875988352651));
#6340=DIRECTION('',(0.0,0.0,-1.0));
#6341=VECTOR('',#6340,0.524094400113091);
#6342=LINE('',#6339,#6341);
#6343=EDGE_CURVE('',#6314,#6338,#6342,.T.);
#6344=ORIENTED_EDGE('',*,*,#6343,.T.);
#6345=CARTESIAN_POINT('',(-10.374150030169467,-1.949999999999998,13.19078158823956));
#6346=DIRECTION('',(0.0,1.0,0.0));
#6347=VECTOR('',#6346,3.899999999999995);
#6348=LINE('',#6345,#6347);
#6349=EDGE_CURVE('',#6100,#6338,#6348,.T.);
#6350=ORIENTED_EDGE('',*,*,#6349,.F.);
#6351=ORIENTED_EDGE('',*,*,#6105,.T.);
#6352=ORIENTED_EDGE('',*,*,#6325,.T.);
#6353=EDGE_LOOP('',(#6344,#6350,#6351,#6352));
#6354=FACE_OUTER_BOUND('',#6353,.T.);
#6355=ADVANCED_FACE('',(#6354),#6336,.T.);
#6356=CARTESIAN_POINT('',(-10.589578523833897,-2.145000000000005,13.19078158823956));
#6357=DIRECTION('',(0.0,0.0,1.0));
#6358=DIRECTION('',(1.0,0.0,0.0));
#6359=AXIS2_PLACEMENT_3D('',#6356,#6357,#6358);
#6360=PLANE('',#6359);
#6361=CARTESIAN_POINT('',(-10.579320024135592,1.949999999999998,13.19078158823956));
#6362=VERTEX_POINT('',#6361);
#6363=CARTESIAN_POINT('',(-10.374150030169467,1.949999999999998,13.19078158823956));
#6364=DIRECTION('',(-1.0,0.0,0.0));
#6365=VECTOR('',#6364,0.205169993966125);
#6366=LINE('',#6363,#6365);
#6367=EDGE_CURVE('',#6338,#6362,#6366,.T.);
#6368=ORIENTED_EDGE('',*,*,#6367,.T.);
#6369=CARTESIAN_POINT('',(-10.579320024135592,-1.949999999999998,13.19078158823956));
#6370=DIRECTION('',(0.0,1.0,0.0));
#6371=VECTOR('',#6370,3.899999999999995);
#6372=LINE('',#6369,#6371);
#6373=EDGE_CURVE('',#6108,#6362,#6372,.T.);
#6374=ORIENTED_EDGE('',*,*,#6373,.F.);
#6375=ORIENTED_EDGE('',*,*,#6113,.T.);
#6376=ORIENTED_EDGE('',*,*,#6349,.T.);
#6377=EDGE_LOOP('',(#6368,#6374,#6375,#6376));
#6378=FACE_OUTER_BOUND('',#6377,.T.);
#6379=ADVANCED_FACE('',(#6378),#6360,.T.);
#6380=CARTESIAN_POINT('',(-10.579320024135592,-2.145000000000005,12.640482468120851));
#6381=DIRECTION('',(-1.0,0.0,0.0));
#6382=DIRECTION('',(0.0,0.0,1.0));
#6383=AXIS2_PLACEMENT_3D('',#6380,#6381,#6382);
#6384=PLANE('',#6383);
#6385=CARTESIAN_POINT('',(-10.579320024135566,1.949999999999998,12.666687188126494));
#6386=VERTEX_POINT('',#6385);
#6387=CARTESIAN_POINT('',(-10.579320024135592,1.949999999999998,13.19078158823956));
#6388=DIRECTION('',(0.0,0.0,-1.0));
#6389=VECTOR('',#6388,0.524094400113066);
#6390=LINE('',#6387,#6389);
#6391=EDGE_CURVE('',#6362,#6386,#6390,.T.);
#6392=ORIENTED_EDGE('',*,*,#6391,.T.);
#6393=CARTESIAN_POINT('',(-10.579320024135566,-1.949999999999998,12.666687188126494));
#6394=DIRECTION('',(0.0,1.0,0.0));
#6395=VECTOR('',#6394,3.899999999999995);
#6396=LINE('',#6393,#6395);
#6397=EDGE_CURVE('',#6116,#6386,#6396,.T.);
#6398=ORIENTED_EDGE('',*,*,#6397,.F.);
#6399=ORIENTED_EDGE('',*,*,#6121,.T.);
#6400=ORIENTED_EDGE('',*,*,#6373,.T.);
#6401=EDGE_LOOP('',(#6392,#6398,#6399,#6400));
#6402=FACE_OUTER_BOUND('',#6401,.T.);
#6403=ADVANCED_FACE('',(#6402),#6384,.T.);
#6404=CARTESIAN_POINT('',(-10.794748517799992,-2.145000000000005,12.666687188126494));
#6405=DIRECTION('',(0.0,0.0,1.0));
#6406=DIRECTION('',(1.0,0.0,0.0));
#6407=AXIS2_PLACEMENT_3D('',#6404,#6405,#6406);
#6408=PLANE('',#6407);
#6409=CARTESIAN_POINT('',(-10.784490018101692,1.949999999999998,12.666687188126494));
#6410=VERTEX_POINT('',#6409);
#6411=CARTESIAN_POINT('',(-10.579320024135566,1.949999999999998,12.666687188126494));
#6412=DIRECTION('',(-1.0,0.0,0.0));
#6413=VECTOR('',#6412,0.205169993966127);
#6414=LINE('',#6411,#6413);
#6415=EDGE_CURVE('',#6386,#6410,#6414,.T.);
#6416=ORIENTED_EDGE('',*,*,#6415,.T.);
#6417=CARTESIAN_POINT('',(-10.784490018101692,-1.949999999999998,12.666687188126494));
#6418=DIRECTION('',(0.0,1.0,0.0));
#6419=VECTOR('',#6418,3.899999999999995);
#6420=LINE('',#6417,#6419);
#6421=EDGE_CURVE('',#6124,#6410,#6420,.T.);
#6422=ORIENTED_EDGE('',*,*,#6421,.F.);
#6423=ORIENTED_EDGE('',*,*,#6129,.T.);
#6424=ORIENTED_EDGE('',*,*,#6397,.T.);
#6425=EDGE_LOOP('',(#6416,#6422,#6423,#6424));
#6426=FACE_OUTER_BOUND('',#6425,.T.);
#6427=ADVANCED_FACE('',(#6426),#6408,.T.);
#6428=CARTESIAN_POINT('',(-10.784490018101692,-2.145000000000005,12.116388068007783));
#6429=DIRECTION('',(-1.0,0.0,0.0));
#6430=DIRECTION('',(0.0,0.0,1.0));
#6431=AXIS2_PLACEMENT_3D('',#6428,#6429,#6430);
#6432=PLANE('',#6431);
#6433=CARTESIAN_POINT('',(-10.784490018101692,1.949999999999998,12.142592788013427));
#6434=VERTEX_POINT('',#6433);
#6435=CARTESIAN_POINT('',(-10.784490018101692,1.949999999999998,12.666687188126494));
#6436=DIRECTION('',(0.0,0.0,-1.0));
#6437=VECTOR('',#6436,0.524094400113066);
#6438=LINE('',#6435,#6437);
#6439=EDGE_CURVE('',#6410,#6434,#6438,.T.);
#6440=ORIENTED_EDGE('',*,*,#6439,.T.);
#6441=CARTESIAN_POINT('',(-10.784490018101692,-1.949999999999998,12.142592788013427));
#6442=DIRECTION('',(0.0,1.0,0.0));
#6443=VECTOR('',#6442,3.899999999999995);
#6444=LINE('',#6441,#6443);
#6445=EDGE_CURVE('',#6132,#6434,#6444,.T.);
#6446=ORIENTED_EDGE('',*,*,#6445,.F.);
#6447=ORIENTED_EDGE('',*,*,#6137,.T.);
#6448=ORIENTED_EDGE('',*,*,#6421,.T.);
#6449=EDGE_LOOP('',(#6440,#6446,#6447,#6448));
#6450=FACE_OUTER_BOUND('',#6449,.T.);
#6451=ADVANCED_FACE('',(#6450),#6432,.T.);
#6452=CARTESIAN_POINT('',(-10.999918511766095,-2.145000000000005,12.142592788013427));
#6453=DIRECTION('',(0.0,0.0,1.0));
#6454=DIRECTION('',(1.0,0.0,0.0));
#6455=AXIS2_PLACEMENT_3D('',#6452,#6453,#6454);
#6456=PLANE('',#6455);
#6457=CARTESIAN_POINT('',(-10.989660012067795,1.949999999999998,12.142592788013427));
#6458=VERTEX_POINT('',#6457);
#6459=CARTESIAN_POINT('',(-10.784490018101692,1.949999999999998,12.142592788013427));
#6460=DIRECTION('',(-1.0,0.0,0.0));
#6461=VECTOR('',#6460,0.205169993966102);
#6462=LINE('',#6459,#6461);
#6463=EDGE_CURVE('',#6434,#6458,#6462,.T.);
#6464=ORIENTED_EDGE('',*,*,#6463,.T.);
#6465=CARTESIAN_POINT('',(-10.989660012067795,-1.949999999999998,12.142592788013427));
#6466=DIRECTION('',(0.0,1.0,0.0));
#6467=VECTOR('',#6466,3.899999999999995);
#6468=LINE('',#6465,#6467);
#6469=EDGE_CURVE('',#6140,#6458,#6468,.T.);
#6470=ORIENTED_EDGE('',*,*,#6469,.F.);
#6471=ORIENTED_EDGE('',*,*,#6145,.T.);
#6472=ORIENTED_EDGE('',*,*,#6445,.T.);
#6473=EDGE_LOOP('',(#6464,#6470,#6471,#6472));
#6474=FACE_OUTER_BOUND('',#6473,.T.);
#6475=ADVANCED_FACE('',(#6474),#6456,.T.);
#6476=CARTESIAN_POINT('',(-10.989660012067795,-2.145000000000005,11.592293667894717));
#6477=DIRECTION('',(-1.0,0.0,0.0));
#6478=DIRECTION('',(0.0,0.0,1.0));
#6479=AXIS2_PLACEMENT_3D('',#6476,#6477,#6478);
#6480=PLANE('',#6479);
#6481=CARTESIAN_POINT('',(-10.989660012067795,1.949999999999998,11.618498387900365));
#6482=VERTEX_POINT('',#6481);
#6483=CARTESIAN_POINT('',(-10.989660012067795,1.949999999999998,12.142592788013427));
#6484=DIRECTION('',(0.0,0.0,-1.0));
#6485=VECTOR('',#6484,0.524094400113063);
#6486=LINE('',#6483,#6485);
#6487=EDGE_CURVE('',#6458,#6482,#6486,.T.);
#6488=ORIENTED_EDGE('',*,*,#6487,.T.);
#6489=CARTESIAN_POINT('',(-10.989660012067795,-1.949999999999998,11.618498387900365));
#6490=DIRECTION('',(0.0,1.0,0.0));
#6491=VECTOR('',#6490,3.899999999999995);
#6492=LINE('',#6489,#6491);
#6493=EDGE_CURVE('',#6148,#6482,#6492,.T.);
#6494=ORIENTED_EDGE('',*,*,#6493,.F.);
#6495=ORIENTED_EDGE('',*,*,#6153,.T.);
#6496=ORIENTED_EDGE('',*,*,#6469,.T.);
#6497=EDGE_LOOP('',(#6488,#6494,#6495,#6496));
#6498=FACE_OUTER_BOUND('',#6497,.T.);
#6499=ADVANCED_FACE('',(#6498),#6480,.T.);
#6500=CARTESIAN_POINT('',(-11.205088505732192,-2.145000000000005,11.618498387900365));
#6501=DIRECTION('',(0.0,0.0,1.0));
#6502=DIRECTION('',(1.0,0.0,0.0));
#6503=AXIS2_PLACEMENT_3D('',#6500,#6501,#6502);
#6504=PLANE('',#6503);
#6505=CARTESIAN_POINT('',(-11.194830006033893,1.949999999999998,11.618498387900365));
#6506=VERTEX_POINT('',#6505);
#6507=CARTESIAN_POINT('',(-10.989660012067795,1.949999999999998,11.618498387900365));
#6508=DIRECTION('',(-1.0,0.0,0.0));
#6509=VECTOR('',#6508,0.205169993966098);
#6510=LINE('',#6507,#6509);
#6511=EDGE_CURVE('',#6482,#6506,#6510,.T.);
#6512=ORIENTED_EDGE('',*,*,#6511,.T.);
#6513=CARTESIAN_POINT('',(-11.194830006033893,-1.949999999999998,11.618498387900365));
#6514=DIRECTION('',(0.0,1.0,0.0));
#6515=VECTOR('',#6514,3.899999999999995);
#6516=LINE('',#6513,#6515);
#6517=EDGE_CURVE('',#6156,#6506,#6516,.T.);
#6518=ORIENTED_EDGE('',*,*,#6517,.F.);
#6519=ORIENTED_EDGE('',*,*,#6161,.T.);
#6520=ORIENTED_EDGE('',*,*,#6493,.T.);
#6521=EDGE_LOOP('',(#6512,#6518,#6519,#6520));
#6522=FACE_OUTER_BOUND('',#6521,.T.);
#6523=ADVANCED_FACE('',(#6522),#6504,.T.);
#6524=CARTESIAN_POINT('',(-11.194830006033893,-2.145000000000005,11.068199267781653));
#6525=DIRECTION('',(-1.0,0.0,0.0));
#6526=DIRECTION('',(0.0,0.0,1.0));
#6527=AXIS2_PLACEMENT_3D('',#6524,#6525,#6526);
#6528=PLANE('',#6527);
#6529=CARTESIAN_POINT('',(-11.194830006033893,1.949999999999998,11.094403987787295));
#6530=VERTEX_POINT('',#6529);
#6531=CARTESIAN_POINT('',(-11.194830006033893,1.949999999999998,11.618498387900365));
#6532=DIRECTION('',(0.0,0.0,-1.0));
#6533=VECTOR('',#6532,0.52409440011307);
#6534=LINE('',#6531,#6533);
#6535=EDGE_CURVE('',#6506,#6530,#6534,.T.);
#6536=ORIENTED_EDGE('',*,*,#6535,.T.);
#6537=CARTESIAN_POINT('',(-11.194830006033893,-1.949999999999998,11.094403987787295));
#6538=DIRECTION('',(0.0,1.0,0.0));
#6539=VECTOR('',#6538,3.899999999999995);
#6540=LINE('',#6537,#6539);
#6541=EDGE_CURVE('',#6164,#6530,#6540,.T.);
#6542=ORIENTED_EDGE('',*,*,#6541,.F.);
#6543=ORIENTED_EDGE('',*,*,#6169,.T.);
#6544=ORIENTED_EDGE('',*,*,#6517,.T.);
#6545=EDGE_LOOP('',(#6536,#6542,#6543,#6544));
#6546=FACE_OUTER_BOUND('',#6545,.T.);
#6547=ADVANCED_FACE('',(#6546),#6528,.T.);
#6548=CARTESIAN_POINT('',(-11.410258499698296,-2.145000000000005,11.094403987787295));
#6549=DIRECTION('',(0.0,0.0,1.0));
#6550=DIRECTION('',(1.0,0.0,0.0));
#6551=AXIS2_PLACEMENT_3D('',#6548,#6549,#6550);
#6552=PLANE('',#6551);
#6553=CARTESIAN_POINT('',(-11.399999999999995,1.949999999999998,11.094403987787295));
#6554=VERTEX_POINT('',#6553);
#6555=CARTESIAN_POINT('',(-11.194830006033893,1.949999999999998,11.094403987787295));
#6556=DIRECTION('',(-1.0,0.0,0.0));
#6557=VECTOR('',#6556,0.205169993966102);
#6558=LINE('',#6555,#6557);
#6559=EDGE_CURVE('',#6530,#6554,#6558,.T.);
#6560=ORIENTED_EDGE('',*,*,#6559,.T.);
#6561=CARTESIAN_POINT('',(-11.399999999999995,-1.949999999999998,11.094403987787295));
#6562=DIRECTION('',(0.0,1.0,0.0));
#6563=VECTOR('',#6562,3.899999999999995);
#6564=LINE('',#6561,#6563);
#6565=EDGE_CURVE('',#6172,#6554,#6564,.T.);
#6566=ORIENTED_EDGE('',*,*,#6565,.F.);
#6567=ORIENTED_EDGE('',*,*,#6177,.T.);
#6568=ORIENTED_EDGE('',*,*,#6541,.T.);
#6569=EDGE_LOOP('',(#6560,#6566,#6567,#6568));
#6570=FACE_OUTER_BOUND('',#6569,.T.);
#6571=ADVANCED_FACE('',(#6570),#6552,.T.);
#6572=CARTESIAN_POINT('',(-9.573838635524618,-2.145000000000005,2.595279800610612));
#6573=DIRECTION('',(-0.977686299268639,0.0,-0.210070226882331));
#6574=DIRECTION('',(-0.210070226882331,0.0,0.977686299268639));
#6575=AXIS2_PLACEMENT_3D('',#6572,#6573,#6574);
#6576=PLANE('',#6575);
#6577=CARTESIAN_POINT('',(-9.660798700499644,1.949999999999998,2.999999999999989));
#6578=VERTEX_POINT('',#6577);
#6579=CARTESIAN_POINT('',(-11.399999999999995,1.949999999999998,11.094403987787295));
#6580=DIRECTION('',(0.210070226882331,0.0,-0.977686299268639));
#6581=VECTOR('',#6580,8.279142291185167);
#6582=LINE('',#6579,#6581);
#6583=EDGE_CURVE('',#6554,#6578,#6582,.T.);
#6584=ORIENTED_EDGE('',*,*,#6583,.T.);
#6585=CARTESIAN_POINT('',(-9.660798700499644,-1.949999999999998,2.999999999999989));
#6586=DIRECTION('',(0.0,1.0,0.0));
#6587=VECTOR('',#6586,3.899999999999995);
#6588=LINE('',#6585,#6587);
#6589=EDGE_CURVE('',#6037,#6578,#6588,.T.);
#6590=ORIENTED_EDGE('',*,*,#6589,.F.);
#6591=ORIENTED_EDGE('',*,*,#6183,.T.);
#6592=ORIENTED_EDGE('',*,*,#6565,.T.);
#6593=EDGE_LOOP('',(#6584,#6590,#6591,#6592));
#6594=FACE_OUTER_BOUND('',#6593,.T.);
#6595=ADVANCED_FACE('',(#6594),#6576,.T.);
#6596=CARTESIAN_POINT('',(-10.924164669346702,-2.145000000000005,11.259978695962339));
#6597=DIRECTION('',(0.977686299268639,0.0,0.21007022688233));
#6598=DIRECTION('',(0.21007022688233,0.0,-0.977686299268639));
#6599=AXIS2_PLACEMENT_3D('',#6596,#6597,#6598);
#6600=PLANE('',#6599);
#6601=CARTESIAN_POINT('',(-9.149387217722369,1.949999999999998,2.999999999999989));
#6602=VERTEX_POINT('',#6601);
#6603=CARTESIAN_POINT('',(-9.149387217722369,1.949999999999998,2.999999999999989));
#6604=DIRECTION('',(-0.21007022688233,0.0,0.977686299268639));
#6605=VECTOR('',#6604,8.046186576401514);
#6606=LINE('',#6603,#6605);
#6607=EDGE_CURVE('',#6602,#6194,#6606,.T.);
#6608=ORIENTED_EDGE('',*,*,#6607,.T.);
#6609=ORIENTED_EDGE('',*,*,#6214,.T.);
#6610=ORIENTED_EDGE('',*,*,#6050,.T.);
#6611=CARTESIAN_POINT('',(-9.149387217722369,1.949999999999998,2.999999999999989));
#6612=DIRECTION('',(0.0,-1.0,0.0));
#6613=VECTOR('',#6612,3.899999999999995);
#6614=LINE('',#6611,#6613);
#6615=EDGE_CURVE('',#6602,#6035,#6614,.T.);
#6616=ORIENTED_EDGE('',*,*,#6615,.F.);
#6617=EDGE_LOOP('',(#6608,#6609,#6610,#6616));
#6618=FACE_OUTER_BOUND('',#6617,.T.);
#6619=ADVANCED_FACE('',(#6618),#6600,.T.);
#6620=CARTESIAN_POINT('',(-11.512530639113884,1.949999999999998,2.419999999999997));
#6621=DIRECTION('',(0.0,1.0,0.0));
#6622=DIRECTION('',(0.0,0.0,1.0));
#6623=AXIS2_PLACEMENT_3D('',#6620,#6621,#6622);
#6624=PLANE('',#6623);
#6625=ORIENTED_EDGE('',*,*,#6201,.F.);
#6626=ORIENTED_EDGE('',*,*,#6607,.F.);
#6627=CARTESIAN_POINT('',(-9.660798700499644,1.949999999999998,2.999999999999989));
#6628=DIRECTION('',(1.0,0.0,0.0));
#6629=VECTOR('',#6628,0.511411482777275);
#6630=LINE('',#6627,#6629);
#6631=EDGE_CURVE('',#6578,#6602,#6630,.T.);
#6632=ORIENTED_EDGE('',*,*,#6631,.F.);
#6633=ORIENTED_EDGE('',*,*,#6583,.F.);
#6634=ORIENTED_EDGE('',*,*,#6559,.F.);
#6635=ORIENTED_EDGE('',*,*,#6535,.F.);
#6636=ORIENTED_EDGE('',*,*,#6511,.F.);
#6637=ORIENTED_EDGE('',*,*,#6487,.F.);
#6638=ORIENTED_EDGE('',*,*,#6463,.F.);
#6639=ORIENTED_EDGE('',*,*,#6439,.F.);
#6640=ORIENTED_EDGE('',*,*,#6415,.F.);
#6641=ORIENTED_EDGE('',*,*,#6391,.F.);
#6642=ORIENTED_EDGE('',*,*,#6367,.F.);
#6643=ORIENTED_EDGE('',*,*,#6343,.F.);
#6644=ORIENTED_EDGE('',*,*,#6319,.F.);
#6645=ORIENTED_EDGE('',*,*,#6295,.F.);
#6646=ORIENTED_EDGE('',*,*,#6271,.F.);
#6647=ORIENTED_EDGE('',*,*,#6247,.F.);
#6648=ORIENTED_EDGE('',*,*,#4574,.F.);
#6649=ORIENTED_EDGE('',*,*,#6228,.F.);
#6650=EDGE_LOOP('',(#6625,#6626,#6632,#6633,#6634,#6635,#6636,#6637,#6638,#6639,#6640,#6641,#6642,#6643,#6644,#6645,#6646,#6647,#6648,#6649));
#6651=FACE_OUTER_BOUND('',#6650,.T.);
#6652=ADVANCED_FACE('',(#6651),#6624,.T.);
#6653=CARTESIAN_POINT('',(9.036856578608481,-1.949999999999998,2.419999999999997));
#6654=DIRECTION('',(0.0,1.0,0.0));
#6655=DIRECTION('',(0.0,0.0,1.0));
#6656=AXIS2_PLACEMENT_3D('',#6653,#6654,#6655);
#6657=PLANE('',#6656);
#6658=CARTESIAN_POINT('',(9.660798700499644,-1.949999999999998,2.999999999999989));
#6659=VERTEX_POINT('',#6658);
#6660=CARTESIAN_POINT('',(9.149387217722369,-1.949999999999998,2.999999999999989));
#6661=VERTEX_POINT('',#6660);
#6662=CARTESIAN_POINT('',(9.660798700499644,-1.949999999999998,2.999999999999989));
#6663=DIRECTION('',(-1.0,0.0,0.0));
#6664=VECTOR('',#6663,0.511411482777275);
#6665=LINE('',#6662,#6664);
#6666=EDGE_CURVE('',#6659,#6661,#6665,.T.);
#6667=ORIENTED_EDGE('',*,*,#6666,.F.);
#6668=CARTESIAN_POINT('',(11.399999999999995,-1.949999999999998,11.094403987787295));
#6669=VERTEX_POINT('',#6668);
#6670=CARTESIAN_POINT('',(11.399999999999995,-1.949999999999998,11.094403987787295));
#6671=DIRECTION('',(-0.210070226882331,0.0,-0.977686299268639));
#6672=VECTOR('',#6671,8.279142291185167);
#6673=LINE('',#6670,#6672);
#6674=EDGE_CURVE('',#6669,#6659,#6673,.T.);
#6675=ORIENTED_EDGE('',*,*,#6674,.F.);
#6676=CARTESIAN_POINT('',(11.194830006033893,-1.949999999999998,11.094403987787295));
#6677=VERTEX_POINT('',#6676);
#6678=CARTESIAN_POINT('',(11.194830006033893,-1.949999999999998,11.094403987787295));
#6679=DIRECTION('',(1.0,0.0,0.0));
#6680=VECTOR('',#6679,0.205169993966102);
#6681=LINE('',#6678,#6680);
#6682=EDGE_CURVE('',#6677,#6669,#6681,.T.);
#6683=ORIENTED_EDGE('',*,*,#6682,.F.);
#6684=CARTESIAN_POINT('',(11.194830006033893,-1.949999999999998,11.618498387900365));
#6685=VERTEX_POINT('',#6684);
#6686=CARTESIAN_POINT('',(11.194830006033893,-1.949999999999998,11.618498387900365));
#6687=DIRECTION('',(0.0,0.0,-1.0));
#6688=VECTOR('',#6687,0.52409440011307);
#6689=LINE('',#6686,#6688);
#6690=EDGE_CURVE('',#6685,#6677,#6689,.T.);
#6691=ORIENTED_EDGE('',*,*,#6690,.F.);
#6692=CARTESIAN_POINT('',(10.989660012067795,-1.949999999999998,11.618498387900365));
#6693=VERTEX_POINT('',#6692);
#6694=CARTESIAN_POINT('',(10.989660012067795,-1.949999999999998,11.618498387900365));
#6695=DIRECTION('',(1.0,0.0,0.0));
#6696=VECTOR('',#6695,0.205169993966098);
#6697=LINE('',#6694,#6696);
#6698=EDGE_CURVE('',#6693,#6685,#6697,.T.);
#6699=ORIENTED_EDGE('',*,*,#6698,.F.);
#6700=CARTESIAN_POINT('',(10.989660012067795,-1.949999999999998,12.142592788013427));
#6701=VERTEX_POINT('',#6700);
#6702=CARTESIAN_POINT('',(10.989660012067795,-1.949999999999998,12.142592788013427));
#6703=DIRECTION('',(0.0,0.0,-1.0));
#6704=VECTOR('',#6703,0.524094400113063);
#6705=LINE('',#6702,#6704);
#6706=EDGE_CURVE('',#6701,#6693,#6705,.T.);
#6707=ORIENTED_EDGE('',*,*,#6706,.F.);
#6708=CARTESIAN_POINT('',(10.784490018101692,-1.949999999999998,12.142592788013427));
#6709=VERTEX_POINT('',#6708);
#6710=CARTESIAN_POINT('',(10.784490018101692,-1.949999999999998,12.142592788013427));
#6711=DIRECTION('',(1.0,0.0,0.0));
#6712=VECTOR('',#6711,0.205169993966102);
#6713=LINE('',#6710,#6712);
#6714=EDGE_CURVE('',#6709,#6701,#6713,.T.);
#6715=ORIENTED_EDGE('',*,*,#6714,.F.);
#6716=CARTESIAN_POINT('',(10.784490018101692,-1.949999999999998,12.666687188126494));
#6717=VERTEX_POINT('',#6716);
#6718=CARTESIAN_POINT('',(10.784490018101692,-1.949999999999998,12.666687188126494));
#6719=DIRECTION('',(0.0,0.0,-1.0));
#6720=VECTOR('',#6719,0.524094400113066);
#6721=LINE('',#6718,#6720);
#6722=EDGE_CURVE('',#6717,#6709,#6721,.T.);
#6723=ORIENTED_EDGE('',*,*,#6722,.F.);
#6724=CARTESIAN_POINT('',(10.579320024135566,-1.949999999999998,12.666687188126494));
#6725=VERTEX_POINT('',#6724);
#6726=CARTESIAN_POINT('',(10.579320024135566,-1.949999999999998,12.666687188126494));
#6727=DIRECTION('',(1.0,0.0,0.0));
#6728=VECTOR('',#6727,0.205169993966127);
#6729=LINE('',#6726,#6728);
#6730=EDGE_CURVE('',#6725,#6717,#6729,.T.);
#6731=ORIENTED_EDGE('',*,*,#6730,.F.);
#6732=CARTESIAN_POINT('',(10.579320024135592,-1.949999999999998,13.19078158823956));
#6733=VERTEX_POINT('',#6732);
#6734=CARTESIAN_POINT('',(10.579320024135592,-1.949999999999998,13.19078158823956));
#6735=DIRECTION('',(0.0,0.0,-1.0));
#6736=VECTOR('',#6735,0.524094400113066);
#6737=LINE('',#6734,#6736);
#6738=EDGE_CURVE('',#6733,#6725,#6737,.T.);
#6739=ORIENTED_EDGE('',*,*,#6738,.F.);
#6740=CARTESIAN_POINT('',(10.374150030169467,-1.949999999999998,13.19078158823956));
#6741=VERTEX_POINT('',#6740);
#6742=CARTESIAN_POINT('',(10.374150030169467,-1.949999999999998,13.19078158823956));
#6743=DIRECTION('',(1.0,0.0,0.0));
#6744=VECTOR('',#6743,0.205169993966125);
#6745=LINE('',#6742,#6744);
#6746=EDGE_CURVE('',#6741,#6733,#6745,.T.);
#6747=ORIENTED_EDGE('',*,*,#6746,.F.);
#6748=CARTESIAN_POINT('',(10.374150030169467,-1.949999999999998,13.714875988352651));
#6749=VERTEX_POINT('',#6748);
#6750=CARTESIAN_POINT('',(10.374150030169467,-1.949999999999998,13.714875988352651));
#6751=DIRECTION('',(0.0,0.0,-1.0));
#6752=VECTOR('',#6751,0.524094400113091);
#6753=LINE('',#6750,#6752);
#6754=EDGE_CURVE('',#6749,#6741,#6753,.T.);
#6755=ORIENTED_EDGE('',*,*,#6754,.F.);
#6756=CARTESIAN_POINT('',(10.168980036203363,-1.949999999999998,13.714875988352651));
#6757=VERTEX_POINT('',#6756);
#6758=CARTESIAN_POINT('',(10.168980036203363,-1.949999999999998,13.714875988352651));
#6759=DIRECTION('',(1.0,0.0,0.0));
#6760=VECTOR('',#6759,0.205169993966104);
#6761=LINE('',#6758,#6760);
#6762=EDGE_CURVE('',#6757,#6749,#6761,.T.);
#6763=ORIENTED_EDGE('',*,*,#6762,.F.);
#6764=CARTESIAN_POINT('',(10.168980036203363,-1.949999999999998,14.238970388465717));
#6765=VERTEX_POINT('',#6764);
#6766=CARTESIAN_POINT('',(10.168980036203363,-1.949999999999998,14.238970388465717));
#6767=DIRECTION('',(0.0,0.0,-1.0));
#6768=VECTOR('',#6767,0.524094400113066);
#6769=LINE('',#6766,#6768);
#6770=EDGE_CURVE('',#6765,#6757,#6769,.T.);
#6771=ORIENTED_EDGE('',*,*,#6770,.F.);
#6772=CARTESIAN_POINT('',(9.963810042237267,-1.949999999999998,14.238970388465717));
#6773=VERTEX_POINT('',#6772);
#6774=CARTESIAN_POINT('',(9.963810042237267,-1.949999999999998,14.238970388465717));
#6775=DIRECTION('',(1.0,0.0,0.0));
#6776=VECTOR('',#6775,0.205169993966097);
#6777=LINE('',#6774,#6776);
#6778=EDGE_CURVE('',#6773,#6765,#6777,.T.);
#6779=ORIENTED_EDGE('',*,*,#6778,.F.);
#6780=CARTESIAN_POINT('',(9.963810042237267,-1.949999999999998,14.599999999999991));
#6781=DIRECTION('',(0.0,0.0,-1.0));
#6782=VECTOR('',#6781,0.361029611534274);
#6783=LINE('',#6780,#6782);
#6784=EDGE_CURVE('',#4587,#6773,#6783,.T.);
#6785=ORIENTED_EDGE('',*,*,#6784,.F.);
#6786=ORIENTED_EDGE('',*,*,#4592,.F.);
#6787=CARTESIAN_POINT('',(9.615182614392527,-1.949999999999998,13.994478333960281));
#6788=VERTEX_POINT('',#6787);
#6789=CARTESIAN_POINT('',(9.615182614392527,-1.949999999999998,13.994478333960281));
#6790=DIRECTION('',(0.0,0.0,1.0));
#6791=VECTOR('',#6790,0.60552166603971);
#6792=LINE('',#6789,#6791);
#6793=EDGE_CURVE('',#6788,#4585,#6792,.T.);
#6794=ORIENTED_EDGE('',*,*,#6793,.F.);
#6795=CARTESIAN_POINT('',(10.839651457364599,-1.949999999999998,10.866646377106985));
#6796=VERTEX_POINT('',#6795);
#6797=CARTESIAN_POINT('',(10.839651457364599,-1.949999999999998,10.866646377106985));
#6798=DIRECTION('',(-0.364537366566854,0.0,0.931188760873166));
#6799=VECTOR('',#6798,3.358966611581912);
#6800=LINE('',#6797,#6799);
#6801=EDGE_CURVE('',#6796,#6788,#6800,.T.);
#6802=ORIENTED_EDGE('',*,*,#6801,.F.);
#6803=CARTESIAN_POINT('',(9.149387217722369,-1.949999999999998,2.999999999999989));
#6804=DIRECTION('',(0.21007022688233,0.0,0.977686299268639));
#6805=VECTOR('',#6804,8.046186576401514);
#6806=LINE('',#6803,#6805);
#6807=EDGE_CURVE('',#6661,#6796,#6806,.T.);
#6808=ORIENTED_EDGE('',*,*,#6807,.F.);
#6809=EDGE_LOOP('',(#6667,#6675,#6683,#6691,#6699,#6707,#6715,#6723,#6731,#6739,#6747,#6755,#6763,#6771,#6779,#6785,#6786,#6794,#6802,#6808));
#6810=FACE_OUTER_BOUND('',#6809,.T.);
#6811=ADVANCED_FACE('',(#6810),#6657,.F.);
#6812=CARTESIAN_POINT('',(11.486960064975021,-2.145000000000005,11.499124187176651));
#6813=DIRECTION('',(0.97768629926864,0.0,-0.210070226882325));
#6814=DIRECTION('',(-0.210070226882325,0.0,-0.97768629926864));
#6815=AXIS2_PLACEMENT_3D('',#6812,#6813,#6814);
#6816=PLANE('',#6815);
#6817=CARTESIAN_POINT('',(9.660798700499644,1.949999999999998,2.999999999999989));
#6818=VERTEX_POINT('',#6817);
#6819=CARTESIAN_POINT('',(11.399999999999995,1.949999999999998,11.094403987787295));
#6820=VERTEX_POINT('',#6819);
#6821=CARTESIAN_POINT('',(9.660798700499644,1.949999999999998,2.999999999999989));
#6822=DIRECTION('',(0.210070226882331,0.0,0.977686299268639));
#6823=VECTOR('',#6822,8.279142291185167);
#6824=LINE('',#6821,#6823);
#6825=EDGE_CURVE('',#6818,#6820,#6824,.T.);
#6826=ORIENTED_EDGE('',*,*,#6825,.T.);
#6827=CARTESIAN_POINT('',(11.399999999999995,-1.949999999999998,11.094403987787295));
#6828=DIRECTION('',(0.0,1.0,0.0));
#6829=VECTOR('',#6828,3.899999999999995);
#6830=LINE('',#6827,#6829);
#6831=EDGE_CURVE('',#6669,#6820,#6830,.T.);
#6832=ORIENTED_EDGE('',*,*,#6831,.F.);
#6833=ORIENTED_EDGE('',*,*,#6674,.T.);
#6834=CARTESIAN_POINT('',(9.660798700499644,1.949999999999998,2.999999999999989));
#6835=DIRECTION('',(0.0,-1.0,0.0));
#6836=VECTOR('',#6835,3.899999999999995);
#6837=LINE('',#6834,#6836);
#6838=EDGE_CURVE('',#6818,#6659,#6837,.T.);
#6839=ORIENTED_EDGE('',*,*,#6838,.F.);
#6840=EDGE_LOOP('',(#6826,#6832,#6833,#6839));
#6841=FACE_OUTER_BOUND('',#6840,.T.);
#6842=ADVANCED_FACE('',(#6841),#6816,.T.);
#6843=CARTESIAN_POINT('',(11.18457150633559,-2.145000000000005,11.094403987787295));
#6844=DIRECTION('',(0.0,0.0,1.0));
#6845=DIRECTION('',(1.0,0.0,0.0));
#6846=AXIS2_PLACEMENT_3D('',#6843,#6844,#6845);
#6847=PLANE('',#6846);
#6848=CARTESIAN_POINT('',(11.194830006033893,1.949999999999998,11.094403987787295));
#6849=VERTEX_POINT('',#6848);
#6850=CARTESIAN_POINT('',(11.399999999999995,1.949999999999998,11.094403987787295));
#6851=DIRECTION('',(-1.0,0.0,0.0));
#6852=VECTOR('',#6851,0.205169993966102);
#6853=LINE('',#6850,#6852);
#6854=EDGE_CURVE('',#6820,#6849,#6853,.T.);
#6855=ORIENTED_EDGE('',*,*,#6854,.T.);
#6856=CARTESIAN_POINT('',(11.194830006033893,-1.949999999999998,11.094403987787295));
#6857=DIRECTION('',(0.0,1.0,0.0));
#6858=VECTOR('',#6857,3.899999999999995);
#6859=LINE('',#6856,#6858);
#6860=EDGE_CURVE('',#6677,#6849,#6859,.T.);
#6861=ORIENTED_EDGE('',*,*,#6860,.F.);
#6862=ORIENTED_EDGE('',*,*,#6682,.T.);
#6863=ORIENTED_EDGE('',*,*,#6831,.T.);
#6864=EDGE_LOOP('',(#6855,#6861,#6862,#6863));
#6865=FACE_OUTER_BOUND('',#6864,.T.);
#6866=ADVANCED_FACE('',(#6865),#6847,.T.);
#6867=CARTESIAN_POINT('',(11.194830006033893,-2.145000000000005,11.644703107906007));
#6868=DIRECTION('',(1.0,0.0,0.0));
#6869=DIRECTION('',(0.0,0.0,-1.0));
#6870=AXIS2_PLACEMENT_3D('',#6867,#6868,#6869);
#6871=PLANE('',#6870);
#6872=CARTESIAN_POINT('',(11.194830006033893,1.949999999999998,11.618498387900365));
#6873=VERTEX_POINT('',#6872);
#6874=CARTESIAN_POINT('',(11.194830006033893,1.949999999999998,11.094403987787295));
#6875=DIRECTION('',(0.0,0.0,1.0));
#6876=VECTOR('',#6875,0.524094400113068);
#6877=LINE('',#6874,#6876);
#6878=EDGE_CURVE('',#6849,#6873,#6877,.T.);
#6879=ORIENTED_EDGE('',*,*,#6878,.T.);
#6880=CARTESIAN_POINT('',(11.194830006033893,-1.949999999999998,11.618498387900365));
#6881=DIRECTION('',(0.0,1.0,0.0));
#6882=VECTOR('',#6881,3.899999999999995);
#6883=LINE('',#6880,#6882);
#6884=EDGE_CURVE('',#6685,#6873,#6883,.T.);
#6885=ORIENTED_EDGE('',*,*,#6884,.F.);
#6886=ORIENTED_EDGE('',*,*,#6690,.T.);
#6887=ORIENTED_EDGE('',*,*,#6860,.T.);
#6888=EDGE_LOOP('',(#6879,#6885,#6886,#6887));
#6889=FACE_OUTER_BOUND('',#6888,.T.);
#6890=ADVANCED_FACE('',(#6889),#6871,.T.);
#6891=CARTESIAN_POINT('',(10.979401512369494,-2.145000000000005,11.618498387900365));
#6892=DIRECTION('',(0.0,0.0,1.0));
#6893=DIRECTION('',(1.0,0.0,0.0));
#6894=AXIS2_PLACEMENT_3D('',#6891,#6892,#6893);
#6895=PLANE('',#6894);
#6896=CARTESIAN_POINT('',(10.989660012067795,1.949999999999998,11.618498387900365));
#6897=VERTEX_POINT('',#6896);
#6898=CARTESIAN_POINT('',(11.194830006033893,1.949999999999998,11.618498387900365));
#6899=DIRECTION('',(-1.0,0.0,0.0));
#6900=VECTOR('',#6899,0.205169993966098);
#6901=LINE('',#6898,#6900);
#6902=EDGE_CURVE('',#6873,#6897,#6901,.T.);
#6903=ORIENTED_EDGE('',*,*,#6902,.T.);
#6904=CARTESIAN_POINT('',(10.989660012067795,-1.949999999999998,11.618498387900365));
#6905=DIRECTION('',(0.0,1.0,0.0));
#6906=VECTOR('',#6905,3.899999999999995);
#6907=LINE('',#6904,#6906);
#6908=EDGE_CURVE('',#6693,#6897,#6907,.T.);
#6909=ORIENTED_EDGE('',*,*,#6908,.F.);
#6910=ORIENTED_EDGE('',*,*,#6698,.T.);
#6911=ORIENTED_EDGE('',*,*,#6884,.T.);
#6912=EDGE_LOOP('',(#6903,#6909,#6910,#6911));
#6913=FACE_OUTER_BOUND('',#6912,.T.);
#6914=ADVANCED_FACE('',(#6913),#6895,.T.);
#6915=CARTESIAN_POINT('',(10.989660012067795,-2.145000000000005,12.168797508019072));
#6916=DIRECTION('',(1.0,0.0,0.0));
#6917=DIRECTION('',(0.0,0.0,-1.0));
#6918=AXIS2_PLACEMENT_3D('',#6915,#6916,#6917);
#6919=PLANE('',#6918);
#6920=CARTESIAN_POINT('',(10.989660012067795,1.949999999999998,12.142592788013427));
#6921=VERTEX_POINT('',#6920);
#6922=CARTESIAN_POINT('',(10.989660012067795,1.949999999999998,11.618498387900365));
#6923=DIRECTION('',(0.0,0.0,1.0));
#6924=VECTOR('',#6923,0.524094400113063);
#6925=LINE('',#6922,#6924);
#6926=EDGE_CURVE('',#6897,#6921,#6925,.T.);
#6927=ORIENTED_EDGE('',*,*,#6926,.T.);
#6928=CARTESIAN_POINT('',(10.989660012067795,-1.949999999999998,12.142592788013427));
#6929=DIRECTION('',(0.0,1.0,0.0));
#6930=VECTOR('',#6929,3.899999999999995);
#6931=LINE('',#6928,#6930);
#6932=EDGE_CURVE('',#6701,#6921,#6931,.T.);
#6933=ORIENTED_EDGE('',*,*,#6932,.F.);
#6934=ORIENTED_EDGE('',*,*,#6706,.T.);
#6935=ORIENTED_EDGE('',*,*,#6908,.T.);
#6936=EDGE_LOOP('',(#6927,#6933,#6934,#6935));
#6937=FACE_OUTER_BOUND('',#6936,.T.);
#6938=ADVANCED_FACE('',(#6937),#6919,.T.);
#6939=CARTESIAN_POINT('',(10.774231518403392,-2.145000000000005,12.142592788013427));
#6940=DIRECTION('',(0.0,0.0,1.0));
#6941=DIRECTION('',(1.0,0.0,0.0));
#6942=AXIS2_PLACEMENT_3D('',#6939,#6940,#6941);
#6943=PLANE('',#6942);
#6944=CARTESIAN_POINT('',(10.784490018101692,1.949999999999998,12.142592788013427));
#6945=VERTEX_POINT('',#6944);
#6946=CARTESIAN_POINT('',(10.989660012067795,1.949999999999998,12.142592788013427));
#6947=DIRECTION('',(-1.0,0.0,0.0));
#6948=VECTOR('',#6947,0.205169993966102);
#6949=LINE('',#6946,#6948);
#6950=EDGE_CURVE('',#6921,#6945,#6949,.T.);
#6951=ORIENTED_EDGE('',*,*,#6950,.T.);
#6952=CARTESIAN_POINT('',(10.784490018101692,-1.949999999999998,12.142592788013427));
#6953=DIRECTION('',(0.0,1.0,0.0));
#6954=VECTOR('',#6953,3.899999999999995);
#6955=LINE('',#6952,#6954);
#6956=EDGE_CURVE('',#6709,#6945,#6955,.T.);
#6957=ORIENTED_EDGE('',*,*,#6956,.F.);
#6958=ORIENTED_EDGE('',*,*,#6714,.T.);
#6959=ORIENTED_EDGE('',*,*,#6932,.T.);
#6960=EDGE_LOOP('',(#6951,#6957,#6958,#6959));
#6961=FACE_OUTER_BOUND('',#6960,.T.);
#6962=ADVANCED_FACE('',(#6961),#6943,.T.);
#6963=CARTESIAN_POINT('',(10.784490018101692,-2.145000000000005,12.692891908132138));
#6964=DIRECTION('',(1.0,0.0,0.0));
#6965=DIRECTION('',(0.0,0.0,-1.0));
#6966=AXIS2_PLACEMENT_3D('',#6963,#6964,#6965);
#6967=PLANE('',#6966);
#6968=CARTESIAN_POINT('',(10.784490018101692,1.949999999999998,12.666687188126494));
#6969=VERTEX_POINT('',#6968);
#6970=CARTESIAN_POINT('',(10.784490018101692,1.949999999999998,12.142592788013427));
#6971=DIRECTION('',(0.0,0.0,1.0));
#6972=VECTOR('',#6971,0.524094400113066);
#6973=LINE('',#6970,#6972);
#6974=EDGE_CURVE('',#6945,#6969,#6973,.T.);
#6975=ORIENTED_EDGE('',*,*,#6974,.T.);
#6976=CARTESIAN_POINT('',(10.784490018101692,-1.949999999999998,12.666687188126494));
#6977=DIRECTION('',(0.0,1.0,0.0));
#6978=VECTOR('',#6977,3.899999999999995);
#6979=LINE('',#6976,#6978);
#6980=EDGE_CURVE('',#6717,#6969,#6979,.T.);
#6981=ORIENTED_EDGE('',*,*,#6980,.F.);
#6982=ORIENTED_EDGE('',*,*,#6722,.T.);
#6983=ORIENTED_EDGE('',*,*,#6956,.T.);
#6984=EDGE_LOOP('',(#6975,#6981,#6982,#6983));
#6985=FACE_OUTER_BOUND('',#6984,.T.);
#6986=ADVANCED_FACE('',(#6985),#6967,.T.);
#6987=CARTESIAN_POINT('',(10.569061524437265,-2.145000000000005,12.666687188126494));
#6988=DIRECTION('',(0.0,0.0,1.0));
#6989=DIRECTION('',(1.0,0.0,0.0));
#6990=AXIS2_PLACEMENT_3D('',#6987,#6988,#6989);
#6991=PLANE('',#6990);
#6992=CARTESIAN_POINT('',(10.579320024135566,1.949999999999998,12.666687188126494));
#6993=VERTEX_POINT('',#6992);
#6994=CARTESIAN_POINT('',(10.784490018101692,1.949999999999998,12.666687188126494));
#6995=DIRECTION('',(-1.0,0.0,0.0));
#6996=VECTOR('',#6995,0.205169993966127);
#6997=LINE('',#6994,#6996);
#6998=EDGE_CURVE('',#6969,#6993,#6997,.T.);
#6999=ORIENTED_EDGE('',*,*,#6998,.T.);
#7000=CARTESIAN_POINT('',(10.579320024135566,-1.949999999999998,12.666687188126494));
#7001=DIRECTION('',(0.0,1.0,0.0));
#7002=VECTOR('',#7001,3.899999999999995);
#7003=LINE('',#7000,#7002);
#7004=EDGE_CURVE('',#6725,#6993,#7003,.T.);
#7005=ORIENTED_EDGE('',*,*,#7004,.F.);
#7006=ORIENTED_EDGE('',*,*,#6730,.T.);
#7007=ORIENTED_EDGE('',*,*,#6980,.T.);
#7008=EDGE_LOOP('',(#6999,#7005,#7006,#7007));
#7009=FACE_OUTER_BOUND('',#7008,.T.);
#7010=ADVANCED_FACE('',(#7009),#6991,.T.);
#7011=CARTESIAN_POINT('',(10.579320024135566,-2.145000000000005,13.216986308245202));
#7012=DIRECTION('',(1.0,0.0,0.0));
#7013=DIRECTION('',(0.0,0.0,-1.0));
#7014=AXIS2_PLACEMENT_3D('',#7011,#7012,#7013);
#7015=PLANE('',#7014);
#7016=CARTESIAN_POINT('',(10.579320024135592,1.949999999999998,13.19078158823956));
#7017=VERTEX_POINT('',#7016);
#7018=CARTESIAN_POINT('',(10.579320024135566,1.949999999999998,12.666687188126494));
#7019=DIRECTION('',(0.0,0.0,1.0));
#7020=VECTOR('',#7019,0.524094400113066);
#7021=LINE('',#7018,#7020);
#7022=EDGE_CURVE('',#6993,#7017,#7021,.T.);
#7023=ORIENTED_EDGE('',*,*,#7022,.T.);
#7024=CARTESIAN_POINT('',(10.579320024135592,-1.949999999999998,13.19078158823956));
#7025=DIRECTION('',(0.0,1.0,0.0));
#7026=VECTOR('',#7025,3.899999999999995);
#7027=LINE('',#7024,#7026);
#7028=EDGE_CURVE('',#6733,#7017,#7027,.T.);
#7029=ORIENTED_EDGE('',*,*,#7028,.F.);
#7030=ORIENTED_EDGE('',*,*,#6738,.T.);
#7031=ORIENTED_EDGE('',*,*,#7004,.T.);
#7032=EDGE_LOOP('',(#7023,#7029,#7030,#7031));
#7033=FACE_OUTER_BOUND('',#7032,.T.);
#7034=ADVANCED_FACE('',(#7033),#7015,.T.);
#7035=CARTESIAN_POINT('',(10.363891530471168,-2.145000000000005,13.19078158823956));
#7036=DIRECTION('',(0.0,0.0,1.0));
#7037=DIRECTION('',(1.0,0.0,0.0));
#7038=AXIS2_PLACEMENT_3D('',#7035,#7036,#7037);
#7039=PLANE('',#7038);
#7040=CARTESIAN_POINT('',(10.374150030169467,1.949999999999998,13.19078158823956));
#7041=VERTEX_POINT('',#7040);
#7042=CARTESIAN_POINT('',(10.579320024135592,1.949999999999998,13.19078158823956));
#7043=DIRECTION('',(-1.0,0.0,0.0));
#7044=VECTOR('',#7043,0.205169993966125);
#7045=LINE('',#7042,#7044);
#7046=EDGE_CURVE('',#7017,#7041,#7045,.T.);
#7047=ORIENTED_EDGE('',*,*,#7046,.T.);
#7048=CARTESIAN_POINT('',(10.374150030169467,-1.949999999999998,13.19078158823956));
#7049=DIRECTION('',(0.0,1.0,0.0));
#7050=VECTOR('',#7049,3.899999999999995);
#7051=LINE('',#7048,#7050);
#7052=EDGE_CURVE('',#6741,#7041,#7051,.T.);
#7053=ORIENTED_EDGE('',*,*,#7052,.F.);
#7054=ORIENTED_EDGE('',*,*,#6746,.T.);
#7055=ORIENTED_EDGE('',*,*,#7028,.T.);
#7056=EDGE_LOOP('',(#7047,#7053,#7054,#7055));
#7057=FACE_OUTER_BOUND('',#7056,.T.);
#7058=ADVANCED_FACE('',(#7057),#7039,.T.);
#7059=CARTESIAN_POINT('',(10.374150030169467,-2.145000000000005,13.741080708358293));
#7060=DIRECTION('',(1.0,0.0,0.0));
#7061=DIRECTION('',(0.0,0.0,-1.0));
#7062=AXIS2_PLACEMENT_3D('',#7059,#7060,#7061);
#7063=PLANE('',#7062);
#7064=CARTESIAN_POINT('',(10.374150030169467,1.949999999999998,13.714875988352651));
#7065=VERTEX_POINT('',#7064);
#7066=CARTESIAN_POINT('',(10.374150030169467,1.949999999999998,13.19078158823956));
#7067=DIRECTION('',(0.0,0.0,1.0));
#7068=VECTOR('',#7067,0.524094400113091);
#7069=LINE('',#7066,#7068);
#7070=EDGE_CURVE('',#7041,#7065,#7069,.T.);
#7071=ORIENTED_EDGE('',*,*,#7070,.T.);
#7072=CARTESIAN_POINT('',(10.374150030169467,-1.949999999999998,13.714875988352651));
#7073=DIRECTION('',(0.0,1.0,0.0));
#7074=VECTOR('',#7073,3.899999999999995);
#7075=LINE('',#7072,#7074);
#7076=EDGE_CURVE('',#6749,#7065,#7075,.T.);
#7077=ORIENTED_EDGE('',*,*,#7076,.F.);
#7078=ORIENTED_EDGE('',*,*,#6754,.T.);
#7079=ORIENTED_EDGE('',*,*,#7052,.T.);
#7080=EDGE_LOOP('',(#7071,#7077,#7078,#7079));
#7081=FACE_OUTER_BOUND('',#7080,.T.);
#7082=ADVANCED_FACE('',(#7081),#7063,.T.);
#7083=CARTESIAN_POINT('',(10.158721536505064,-2.145000000000005,13.714875988352651));
#7084=DIRECTION('',(0.0,0.0,1.0));
#7085=DIRECTION('',(1.0,0.0,0.0));
#7086=AXIS2_PLACEMENT_3D('',#7083,#7084,#7085);
#7087=PLANE('',#7086);
#7088=CARTESIAN_POINT('',(10.168980036203363,1.949999999999998,13.714875988352651));
#7089=VERTEX_POINT('',#7088);
#7090=CARTESIAN_POINT('',(10.374150030169467,1.949999999999998,13.714875988352651));
#7091=DIRECTION('',(-1.0,0.0,0.0));
#7092=VECTOR('',#7091,0.205169993966104);
#7093=LINE('',#7090,#7092);
#7094=EDGE_CURVE('',#7065,#7089,#7093,.T.);
#7095=ORIENTED_EDGE('',*,*,#7094,.T.);
#7096=CARTESIAN_POINT('',(10.168980036203363,-1.949999999999998,13.714875988352651));
#7097=DIRECTION('',(0.0,1.0,0.0));
#7098=VECTOR('',#7097,3.899999999999995);
#7099=LINE('',#7096,#7098);
#7100=EDGE_CURVE('',#6757,#7089,#7099,.T.);
#7101=ORIENTED_EDGE('',*,*,#7100,.F.);
#7102=ORIENTED_EDGE('',*,*,#6762,.T.);
#7103=ORIENTED_EDGE('',*,*,#7076,.T.);
#7104=EDGE_LOOP('',(#7095,#7101,#7102,#7103));
#7105=FACE_OUTER_BOUND('',#7104,.T.);
#7106=ADVANCED_FACE('',(#7105),#7087,.T.);
#7107=CARTESIAN_POINT('',(10.168980036203363,-2.145000000000005,14.265175108471361));
#7108=DIRECTION('',(1.0,0.0,0.0));
#7109=DIRECTION('',(0.0,0.0,-1.0));
#7110=AXIS2_PLACEMENT_3D('',#7107,#7108,#7109);
#7111=PLANE('',#7110);
#7112=CARTESIAN_POINT('',(10.168980036203363,1.949999999999998,14.238970388465717));
#7113=VERTEX_POINT('',#7112);
#7114=CARTESIAN_POINT('',(10.168980036203363,1.949999999999998,13.714875988352651));
#7115=DIRECTION('',(0.0,0.0,1.0));
#7116=VECTOR('',#7115,0.524094400113066);
#7117=LINE('',#7114,#7116);
#7118=EDGE_CURVE('',#7089,#7113,#7117,.T.);
#7119=ORIENTED_EDGE('',*,*,#7118,.T.);
#7120=CARTESIAN_POINT('',(10.168980036203363,-1.949999999999998,14.238970388465717));
#7121=DIRECTION('',(0.0,1.0,0.0));
#7122=VECTOR('',#7121,3.899999999999995);
#7123=LINE('',#7120,#7122);
#7124=EDGE_CURVE('',#6765,#7113,#7123,.T.);
#7125=ORIENTED_EDGE('',*,*,#7124,.F.);
#7126=ORIENTED_EDGE('',*,*,#6770,.T.);
#7127=ORIENTED_EDGE('',*,*,#7100,.T.);
#7128=EDGE_LOOP('',(#7119,#7125,#7126,#7127));
#7129=FACE_OUTER_BOUND('',#7128,.T.);
#7130=ADVANCED_FACE('',(#7129),#7111,.T.);
#7131=CARTESIAN_POINT('',(9.953551542538964,-2.145000000000005,14.238970388465717));
#7132=DIRECTION('',(0.0,0.0,1.0));
#7133=DIRECTION('',(1.0,0.0,0.0));
#7134=AXIS2_PLACEMENT_3D('',#7131,#7132,#7133);
#7135=PLANE('',#7134);
#7136=CARTESIAN_POINT('',(9.963810042237267,1.949999999999998,14.238970388465717));
#7137=VERTEX_POINT('',#7136);
#7138=CARTESIAN_POINT('',(10.168980036203363,1.949999999999998,14.238970388465717));
#7139=DIRECTION('',(-1.0,0.0,0.0));
#7140=VECTOR('',#7139,0.205169993966097);
#7141=LINE('',#7138,#7140);
#7142=EDGE_CURVE('',#7113,#7137,#7141,.T.);
#7143=ORIENTED_EDGE('',*,*,#7142,.T.);
#7144=CARTESIAN_POINT('',(9.963810042237267,-1.949999999999998,14.238970388465717));
#7145=DIRECTION('',(0.0,1.0,0.0));
#7146=VECTOR('',#7145,3.899999999999995);
#7147=LINE('',#7144,#7146);
#7148=EDGE_CURVE('',#6773,#7137,#7147,.T.);
#7149=ORIENTED_EDGE('',*,*,#7148,.F.);
#7150=ORIENTED_EDGE('',*,*,#6778,.T.);
#7151=ORIENTED_EDGE('',*,*,#7124,.T.);
#7152=EDGE_LOOP('',(#7143,#7149,#7150,#7151));
#7153=FACE_OUTER_BOUND('',#7152,.T.);
#7154=ADVANCED_FACE('',(#7153),#7135,.T.);
#7155=CARTESIAN_POINT('',(9.963810042237267,-2.145000000000005,14.618051480576693));
#7156=DIRECTION('',(1.0,0.0,0.0));
#7157=DIRECTION('',(0.0,0.0,-1.0));
#7158=AXIS2_PLACEMENT_3D('',#7155,#7156,#7157);
#7159=PLANE('',#7158);
#7160=CARTESIAN_POINT('',(9.963810042237267,1.949999999999998,14.238970388465717));
#7161=DIRECTION('',(0.0,0.0,1.0));
#7162=VECTOR('',#7161,0.361029611534274);
#7163=LINE('',#7160,#7162);
#7164=EDGE_CURVE('',#7137,#4595,#7163,.T.);
#7165=ORIENTED_EDGE('',*,*,#7164,.T.);
#7166=ORIENTED_EDGE('',*,*,#4600,.F.);
#7167=ORIENTED_EDGE('',*,*,#6784,.T.);
#7168=ORIENTED_EDGE('',*,*,#7148,.T.);
#7169=EDGE_LOOP('',(#7165,#7166,#7167,#7168));
#7170=FACE_OUTER_BOUND('',#7169,.T.);
#7171=ADVANCED_FACE('',(#7170),#7159,.T.);
#7172=CARTESIAN_POINT('',(9.615182614392552,-2.145000000000005,13.964202250658284));
#7173=DIRECTION('',(-1.0,0.0,0.0));
#7174=DIRECTION('',(0.0,0.0,1.0));
#7175=AXIS2_PLACEMENT_3D('',#7172,#7173,#7174);
#7176=PLANE('',#7175);
#7177=CARTESIAN_POINT('',(9.615182614392527,1.949999999999998,13.994478333960281));
#7178=VERTEX_POINT('',#7177);
#7179=CARTESIAN_POINT('',(9.615182614392552,1.949999999999998,14.599999999999991));
#7180=DIRECTION('',(0.0,0.0,-1.0));
#7181=VECTOR('',#7180,0.60552166603971);
#7182=LINE('',#7179,#7181);
#7183=EDGE_CURVE('',#4603,#7178,#7182,.T.);
#7184=ORIENTED_EDGE('',*,*,#7183,.T.);
#7185=CARTESIAN_POINT('',(9.615182614392527,-1.949999999999998,13.994478333960281));
#7186=DIRECTION('',(0.0,1.0,0.0));
#7187=VECTOR('',#7186,3.899999999999995);
#7188=LINE('',#7185,#7187);
#7189=EDGE_CURVE('',#6788,#7178,#7188,.T.);
#7190=ORIENTED_EDGE('',*,*,#7189,.F.);
#7191=ORIENTED_EDGE('',*,*,#6793,.T.);
#7192=ORIENTED_EDGE('',*,*,#4614,.F.);
#7193=EDGE_LOOP('',(#7184,#7190,#7191,#7192));
#7194=FACE_OUTER_BOUND('',#7193,.T.);
#7195=ADVANCED_FACE('',(#7194),#7176,.T.);
#7196=CARTESIAN_POINT('',(10.900874899513205,-2.145000000000005,10.710254779264314));
#7197=DIRECTION('',(-0.931188760873166,0.0,-0.364537366566855));
#7198=DIRECTION('',(-0.364537366566855,0.0,0.931188760873166));
#7199=AXIS2_PLACEMENT_3D('',#7196,#7197,#7198);
#7200=PLANE('',#7199);
#7201=CARTESIAN_POINT('',(10.839651457364599,1.949999999999998,10.866646377106985));
#7202=VERTEX_POINT('',#7201);
#7203=CARTESIAN_POINT('',(9.615182614392527,1.949999999999998,13.994478333960281));
#7204=DIRECTION('',(0.364537366566854,0.0,-0.931188760873166));
#7205=VECTOR('',#7204,3.358966611581912);
#7206=LINE('',#7203,#7205);
#7207=EDGE_CURVE('',#7178,#7202,#7206,.T.);
#7208=ORIENTED_EDGE('',*,*,#7207,.T.);
#7209=CARTESIAN_POINT('',(10.839651457364599,-1.949999999999998,10.866646377106985));
#7210=DIRECTION('',(0.0,1.0,0.0));
#7211=VECTOR('',#7210,3.899999999999995);
#7212=LINE('',#7209,#7211);
#7213=EDGE_CURVE('',#6796,#7202,#7212,.T.);
#7214=ORIENTED_EDGE('',*,*,#7213,.F.);
#7215=ORIENTED_EDGE('',*,*,#6801,.T.);
#7216=ORIENTED_EDGE('',*,*,#7189,.T.);
#7217=EDGE_LOOP('',(#7208,#7214,#7215,#7216));
#7218=FACE_OUTER_BOUND('',#7217,.T.);
#7219=ADVANCED_FACE('',(#7218),#7200,.T.);
#7220=CARTESIAN_POINT('',(9.064874005740265,-2.145000000000005,2.606667681144635));
#7221=DIRECTION('',(-0.977686299268639,0.0,0.21007022688233));
#7222=DIRECTION('',(0.21007022688233,0.0,0.977686299268639));
#7223=AXIS2_PLACEMENT_3D('',#7220,#7221,#7222);
#7224=PLANE('',#7223);
#7225=CARTESIAN_POINT('',(9.149387217722369,1.949999999999998,2.999999999999989));
#7226=VERTEX_POINT('',#7225);
#7227=CARTESIAN_POINT('',(10.839651457364599,1.949999999999998,10.866646377106985));
#7228=DIRECTION('',(-0.21007022688233,0.0,-0.977686299268639));
#7229=VECTOR('',#7228,8.046186576401516);
#7230=LINE('',#7227,#7229);
#7231=EDGE_CURVE('',#7202,#7226,#7230,.T.);
#7232=ORIENTED_EDGE('',*,*,#7231,.T.);
#7233=CARTESIAN_POINT('',(9.149387217722369,-1.949999999999998,2.999999999999989));
#7234=DIRECTION('',(0.0,1.0,0.0));
#7235=VECTOR('',#7234,3.899999999999995);
#7236=LINE('',#7233,#7235);
#7237=EDGE_CURVE('',#6661,#7226,#7236,.T.);
#7238=ORIENTED_EDGE('',*,*,#7237,.F.);
#7239=ORIENTED_EDGE('',*,*,#6807,.T.);
#7240=ORIENTED_EDGE('',*,*,#7213,.T.);
#7241=EDGE_LOOP('',(#7232,#7238,#7239,#7240));
#7242=FACE_OUTER_BOUND('',#7241,.T.);
#7243=ADVANCED_FACE('',(#7242),#7224,.T.);
#7244=CARTESIAN_POINT('',(9.036856578608481,1.949999999999998,2.419999999999997));
#7245=DIRECTION('',(0.0,1.0,0.0));
#7246=DIRECTION('',(0.0,0.0,1.0));
#7247=AXIS2_PLACEMENT_3D('',#7244,#7245,#7246);
#7248=PLANE('',#7247);
#7249=ORIENTED_EDGE('',*,*,#6825,.F.);
#7250=CARTESIAN_POINT('',(9.149387217722369,1.949999999999998,2.999999999999989));
#7251=DIRECTION('',(1.0,0.0,0.0));
#7252=VECTOR('',#7251,0.511411482777275);
#7253=LINE('',#7250,#7252);
#7254=EDGE_CURVE('',#7226,#6818,#7253,.T.);
#7255=ORIENTED_EDGE('',*,*,#7254,.F.);
#7256=ORIENTED_EDGE('',*,*,#7231,.F.);
#7257=ORIENTED_EDGE('',*,*,#7207,.F.);
#7258=ORIENTED_EDGE('',*,*,#7183,.F.);
#7259=ORIENTED_EDGE('',*,*,#4608,.F.);
#7260=ORIENTED_EDGE('',*,*,#7164,.F.);
#7261=ORIENTED_EDGE('',*,*,#7142,.F.);
#7262=ORIENTED_EDGE('',*,*,#7118,.F.);
#7263=ORIENTED_EDGE('',*,*,#7094,.F.);
#7264=ORIENTED_EDGE('',*,*,#7070,.F.);
#7265=ORIENTED_EDGE('',*,*,#7046,.F.);
#7266=ORIENTED_EDGE('',*,*,#7022,.F.);
#7267=ORIENTED_EDGE('',*,*,#6998,.F.);
#7268=ORIENTED_EDGE('',*,*,#6974,.F.);
#7269=ORIENTED_EDGE('',*,*,#6950,.F.);
#7270=ORIENTED_EDGE('',*,*,#6926,.F.);
#7271=ORIENTED_EDGE('',*,*,#6902,.F.);
#7272=ORIENTED_EDGE('',*,*,#6878,.F.);
#7273=ORIENTED_EDGE('',*,*,#6854,.F.);
#7274=EDGE_LOOP('',(#7249,#7255,#7256,#7257,#7258,#7259,#7260,#7261,#7262,#7263,#7264,#7265,#7266,#7267,#7268,#7269,#7270,#7271,#7272,#7273));
#7275=FACE_OUTER_BOUND('',#7274,.T.);
#7276=ADVANCED_FACE('',(#7275),#7248,.T.);
#7277=CARTESIAN_POINT('',(0.0,0.0,17.29999999999999));
#7278=DIRECTION('',(0.0,0.0,-1.0));
#7279=DIRECTION('',(-1.0,0.0,0.0));
#7280=AXIS2_PLACEMENT_3D('',#7277,#7278,#7279);
#7281=CYLINDRICAL_SURFACE('',#7280,8.100000000000009);
#7282=CARTESIAN_POINT('',(8.100000000000009,0.0,2.599999999999989));
#7283=VERTEX_POINT('',#7282);
#7284=CARTESIAN_POINT('',(0.0,0.0,2.599999999999989));
#7285=DIRECTION('',(0.0,0.0,1.0));
#7286=DIRECTION('',(-1.0,0.0,0.0));
#7287=AXIS2_PLACEMENT_3D('',#7284,#7285,#7286);
#7288=CIRCLE('',#7287,8.100000000000009);
#7289=EDGE_CURVE('',#7283,#7283,#7288,.T.);
#7290=ORIENTED_EDGE('',*,*,#7289,.F.);
#7291=EDGE_LOOP('',(#7290));
#7292=FACE_OUTER_BOUND('',#7291,.T.);
#7293=CARTESIAN_POINT('',(8.100000000000009,0.0,16.599999999999998));
#7294=VERTEX_POINT('',#7293);
#7295=CARTESIAN_POINT('',(0.0,0.0,16.599999999999998));
#7296=DIRECTION('',(0.0,0.0,-1.0));
#7297=DIRECTION('',(-1.0,0.0,0.0));
#7298=AXIS2_PLACEMENT_3D('',#7295,#7296,#7297);
#7299=CIRCLE('',#7298,8.100000000000009);
#7300=EDGE_CURVE('',#7294,#7294,#7299,.T.);
#7301=ORIENTED_EDGE('',*,*,#7300,.F.);
#7302=EDGE_LOOP('',(#7301));
#7303=FACE_BOUND('',#7302,.T.);
#7304=ORIENTED_EDGE('',*,*,#1910,.T.);
#7305=ORIENTED_EDGE('',*,*,#1630,.T.);
#7306=ORIENTED_EDGE('',*,*,#1540,.T.);
#7307=EDGE_LOOP('',(#7304,#7305,#7306));
#7308=FACE_BOUND('',#7307,.T.);
#7309=ORIENTED_EDGE('',*,*,#1409,.T.);
#7310=ORIENTED_EDGE('',*,*,#1496,.T.);
#7311=ORIENTED_EDGE('',*,*,#1890,.T.);
#7312=EDGE_LOOP('',(#7309,#7310,#7311));
#7313=FACE_BOUND('',#7312,.T.);
#7314=ORIENTED_EDGE('',*,*,#1442,.T.);
#7315=ORIENTED_EDGE('',*,*,#1918,.T.);
#7316=ORIENTED_EDGE('',*,*,#1514,.T.);
#7317=EDGE_LOOP('',(#7314,#7315,#7316));
#7318=FACE_BOUND('',#7317,.T.);
#7319=ORIENTED_EDGE('',*,*,#1898,.T.);
#7320=ORIENTED_EDGE('',*,*,#1566,.T.);
#7321=ORIENTED_EDGE('',*,*,#1661,.T.);
#7322=EDGE_LOOP('',(#7319,#7320,#7321));
#7323=FACE_BOUND('',#7322,.T.);
#7324=ORIENTED_EDGE('',*,*,#4296,.T.);
#7325=EDGE_LOOP('',(#7324));
#7326=FACE_BOUND('',#7325,.T.);
#7327=ORIENTED_EDGE('',*,*,#4035,.T.);
#7328=EDGE_LOOP('',(#7327));
#7329=FACE_BOUND('',#7328,.T.);
#7330=ADVANCED_FACE('',(#7292,#7303,#7308,#7313,#7318,#7323,#7326,#7329),#7281,.F.);
#7331=CARTESIAN_POINT('',(8.91000000000002,-8.91000000000002,2.599999999999989));
#7332=DIRECTION('',(0.0,0.0,-1.0));
#7333=DIRECTION('',(-1.0,0.0,0.0));
#7334=AXIS2_PLACEMENT_3D('',#7331,#7332,#7333);
#7335=PLANE('',#7334);
#7336=ORIENTED_EDGE('',*,*,#7289,.T.);
#7337=EDGE_LOOP('',(#7336));
#7338=FACE_OUTER_BOUND('',#7337,.T.);
#7339=ADVANCED_FACE('',(#7338),#7335,.F.);
#7340=CARTESIAN_POINT('',(0.0,0.0,6.759999999999984));
#7341=DIRECTION('',(0.0,0.0,-1.0));
#7342=DIRECTION('',(1.0,0.0,0.0));
#7343=AXIS2_PLACEMENT_3D('',#7340,#7341,#7342);
#7344=CONICAL_SURFACE('',#7343,25.399999999999999,59.036243467926447);
#7345=CARTESIAN_POINT('',(-11.5,2.816687E-015,15.100000000000001));
#7346=VERTEX_POINT('',#7345);
#7347=CARTESIAN_POINT('',(0.0,0.0,15.100000000000001));
#7348=DIRECTION('',(0.0,0.0,1.0));
#7349=DIRECTION('',(-1.0,0.0,0.0));
#7350=AXIS2_PLACEMENT_3D('',#7347,#7348,#7349);
#7351=CIRCLE('',#7350,11.5);
#7352=EDGE_CURVE('',#7346,#7346,#7351,.T.);
#7353=ORIENTED_EDGE('',*,*,#7352,.T.);
#7354=EDGE_LOOP('',(#7353));
#7355=FACE_OUTER_BOUND('',#7354,.T.);
#7356=CARTESIAN_POINT('',(8.999999999999993,1.102182E-015,16.599999999999998));
#7357=VERTEX_POINT('',#7356);
#7358=CARTESIAN_POINT('',(0.0,0.0,16.599999999999998));
#7359=DIRECTION('',(0.0,0.0,-1.0));
#7360=DIRECTION('',(-1.0,0.0,0.0));
#7361=AXIS2_PLACEMENT_3D('',#7358,#7359,#7360);
#7362=CIRCLE('',#7361,8.999999999999993);
#7363=EDGE_CURVE('',#7357,#7357,#7362,.T.);
#7364=ORIENTED_EDGE('',*,*,#7363,.T.);
#7365=EDGE_LOOP('',(#7364));
#7366=FACE_BOUND('',#7365,.T.);
#7367=ADVANCED_FACE('',(#7355,#7366),#7344,.T.);
#7368=CARTESIAN_POINT('',(0.0,0.0,14.574999999999994));
#7369=DIRECTION('',(0.0,0.0,1.0));
#7370=DIRECTION('',(-1.0,0.0,0.0));
#7371=AXIS2_PLACEMENT_3D('',#7368,#7369,#7370);
#7372=CYLINDRICAL_SURFACE('',#7371,11.5);
#7373=ORIENTED_EDGE('',*,*,#7352,.F.);
#7374=EDGE_LOOP('',(#7373));
#7375=FACE_OUTER_BOUND('',#7374,.T.);
#7376=ORIENTED_EDGE('',*,*,#4469,.F.);
#7377=EDGE_LOOP('',(#7376));
#7378=FACE_BOUND('',#7377,.T.);
#7379=ADVANCED_FACE('',(#7375,#7378),#7372,.T.);
#7380=CARTESIAN_POINT('',(9.899999999999999,-9.899999999999999,16.599999999999998));
#7381=DIRECTION('',(0.0,0.0,-1.0));
#7382=DIRECTION('',(-1.0,0.0,0.0));
#7383=AXIS2_PLACEMENT_3D('',#7380,#7381,#7382);
#7384=PLANE('',#7383);
#7385=ORIENTED_EDGE('',*,*,#7363,.F.);
#7386=EDGE_LOOP('',(#7385));
#7387=FACE_OUTER_BOUND('',#7386,.T.);
#7388=ORIENTED_EDGE('',*,*,#7300,.T.);
#7389=EDGE_LOOP('',(#7388));
#7390=FACE_BOUND('',#7389,.T.);
#7391=ADVANCED_FACE('',(#7387,#7390),#7384,.F.);
#7392=CARTESIAN_POINT('',(-8.299999999999999,-5.935924527822095,11.399999999999995));
#7393=DIRECTION('',(1.0,0.0,0.0));
#7394=DIRECTION('',(0.0,0.0,-1.0));
#7395=AXIS2_PLACEMENT_3D('',#7392,#7393,#7394);
#7396=PLANE('',#7395);
#7397=ORIENTED_EDGE('',*,*,#4701,.F.);
#7398=CARTESIAN_POINT('',(-8.299999999999999,-5.39629502529281,10.999999999999993));
#7399=DIRECTION('',(0.0,1.0,0.0));
#7400=VECTOR('',#7399,10.79259005058562);
#7401=LINE('',#7398,#7400);
#7402=EDGE_CURVE('',#4687,#4713,#7401,.T.);
#7403=ORIENTED_EDGE('',*,*,#7402,.T.);
#7404=ORIENTED_EDGE('',*,*,#4718,.F.);
#7405=CARTESIAN_POINT('',(-8.299999999999999,-5.39629502529281,2.999999999999989));
#7406=DIRECTION('',(0.0,1.0,0.0));
#7407=VECTOR('',#7406,10.79259005058562);
#7408=LINE('',#7405,#7407);
#7409=EDGE_CURVE('',#4696,#4704,#7408,.T.);
#7410=ORIENTED_EDGE('',*,*,#7409,.F.);
#7411=EDGE_LOOP('',(#7397,#7403,#7404,#7410));
#7412=FACE_OUTER_BOUND('',#7411,.T.);
#7413=ADVANCED_FACE('',(#7412),#7396,.F.);
#7414=CARTESIAN_POINT('',(-8.221015120409899,-5.935924527822095,2.999999999999989));
#7415=DIRECTION('',(0.0,0.0,-1.0));
#7416=DIRECTION('',(-1.0,0.0,0.0));
#7417=AXIS2_PLACEMENT_3D('',#7414,#7415,#7416);
#7418=PLANE('',#7417);
#7419=ORIENTED_EDGE('',*,*,#4710,.F.);
#7420=ORIENTED_EDGE('',*,*,#7409,.T.);
#7421=EDGE_LOOP('',(#7419,#7420));
#7422=FACE_OUTER_BOUND('',#7421,.T.);
#7423=ORIENTED_EDGE('',*,*,#6042,.T.);
#7424=ORIENTED_EDGE('',*,*,#6589,.T.);
#7425=ORIENTED_EDGE('',*,*,#6631,.T.);
#7426=ORIENTED_EDGE('',*,*,#6615,.T.);
#7427=EDGE_LOOP('',(#7423,#7424,#7425,#7426));
#7428=FACE_BOUND('',#7427,.T.);
#7429=ADVANCED_FACE('',(#7422,#7428),#7418,.F.);
#7430=CARTESIAN_POINT('',(-8.982500000000011,-5.935924527822095,10.999999999999993));
#7431=DIRECTION('',(0.0,0.0,1.0));
#7432=DIRECTION('',(1.0,0.0,0.0));
#7433=AXIS2_PLACEMENT_3D('',#7430,#7431,#7432);
#7434=PLANE('',#7433);
#7435=ORIENTED_EDGE('',*,*,#4693,.F.);
#7436=CARTESIAN_POINT('',(-8.94999999999999,-4.231725416422943,10.999999999999993));
#7437=DIRECTION('',(0.0,1.0,0.0));
#7438=VECTOR('',#7437,8.463450832845886);
#7439=LINE('',#7436,#7438);
#7440=EDGE_CURVE('',#4679,#4721,#7439,.T.);
#7441=ORIENTED_EDGE('',*,*,#7440,.T.);
#7442=ORIENTED_EDGE('',*,*,#4727,.F.);
#7443=ORIENTED_EDGE('',*,*,#7402,.F.);
#7444=EDGE_LOOP('',(#7435,#7441,#7442,#7443));
#7445=FACE_OUTER_BOUND('',#7444,.T.);
#7446=ADVANCED_FACE('',(#7445),#7434,.F.);
#7447=CARTESIAN_POINT('',(-8.94999999999999,-4.654897958065246,14.779999999999982));
#7448=DIRECTION('',(1.0,0.0,0.0));
#7449=DIRECTION('',(0.0,0.0,-1.0));
#7450=AXIS2_PLACEMENT_3D('',#7447,#7448,#7449);
#7451=PLANE('',#7450);
#7452=ORIENTED_EDGE('',*,*,#4684,.F.);
#7453=ORIENTED_EDGE('',*,*,#4537,.F.);
#7454=ORIENTED_EDGE('',*,*,#4733,.F.);
#7455=ORIENTED_EDGE('',*,*,#7440,.F.);
#7456=EDGE_LOOP('',(#7452,#7453,#7454,#7455));
#7457=FACE_OUTER_BOUND('',#7456,.T.);
#7458=ADVANCED_FACE('',(#7457),#7451,.F.);
#7459=CARTESIAN_POINT('',(8.299999999999999,-5.93592452782212,2.599999999999989));
#7460=DIRECTION('',(-1.0,0.0,0.0));
#7461=DIRECTION('',(0.0,0.0,1.0));
#7462=AXIS2_PLACEMENT_3D('',#7459,#7460,#7461);
#7463=PLANE('',#7462);
#7464=ORIENTED_EDGE('',*,*,#4820,.F.);
#7465=CARTESIAN_POINT('',(8.299999999999999,-5.39629502529281,10.999999999999993));
#7466=DIRECTION('',(0.0,1.0,0.0));
#7467=VECTOR('',#7466,10.79259005058562);
#7468=LINE('',#7465,#7467);
#7469=EDGE_CURVE('',#4832,#4806,#7468,.T.);
#7470=ORIENTED_EDGE('',*,*,#7469,.F.);
#7471=ORIENTED_EDGE('',*,*,#4837,.F.);
#7472=CARTESIAN_POINT('',(8.299999999999999,-5.396295025292835,2.999999999999989));
#7473=DIRECTION('',(0.0,1.0,0.0));
#7474=VECTOR('',#7473,10.79259005058567);
#7475=LINE('',#7472,#7474);
#7476=EDGE_CURVE('',#4823,#4815,#7475,.T.);
#7477=ORIENTED_EDGE('',*,*,#7476,.T.);
#7478=EDGE_LOOP('',(#7464,#7470,#7471,#7477));
#7479=FACE_OUTER_BOUND('',#7478,.T.);
#7480=ADVANCED_FACE('',(#7479),#7463,.F.);
#7481=CARTESIAN_POINT('',(8.950000000000014,-4.654897958065271,10.820000000000004));
#7482=DIRECTION('',(-1.0,0.0,0.0));
#7483=DIRECTION('',(0.0,0.0,1.0));
#7484=AXIS2_PLACEMENT_3D('',#7481,#7482,#7483);
#7485=PLANE('',#7484);
#7486=ORIENTED_EDGE('',*,*,#4803,.F.);
#7487=ORIENTED_EDGE('',*,*,#4490,.F.);
#7488=ORIENTED_EDGE('',*,*,#4852,.F.);
#7489=CARTESIAN_POINT('',(8.94999999999999,-4.23172541642297,10.999999999999993));
#7490=DIRECTION('',(0.0,1.0,0.0));
#7491=VECTOR('',#7490,8.46345083284594);
#7492=LINE('',#7489,#7491);
#7493=EDGE_CURVE('',#4840,#4798,#7492,.T.);
#7494=ORIENTED_EDGE('',*,*,#7493,.T.);
#7495=EDGE_LOOP('',(#7486,#7487,#7488,#7494));
#7496=FACE_OUTER_BOUND('',#7495,.T.);
#7497=ADVANCED_FACE('',(#7496),#7485,.F.);
#7498=CARTESIAN_POINT('',(8.2675,-5.935924527822095,10.999999999999993));
#7499=DIRECTION('',(0.0,0.0,1.0));
#7500=DIRECTION('',(1.0,0.0,0.0));
#7501=AXIS2_PLACEMENT_3D('',#7498,#7499,#7500);
#7502=PLANE('',#7501);
#7503=ORIENTED_EDGE('',*,*,#4812,.F.);
#7504=ORIENTED_EDGE('',*,*,#7493,.F.);
#7505=ORIENTED_EDGE('',*,*,#4846,.F.);
#7506=ORIENTED_EDGE('',*,*,#7469,.T.);
#7507=EDGE_LOOP('',(#7503,#7504,#7505,#7506));
#7508=FACE_OUTER_BOUND('',#7507,.T.);
#7509=ADVANCED_FACE('',(#7508),#7502,.F.);
#7510=CARTESIAN_POINT('',(9.958682471392253,-5.93592452782212,2.999999999999989));
#7511=DIRECTION('',(0.0,0.0,-1.0));
#7512=DIRECTION('',(-1.0,0.0,0.0));
#7513=AXIS2_PLACEMENT_3D('',#7510,#7511,#7512);
#7514=PLANE('',#7513);
#7515=ORIENTED_EDGE('',*,*,#4829,.F.);
#7516=ORIENTED_EDGE('',*,*,#7476,.F.);
#7517=EDGE_LOOP('',(#7515,#7516));
#7518=FACE_OUTER_BOUND('',#7517,.T.);
#7519=ORIENTED_EDGE('',*,*,#6666,.T.);
#7520=ORIENTED_EDGE('',*,*,#7237,.T.);
#7521=ORIENTED_EDGE('',*,*,#7254,.T.);
#7522=ORIENTED_EDGE('',*,*,#6838,.T.);
#7523=EDGE_LOOP('',(#7519,#7520,#7521,#7522));
#7524=FACE_BOUND('',#7523,.T.);
#7525=ADVANCED_FACE('',(#7518,#7524),#7514,.F.);
#7526=CLOSED_SHELL('',(#232,#263,#303,#459,#481,#493,#515,#532,#544,#561,#578,#595,#612,#629,#646,#668,#685,#702,#719,#731,#896,#927,#967,#1123,#1145,#1157,#1179,#1196,#1208,#1225,#1242,#1259,#1276,#1293,#1310,#1332,#1349,#1366,#1383,#1395,#1470,#1618,#1677,#1702,#1718,#1731,#1763,#1778,#1803,#1819,#1832,#1864,#1879,#1938,#1955,#1975,#1995,#2007,#2017,#2114,#2145,#2169,#2193,#2217,#2241,#2265,#2289,#2313,#2337,#2366,#2383,#2541,#2577,#2606,#2637,#2666,#2695,#2724,#2748,#2772,#2796,#2820,#2849,#2878,#2907,#2936,#2965,#2989,#3006,#3052,#3083,#3114,#3151,#3188,#3225,#3262,#3299,#3330,#3361,#3392,#3429,#3466,#3503,#3540,#3577,#3608,#3639,#3676,#3713,#3750,#3787,#3818,#3855,#3892,#3929,#3957,#3992,#4146,#4300,#4331,#4354,#4370,#4394,#4425,#4456,#4618,#4634,#4645,#4669,#4883,#4895,#4912,#4943,#4960,#4977,#4989,#5035,#5081,#5103,#5119,#5137,#5412,#5443,#5467,#5491,#5508,#5539,#5570,#5587,#5604,#5635,#5652,#5669,#5681,#5705,#5729,#5746,#5758,#5782,#5806,#5823,#5835,#5859,#5883,#5900,#5912,#5947,#5971,#5999,#6016,#6028,#6187,#6218,#6235,#6259,#6283,#6307,#6331,#6355,#6379,#6403,#6427,#6451,#6475,#6499,#6523,#6547,#6571,#6595,#6619,#6652,#6811,#6842,#6866,#6890,#6914,#6938,#6962,#6986,#7010,#7034,#7058,#7082,#7106,#7130,#7154,#7171,#7195,#7219,#7243,#7276,#7330,#7339,#7367,#7379,#7391,#7413,#7429,#7446,#7458,#7480,#7497,#7509,#7525));
#7527=MANIFOLD_SOLID_BREP('P__E-Switch Secure_3D_MODELS_STP_FORMAT_RRG311xxxxx.stp',#7526);
#7528=COLOUR_RGB('',0.75,0.75,0.75);
#7529=FILL_AREA_STYLE_COLOUR('',#7528);
#7530=FILL_AREA_STYLE('',(#7529));
#7531=SURFACE_STYLE_FILL_AREA(#7530);
#7532=SURFACE_SIDE_STYLE('',(#7531));
#7533=SURFACE_STYLE_USAGE(.BOTH.,#7532);
#7534=PRESENTATION_STYLE_ASSIGNMENT((#7533));
#7535=STYLED_ITEM('',(#7534,#7543),#7527);
#7536=MECHANICAL_DESIGN_GEOMETRIC_PRESENTATION_REPRESENTATION('',(#7535),#67);
#7537=COLOUR_RGB('191,191,191',0.75,0.75,0.75);
#7538=FILL_AREA_STYLE_COLOUR('191,191,191',#7537);
#7539=FILL_AREA_STYLE('191,191,191',(#7538));
#7540=SURFACE_STYLE_FILL_AREA(#7539);
#7541=SURFACE_SIDE_STYLE('191,191,191',(#7540));
#7542=SURFACE_STYLE_USAGE(.BOTH.,#7541);
#7543=PRESENTATION_STYLE_ASSIGNMENT((#7542));
#7544=ADVANCED_BREP_SHAPE_REPRESENTATION('ABSR',(#7527),#36);
#7545=SHAPE_REPRESENTATION_RELATIONSHIP('SRR','None',#7544,#41);
ENDSEC;
END-ISO-10303-21;
